Player,stats_Nation,stats_Pos,stats_Squad,stats_Comp,stats_Age,stats_Born,stats_MP,stats_Starts,stats_Min,stats_90s,stats_Gls,stats_Ast,stats_G+A,stats_G-PK,stats_PK,stats_PKatt,stats_CrdY,stats_CrdR,stats_xG,stats_npxG,stats_xAG,stats_npxG+xAG,stats_PrgC,stats_PrgP,stats_PrgR,stats_Gls.1,stats_Ast.1,stats_G+A.1,stats_G-PK.1,stats_G+A-PK,stats_xG.1,stats_xAG.1,stats_xG+xAG,stats_npxG.1,stats_npxG+xAG.1,shooting_Nation,shooting_Pos,shooting_Squad,shooting_Comp,shooting_Age,shooting_Born,shooting_90s,shooting_Gls,shooting_Sh,shooting_SoT,shooting_SoT%,shooting_Sh/90,shooting_SoT/90,shooting_G/Sh,shooting_G/SoT,shooting_Dist,shooting_FK,shooting_PK,shooting_PKatt,shooting_xG,shooting_npxG,shooting_npxG/Sh,shooting_G-xG,shooting_np:G-xG,passing_Nation,passing_Pos,passing_Squad,passing_Comp,passing_Age,passing_Born,passing_90s,passing_Cmp,passing_Att,passing_Cmp%,passing_TotDist,passing_PrgDist,passing_Cmp.1,passing_Att.1,passing_Cmp%.1,passing_Cmp.2,passing_Att.2,passing_Cmp%.2,passing_Cmp.3,passing_Att.3,passing_Cmp%.3,passing_Ast,passing_xAG,passing_xA,passing_A-xAG,passing_KP,passing_1/3,passing_PPA,passing_CrsPA,passing_PrgP,passing_types_Nation,passing_types_Pos,passing_types_Squad,passing_types_Comp,passing_types_Age,passing_types_Born,passing_types_90s,passing_types_Att,passing_types_Live,passing_types_Dead,passing_types_FK,passing_types_TB,passing_types_Sw,passing_types_Crs,passing_types_TI,passing_types_CK,passing_types_In,passing_types_Out,passing_types_Str,passing_types_Cmp,passing_types_Off,passing_types_Blocks,gca_Nation,gca_Pos,gca_Squad,gca_Comp,gca_Age,gca_Born,gca_90s,gca_SCA,gca_SCA90,gca_PassLive,gca_PassDead,gca_TO,gca_Sh,gca_Fld,gca_Def,gca_GCA,gca_GCA90,gca_PassLive.1,gca_PassDead.1,gca_TO.1,gca_Sh.1,gca_Fld.1,gca_Def.1,defense_Nation,defense_Pos,defense_Squad,defense_Comp,defense_Age,defense_Born,defense_90s,defense_Tkl,defense_TklW,defense_Def 3rd,defense_Mid 3rd,defense_Att 3rd,defense_Tkl.1,defense_Att,defense_Tkl%,defense_Lost,defense_Blocks,defense_Sh,defense_Pass,defense_Int,defense_Tkl+Int,defense_Clr,defense_Err,possession_Nation,possession_Pos,possession_Squad,possession_Comp,possession_Age,possession_Born,possession_90s,possession_Touches,possession_Def Pen,possession_Def 3rd,possession_Mid 3rd,possession_Att 3rd,possession_Att Pen,possession_Live,possession_Att,possession_Succ,possession_Succ%,possession_Tkld,possession_Tkld%,possession_Carries,possession_TotDist,possession_PrgDist,possession_PrgC,possession_1/3,possession_CPA,possession_Mis,possession_Dis,possession_Rec,possession_PrgR,playingtime_Nation,playingtime_Pos,playingtime_Squad,playingtime_Comp,playingtime_Age,playingtime_Born,playingtime_MP,playingtime_Min,playingtime_Mn/MP,playingtime_Min%,playingtime_90s,playingtime_Starts,playingtime_Mn/Start,playingtime_Compl,playingtime_Subs,playingtime_Mn/Sub,playingtime_unSub,playingtime_PPM,playingtime_onG,playingtime_onGA,playingtime_+/-,playingtime_+/-90,playingtime_On-Off,playingtime_onxG,playingtime_onxGA,playingtime_xG+/-,playingtime_xG+/-90,playingtime_On-Off.1,misc_Nation,misc_Pos,misc_Squad,misc_Comp,misc_Age,misc_Born,misc_90s,misc_CrdY,misc_CrdR,misc_2CrdY,misc_Fls,misc_Fld,misc_Off,misc_Crs,misc_Int,misc_TklW,misc_PKwon,misc_PKcon,misc_OG,misc_Recov,misc_Won,misc_Lost,misc_Won%,first_name,last_name,full_name,market_value_in_eur,highest_market_value_in_eur
Erling Haaland,no NOR,FW,Manchester City,Premier League,24,2000,31,31,"2,736",30.4,22,3,25,19,3,4,2,0,22.0,18.8,3.0,21.8,24,20,124,0.72,0.1,0.82,0.62,0.72,0.72,0.1,0.82,0.62,0.72,no NOR,FW,Manchester City,Premier League,24,2000,30.4,22,104,55,52.9,3.42,1.81,0.18,0.35,12.3,1,3,4,22.0,18.8,0.19,0.0,0.2,no NOR,FW,Manchester City,Premier League,24,2000,30.4,255,381,66.9,3086,593,175,246,71.1,59,84,70.2,4,6,66.7,3,3.0,2.0,0.0,29,10,8,1,20,no NOR,FW,Manchester City,Premier League,24,2000,30.4,381,372,7,0,1,0,3,1,0,0,0,0,255,2,10,no NOR,FW,Manchester City,Premier League,24,2000,30.4,71,2.34,51,0,8,10,2,0,9,0.3,6,0,2,1,0,0,no NOR,FW,Manchester City,Premier League,24,2000,30.4,11,6,3,3,5,3,8,37.5,5,12,1,11,5,16,23,0,no NOR,FW,Manchester City,Premier League,24,2000,30.4,639,22,40,222,384,190,635,36,13,36.1,20,55.6,310,1494,577,24,15,23,45,27,478,124,no NOR,FW,Manchester City,Premier League,24,2000,31,"2,736",88,80.0,30.4,31,88,25,0,0,1,1.77,58,38,20,0.66,-0.39,56.2,40.5,15.7,0.52,-0.1,no NOR,FW,Manchester City,Premier League,24,2000,30.4,2,0,0,24,13,4,3,5,6,0,0,0,34,57,50,53.3,Erling,Haaland,Erling Haaland,200000000.0,200000000.0
Vinicius Junior,br BRA,FW,Real Madrid,La Liga,24,2000,30,24,"2,253",25.0,11,8,19,9,2,3,8,1,10.4,8.2,8.0,16.2,169,85,256,0.44,0.32,0.76,0.36,0.68,0.41,0.32,0.73,0.33,0.65,br BRA,FW,Real Madrid,La Liga,24,2000,25.0,11,78,24,30.8,3.12,0.96,0.12,0.38,17.5,0,2,3,10.4,8.2,0.11,0.6,0.8,br BRA,FW,Real Madrid,La Liga,24,2000,25.0,673,901,74.7,10433,2523,383,462,82.9,196,250,78.4,62,96,64.6,8,8.0,7.0,0.0,58,53,36,6,85,br BRA,FW,Real Madrid,La Liga,24,2000,25.0,901,862,29,9,15,16,56,10,8,0,0,0,673,10,45,br BRA,FW,Real Madrid,La Liga,24,2000,25.0,135,5.39,80,1,29,11,11,3,18,0.72,11,0,5,0,2,0,br BRA,FW,Real Madrid,La Liga,24,2000,25.0,21,10,7,4,10,5,18,27.8,13,9,0,9,3,24,1,2,br BRA,FW,Real Madrid,La Liga,24,2000,25.0,1264,4,75,378,839,199,1261,191,82,42.9,95,49.7,952,7763,4525,169,87,106,72,49,1059,256,br BRA,FW,Real Madrid,La Liga,24,2000,30,"2,253",75,65.9,25.0,24,86,12,6,31,0,2.1,44,24,20,0.8,-0.74,43.8,27.0,16.8,0.67,-0.54,br BRA,FW,Real Madrid,La Liga,24,2000,25.0,8,1,0,30,70,10,56,3,10,2,0,0,71,1,7,12.5,,Vinicius Junior,Vinicius Junior,200000000.0,200000000.0
Jude Bellingham,eng ENG,MF,Real Madrid,La Liga,21,2003,31,29,"2,488",27.6,9,8,17,8,1,2,5,1,11.4,9.9,3.9,13.7,74,199,143,0.33,0.29,0.61,0.29,0.58,0.41,0.14,0.55,0.36,0.5,eng ENG,MF,Real Madrid,La Liga,21,2003,27.6,9,60,22,36.7,2.17,0.8,0.13,0.36,15.6,0,1,2,11.4,9.9,0.17,-2.4,-1.9,eng ENG,MF,Real Madrid,La Liga,21,2003,27.6,1333,1548,86.1,21413,4654,715,785,91.1,476,541,88.0,112,142,78.9,8,3.9,4.5,4.1,42,130,31,0,199,eng ENG,MF,Real Madrid,La Liga,21,2003,27.6,1548,1490,48,21,22,19,18,11,1,0,0,0,1333,10,27,eng ENG,MF,Real Madrid,La Liga,21,2003,27.6,105,3.8,85,1,5,8,3,3,13,0.47,11,0,0,1,1,0,eng ENG,MF,Real Madrid,La Liga,21,2003,27.6,61,33,20,27,14,28,42,66.7,14,37,2,35,28,89,23,1,eng ENG,MF,Real Madrid,La Liga,21,2003,27.6,1881,32,239,910,752,110,1879,75,41,54.7,28,37.3,1229,6054,2818,74,61,14,54,43,1542,143,eng ENG,MF,Real Madrid,La Liga,21,2003,31,"2,488",80,72.7,27.6,29,84,19,2,28,0,2.19,61,33,28,1.01,-0.15,54.4,32.9,21.5,0.78,-0.29,eng ENG,MF,Real Madrid,La Liga,21,2003,27.6,5,1,0,33,64,9,18,28,33,1,0,0,97,30,31,49.2,Jude,Bellingham,Jude Bellingham,180000000.0,180000000.0
Lamine Yamal,es ESP,FW,Barcelona,La Liga,17,2007,35,31,"2,856",31.7,9,13,22,9,0,0,3,0,9.8,9.8,13.9,23.8,181,160,433,0.28,0.41,0.69,0.28,0.69,0.31,0.44,0.75,0.31,0.75,es ESP,FW,Barcelona,La Liga,17,2007,31.7,9,144,46,31.9,4.54,1.45,0.06,0.2,19.4,0,0,0,9.8,9.8,0.07,-0.8,-0.8,es ESP,FW,Barcelona,La Liga,17,2007,31.7,1161,1553,74.8,16208,4559,727,843,86.2,327,448,73.0,56,125,44.8,13,13.9,11.6,-0.9,64,78,95,16,160,es ESP,FW,Barcelona,La Liga,17,2007,31.7,1553,1497,48,5,33,4,108,23,20,5,0,0,1161,8,57,es ESP,FW,Barcelona,La Liga,17,2007,31.7,188,5.92,112,3,38,20,11,4,29,0.91,20,0,5,2,2,0,es ESP,FW,Barcelona,La Liga,17,2007,31.7,42,28,8,17,17,16,38,42.1,22,12,0,12,16,58,3,0,es ESP,FW,Barcelona,La Liga,17,2007,31.7,2094,9,104,667,1364,226,2094,316,161,50.9,128,40.5,1486,10141,5270,181,96,95,102,49,1723,433,es ESP,FW,Barcelona,La Liga,17,2007,35,"2,856",82,83.5,31.7,31,87,20,4,41,0,2.49,92,28,64,2.02,2.18,80.6,31.3,49.3,1.55,1.51,es ESP,FW,Barcelona,La Liga,17,2007,31.7,3,0,0,30,60,13,108,16,28,2,0,0,123,1,3,25.0,,Lamine Yamal,Lamine Yamal,180000000.0,180000000.0
Kylian Mbappe,fr FRA,FW,Real Madrid,La Liga,25,1998,34,34,"2,907",32.3,31,3,34,24,7,9,3,1,25.9,18.6,7.7,26.3,150,140,386,0.96,0.09,1.05,0.74,0.84,0.8,0.24,1.04,0.58,0.81,fr FRA,FW,Real Madrid,La Liga,25,1998,32.3,31,152,75,49.3,4.71,2.32,0.16,0.32,17.3,3,7,9,25.9,18.6,0.12,5.1,5.4,fr FRA,FW,Real Madrid,La Liga,25,1998,32.3,949,1145,82.9,13622,2382,575,652,88.2,250,292,85.6,62,78,79.5,3,7.7,6.6,-4.7,51,75,52,3,140,fr FRA,FW,Real Madrid,La Liga,25,1998,32.3,1145,1074,66,3,6,19,35,11,6,0,0,0,949,5,33,fr FRA,FW,Real Madrid,La Liga,25,1998,32.3,133,4.12,83,2,23,17,8,0,15,0.46,8,1,2,3,1,0,fr FRA,FW,Real Madrid,La Liga,25,1998,32.3,8,5,1,3,4,1,5,20.0,4,3,0,3,1,9,1,1,fr FRA,FW,Real Madrid,La Liga,25,1998,32.3,1572,1,35,439,1114,320,1563,187,83,44.4,91,48.7,1065,6987,3808,150,95,96,84,49,1355,386,fr FRA,FW,Real Madrid,La Liga,25,1998,34,"2,907",86,85.0,32.3,34,86,22,0,0,0,2.24,68,32,36,1.11,0.41,69.0,35.2,33.8,1.05,1.27,fr FRA,FW,Real Madrid,La Liga,25,1998,32.3,3,1,0,25,40,44,35,1,5,3,0,0,36,4,6,40.0,Kylian,Mbappe,Kylian Mbappe,170000000.0,200000000.0
Bukayo Saka,eng ENG,FW,Arsenal,Premier League,22,2001,25,20,"1,729",19.2,6,10,16,5,1,1,3,0,6.8,6.0,7.6,13.7,96,70,255,0.31,0.52,0.83,0.26,0.78,0.36,0.4,0.75,0.31,0.71,eng ENG,"FW,MF",Arsenal,Premier League,22,2001,19.2,6,66,22,33.3,3.44,1.15,0.08,0.23,15.6,1,1,1,6.8,6.0,0.09,-0.8,-1.0,eng ENG,"FW,MF",Arsenal,Premier League,22,2001,19.2,552,731,75.5,8408,2487,334,371,90.0,154,214,72.0,45,92,48.9,10,7.6,7.8,2.4,58,15,38,12,70,eng ENG,"FW,MF",Arsenal,Premier League,22,2001,19.2,731,644,83,7,4,2,117,12,64,56,0,2,552,4,21,eng ENG,"FW,MF",Arsenal,Premier League,22,2001,19.2,117,6.09,71,20,12,10,4,0,23,1.2,14,5,2,1,1,0,eng ENG,"FW,MF",Arsenal,Premier League,22,2001,19.2,29,15,9,11,9,13,24,54.2,11,22,0,22,3,32,8,0,eng ENG,"FW,MF",Arsenal,Premier League,22,2001,19.2,979,6,57,216,715,162,978,90,41,45.6,37,41.1,628,4253,2460,96,32,51,34,40,711,255,eng ENG,"FW,MF",Arsenal,Premier League,22,2001,25,"1,729",69,50.6,19.2,20,79,7,5,32,0,1.96,38,21,17,0.88,-0.07,34.8,17.6,17.3,0.9,0.46,eng ENG,"FW,MF",Arsenal,Premier League,22,2001,19.2,3,0,0,15,39,7,117,3,15,1,0,0,70,10,20,33.3,Bukayo,Saka,Bukayo Saka,150000000.0,150000000.0
Jamal Musiala,de GER,MF,Bayern Munich,Bundesliga,21,2003,25,21,"1,798",20.0,12,2,14,12,0,0,3,0,9.3,9.3,4.5,13.8,71,107,156,0.6,0.1,0.7,0.6,0.7,0.46,0.23,0.69,0.46,0.69,de GER,MF,Bayern Munich,Bundesliga,21,2003,20.0,12,68,31,45.6,3.4,1.55,0.18,0.39,15.1,0,0,0,9.3,9.3,0.14,2.7,2.7,de GER,MF,Bayern Munich,Bundesliga,21,2003,20.0,778,942,82.6,10803,2645,480,551,87.1,235,276,85.1,32,39,82.1,2,4.5,5.9,-2.5,41,75,24,0,107,de GER,MF,Bayern Munich,Bundesliga,21,2003,20.0,942,914,23,2,14,2,8,6,7,0,0,0,778,5,33,de GER,MF,Bayern Munich,Bundesliga,21,2003,20.0,111,5.56,70,1,22,7,9,2,9,0.45,4,0,2,1,1,1,de GER,MF,Bayern Munich,Bundesliga,21,2003,20.0,36,21,7,16,13,12,29,41.4,17,30,0,30,8,44,5,1,de GER,MF,Bayern Munich,Bundesliga,21,2003,20.0,1278,7,94,565,636,163,1278,141,72,51.1,59,41.8,792,4412,2300,71,48,36,67,33,1031,156,de GER,MF,Bayern Munich,Bundesliga,21,2003,25,"1,798",72,58.8,20.0,21,81,9,4,24,0,2.44,51,18,33,1.65,-0.77,44.6,13.6,31.0,1.55,-0.25,de GER,MF,Bayern Munich,Bundesliga,21,2003,20.0,3,0,0,20,55,2,8,8,21,1,0,0,75,7,14,33.3,Jamal,Musiala,Jamal Musiala,140000000.0,140000000.0
Florian Wirtz,de GER,MF,Leverkusen,Bundesliga,21,2003,31,25,"2,351",26.1,10,12,22,8,2,4,3,0,9.4,6.1,7.0,13.1,131,176,309,0.38,0.46,0.84,0.31,0.77,0.36,0.27,0.63,0.23,0.5,de GER,"MF,FW",Leverkusen,Bundesliga,21,2003,26.1,10,74,35,47.3,2.83,1.34,0.11,0.23,19.7,1,2,4,9.4,6.1,0.08,0.6,1.9,de GER,"MF,FW",Leverkusen,Bundesliga,21,2003,26.1,1370,1749,78.3,18566,5171,870,993,87.6,369,497,74.2,69,133,51.9,12,7.0,9.4,5.0,57,96,65,8,176,de GER,"MF,FW",Leverkusen,Bundesliga,21,2003,26.1,1749,1619,120,23,26,8,101,48,42,17,4,0,1370,10,40,de GER,"MF,FW",Leverkusen,Bundesliga,21,2003,26.1,148,5.66,107,7,23,6,4,1,26,0.99,18,0,4,3,1,0,de GER,"MF,FW",Leverkusen,Bundesliga,21,2003,26.1,32,20,10,12,10,9,22,40.9,13,32,3,29,10,42,6,1,de GER,"MF,FW",Leverkusen,Bundesliga,21,2003,26.1,2096,10,129,814,1177,137,2092,167,82,49.1,79,47.3,1217,7053,3641,131,72,53,58,47,1638,309,de GER,"MF,FW",Leverkusen,Bundesliga,21,2003,31,"2,351",76,76.8,26.1,25,87,17,6,28,0,1.94,58,32,26,1.0,0.61,44.1,27.6,16.5,0.63,0.11,de GER,"MF,FW",Leverkusen,Bundesliga,21,2003,26.1,3,0,0,22,39,11,101,10,20,1,0,0,113,9,36,20.0,Florian,Wirtz,Florian Wirtz,140000000.0,140000000.0
Federico Valverde,uy URU,MF,Real Madrid,La Liga,26,1998,36,34,"3,032",33.7,6,4,10,6,0,0,4,0,2.7,2.7,3.1,5.8,66,226,76,0.18,0.12,0.3,0.18,0.3,0.08,0.09,0.17,0.08,0.17,uy URU,"MF,DF",Real Madrid,La Liga,26,1998,33.7,6,57,22,38.6,1.69,0.65,0.11,0.27,26.8,5,0,0,2.7,2.7,0.05,3.3,3.3,uy URU,"MF,DF",Real Madrid,La Liga,26,1998,33.7,2010,2237,89.9,34974,10229,973,1037,93.8,789,841,93.8,198,262,75.6,4,3.1,3.2,0.9,39,232,31,2,226,uy URU,"MF,DF",Real Madrid,La Liga,26,1998,33.7,2237,2145,81,37,3,50,26,38,3,3,0,0,2010,11,23,uy URU,"MF,DF",Real Madrid,La Liga,26,1998,33.7,87,2.58,81,1,1,4,0,0,13,0.39,12,0,0,1,0,0,uy URU,"MF,DF",Real Madrid,La Liga,26,1998,33.7,50,30,22,23,5,29,43,67.4,14,38,8,30,55,105,52,1,uy URU,"MF,DF",Real Madrid,La Liga,26,1998,33.7,2543,98,528,1461,572,43,2543,28,16,57.1,10,35.7,1525,8009,4084,66,57,5,35,1,1905,76,uy URU,"MF,DF",Real Madrid,La Liga,26,1998,36,"3,032",84,88.7,33.7,34,88,28,2,21,1,2.25,70,31,39,1.16,0.93,68.1,35.3,32.7,0.97,1.02,uy URU,"MF,DF",Real Madrid,La Liga,26,1998,33.7,4,0,0,12,15,1,26,55,30,0,0,0,174,27,15,64.3,Federico,Valverde,Federico Valverde,130000000.0,130000000.0
Cole Palmer,eng ENG,MF,Chelsea,Premier League,22,2002,37,36,"3,191",35.5,15,8,23,11,4,5,7,0,17.3,13.3,10.9,24.2,120,214,187,0.42,0.23,0.65,0.31,0.54,0.49,0.31,0.79,0.38,0.68,eng ENG,"MF,FW",Chelsea,Premier League,22,2002,35.5,15,121,44,36.4,3.41,1.24,0.09,0.25,20.4,12,4,5,17.3,13.3,0.11,-2.3,-2.3,eng ENG,"MF,FW",Chelsea,Premier League,22,2002,35.5,1140,1480,77.0,21582,5611,470,546,86.1,470,555,84.7,173,289,59.9,8,10.9,9.1,-2.9,87,163,64,17,214,eng ENG,"MF,FW",Chelsea,Premier League,22,2002,35.5,1480,1273,198,45,22,14,144,17,75,49,5,0,1140,9,48,eng ENG,"MF,FW",Chelsea,Premier League,22,2002,35.5,202,5.7,134,21,16,21,8,2,15,0.42,11,0,2,1,1,0,eng ENG,"MF,FW",Chelsea,Premier League,22,2002,35.5,34,20,12,10,12,12,27,44.4,15,16,1,15,11,45,20,1,eng ENG,"MF,FW",Chelsea,Premier League,22,2002,35.5,1851,23,150,824,901,144,1846,113,51,45.1,46,40.7,1173,7917,3804,120,76,41,71,37,1366,187,eng ENG,"MF,FW",Chelsea,Premier League,22,2002,37,"3,191",86,93.3,35.5,36,88,26,1,32,0,1.86,63,41,22,0.62,1.01,64.8,44.1,20.7,0.58,0.65,eng ENG,"MF,FW",Chelsea,Premier League,22,2002,35.5,7,0,0,15,60,7,144,11,20,1,0,0,106,2,7,22.2,Cole,Palmer,Cole Palmer,130000000.0,130000000.0
Rodri,es ESP,FW,Betis,La Liga,24,2000,3,1,118,1.3,0,0,0,0,0,0,0,0,0.2,0.2,0.1,0.2,4,8,11,0.0,0.0,0.0,0.0,0.0,0.13,0.06,0.19,0.13,0.19,es ESP,FW,Betis,La Liga,24,2000,1.3,0,2,2,100.0,1.53,1.53,0.0,0.0,22.6,0,0,0,0.2,0.2,0.08,-0.2,-0.2,es ESP,FW,Betis,La Liga,24,2000,1.3,56,66,84.8,941,282,35,36,97.2,14,17,82.4,7,11,63.6,0,0.1,0.3,-0.1,2,4,5,0,8,es ESP,FW,Betis,La Liga,24,2000,1.3,66,61,5,1,0,1,6,1,3,2,1,0,56,0,3,es ESP,FW,Betis,La Liga,24,2000,1.3,11,8.39,7,2,0,1,0,1,0,0.0,0,0,0,0,0,0,es ESP,FW,Betis,La Liga,24,2000,1.3,2,1,1,1,0,1,2,50.0,1,2,1,1,1,3,1,1,es ESP,FW,Betis,La Liga,24,2000,1.3,86,3,22,32,33,6,86,6,2,33.3,4,66.7,57,401,183,4,3,3,5,2,63,11,es ESP,FW,Betis,La Liga,24,2000,3,118,39,3.5,1.3,1,71,0,2,24,0,0.67,0,2,-2,-1.53,-1.77,1.4,2.6,-1.2,-0.95,-1.09,es ESP,FW,Betis,La Liga,24,2000,1.3,0,0,0,2,2,1,6,1,1,0,0,0,10,0,2,0.0,,Rodri,Rodri,130000000.0,130000000.0
Phil Foden,eng ENG,MF,Manchester City,Premier League,24,2000,28,20,"1,777",19.7,7,2,9,7,0,0,2,0,5.2,5.2,4.8,9.9,50,103,128,0.35,0.1,0.46,0.35,0.46,0.26,0.24,0.5,0.26,0.5,eng ENG,"MF,FW",Manchester City,Premier League,24,2000,19.7,7,54,16,29.6,2.73,0.81,0.13,0.44,18.6,2,0,0,5.2,5.2,0.1,1.8,1.8,eng ENG,"MF,FW",Manchester City,Premier League,24,2000,19.7,791,941,84.1,12385,2615,469,516,90.9,242,271,89.3,67,112,59.8,2,4.8,5.3,-2.8,43,41,39,6,103,eng ENG,"MF,FW",Manchester City,Premier League,24,2000,19.7,941,854,83,21,7,2,80,5,46,30,8,1,791,4,26,eng ENG,"MF,FW",Manchester City,Premier League,24,2000,19.7,88,4.46,58,18,3,6,3,0,9,0.46,5,1,0,3,0,0,eng ENG,"MF,FW",Manchester City,Premier League,24,2000,19.7,13,5,5,4,4,7,18,38.9,11,13,1,12,9,22,7,1,eng ENG,"MF,FW",Manchester City,Premier League,24,2000,19.7,1139,13,85,382,681,83,1139,43,14,32.6,23,53.5,722,3720,1782,50,30,17,36,31,894,128,eng ENG,"MF,FW",Manchester City,Premier League,24,2000,28,"1,777",63,52.0,19.7,20,81,10,8,20,5,1.54,30,24,6,0.3,-0.9,31.2,28.8,2.4,0.12,-0.86,eng ENG,"MF,FW",Manchester City,Premier League,24,2000,19.7,2,0,0,5,34,3,80,9,5,0,0,0,61,3,9,25.0,Phil,Foden,Phil Foden,130000000.0,150000000.0
Pedri,es ESP,MF,Barcelona,La Liga,21,2002,37,35,"2,879",32.0,4,5,9,4,0,0,3,0,2.2,2.2,7.4,9.6,92,360,136,0.13,0.16,0.28,0.13,0.28,0.07,0.23,0.3,0.07,0.3,es ESP,MF,Barcelona,La Liga,21,2002,32.0,4,25,11,44.0,0.78,0.34,0.16,0.36,19.6,0,0,0,2.2,2.2,0.09,1.8,1.8,es ESP,MF,Barcelona,La Liga,21,2002,32.0,2404,2749,87.4,40804,10163,1159,1233,94.0,955,1071,89.2,233,323,72.1,5,7.4,9.0,-2.4,70,331,79,4,360,es ESP,MF,Barcelona,La Liga,21,2002,32.0,2749,2605,140,74,27,16,58,15,41,22,1,0,2404,4,43,es ESP,MF,Barcelona,La Liga,21,2002,32.0,165,5.16,148,8,2,2,4,1,17,0.53,15,1,1,0,0,0,es ESP,MF,Barcelona,La Liga,21,2002,32.0,61,34,14,38,9,24,70,34.3,46,45,3,42,26,87,21,1,es ESP,MF,Barcelona,La Liga,21,2002,32.0,3060,37,279,1824,988,50,3060,61,40,65.6,20,32.8,2012,11238,5463,92,103,8,48,35,2389,136,es ESP,MF,Barcelona,La Liga,21,2002,37,"2,879",78,84.2,32.0,35,81,15,2,21,0,2.3,77,30,47,1.47,-1.19,70.8,34.6,36.2,1.13,-1.09,es ESP,MF,Barcelona,La Liga,21,2002,32.0,3,0,0,10,51,2,58,26,34,0,0,0,254,7,6,53.8,,Pedri,Pedri,120000000.0,120000000.0
Declan Rice,eng ENG,MF,Arsenal,Premier League,25,1999,35,33,"2,825",31.4,4,7,11,4,0,0,7,1,3.5,3.5,6.6,10.1,90,192,94,0.13,0.22,0.35,0.13,0.35,0.11,0.21,0.32,0.11,0.32,eng ENG,MF,Arsenal,Premier League,25,1999,31.4,4,48,14,29.2,1.53,0.45,0.08,0.29,19.6,2,0,0,3.5,3.5,0.07,0.5,0.5,eng ENG,MF,Arsenal,Premier League,25,1999,31.4,1376,1650,83.4,23402,6234,678,737,92.0,553,611,90.5,117,240,48.8,7,6.6,5.6,0.4,59,137,35,5,192,eng ENG,MF,Arsenal,Premier League,25,1999,31.4,1650,1436,208,71,5,17,164,4,108,94,3,0,1376,6,15,eng ENG,MF,Arsenal,Premier League,25,1999,31.4,111,3.54,62,33,4,5,5,2,10,0.32,6,2,1,1,0,0,eng ENG,MF,Arsenal,Premier League,25,1999,31.4,53,25,22,25,6,17,41,41.5,24,27,13,14,25,78,51,0,eng ENG,MF,Arsenal,Premier League,25,1999,31.4,1948,82,325,909,733,81,1948,29,14,48.3,14,48.3,1031,6464,3394,90,58,16,36,32,1266,94,eng ENG,MF,Arsenal,Premier League,25,1999,35,"2,825",81,82.6,31.4,33,84,23,2,23,1,1.91,56,28,28,0.89,-0.17,48.8,26.8,22.0,0.7,0.17,eng ENG,MF,Arsenal,Premier League,25,1999,31.4,7,1,1,21,16,2,164,25,25,0,0,0,156,37,25,59.7,Declan,Rice,Declan Rice,110000000.0,120000000.0
Martin Odegaard,no NOR,MF,Arsenal,Premier League,25,1998,30,26,"2,325",25.8,3,8,11,2,1,1,4,0,4.8,4.0,5.4,9.5,92,258,154,0.12,0.31,0.43,0.08,0.39,0.19,0.21,0.4,0.16,0.37,no NOR,MF,Arsenal,Premier League,25,1998,25.8,3,48,15,31.3,1.86,0.58,0.04,0.13,19.2,3,1,1,4.8,4.0,0.08,-1.8,-2.0,no NOR,MF,Arsenal,Premier League,25,1998,25.8,1237,1499,82.5,19237,5460,678,749,90.5,449,517,86.8,80,146,54.8,8,5.4,6.7,2.6,63,132,86,5,258,no NOR,MF,Arsenal,Premier League,25,1998,25.8,1499,1373,114,35,25,3,86,12,37,31,0,0,1237,12,27,no NOR,MF,Arsenal,Premier League,25,1998,25.8,124,4.8,101,13,3,5,2,0,18,0.7,14,2,1,1,0,0,no NOR,MF,Arsenal,Premier League,25,1998,25.8,19,11,9,7,3,4,25,16.0,21,5,0,5,6,25,6,1,no NOR,MF,Arsenal,Premier League,25,1998,25.8,1694,9,126,708,875,115,1693,59,25,42.4,32,54.2,1174,7444,3772,92,85,26,38,40,1336,154,no NOR,MF,Arsenal,Premier League,25,1998,30,"2,325",78,68.0,25.8,26,86,14,4,23,0,2.0,50,21,29,1.12,0.63,41.1,21.7,19.4,0.75,0.25,no NOR,MF,Arsenal,Premier League,25,1998,25.8,4,0,0,12,23,1,86,6,11,0,0,0,97,8,7,53.3,Martin,Odegaard,Martin Odegaard,100000000.0,110000000.0
Alexander Isak,se SWE,FW,Newcastle Utd,Premier League,24,1999,34,34,"2,756",30.6,23,6,29,19,4,4,1,0,20.3,17.2,4.3,21.6,83,88,217,0.75,0.2,0.95,0.62,0.82,0.66,0.14,0.81,0.56,0.7,se SWE,FW,Newcastle Utd,Premier League,24,1999,30.6,23,95,41,43.2,3.1,1.34,0.2,0.46,14.5,3,4,4,20.3,17.2,0.18,2.7,1.8,se SWE,FW,Newcastle Utd,Premier League,24,1999,30.6,519,689,75.3,7434,1644,306,364,84.1,163,207,78.7,26,42,61.9,6,4.3,3.6,1.7,41,35,31,1,88,se SWE,FW,Newcastle Utd,Premier League,24,1999,30.6,689,606,77,0,6,3,16,9,3,0,0,0,519,6,24,se SWE,FW,Newcastle Utd,Premier League,24,1999,30.6,92,3.01,70,1,8,9,2,2,14,0.46,11,0,1,0,1,1,se SWE,FW,Newcastle Utd,Premier League,24,1999,30.6,12,5,2,3,7,5,15,33.3,10,18,2,16,3,15,17,1,se SWE,FW,Newcastle Utd,Premier League,24,1999,30.6,1025,20,57,386,596,189,1021,91,42,46.2,47,51.6,615,3723,1861,83,42,43,66,55,740,217,se SWE,FW,Newcastle Utd,Premier League,24,1999,34,"2,756",81,80.6,30.6,34,81,15,0,0,0,1.88,62,41,21,0.69,0.69,55.0,36.3,18.7,0.61,0.67,se SWE,FW,Newcastle Utd,Premier League,24,1999,30.6,1,0,0,27,14,20,16,3,5,1,0,0,55,26,55,32.1,Alexander,Isak,Alexander Isak,100000000.0,100000000.0
Rodrygo,br BRA,FW,Real Madrid,La Liga,23,2001,30,22,"1,928",21.4,6,5,11,6,0,0,0,0,4.0,3.9,3.0,6.9,113,108,253,0.28,0.23,0.51,0.28,0.51,0.19,0.14,0.33,0.18,0.32,br BRA,"FW,MF",Real Madrid,La Liga,23,2001,21.4,6,54,20,37.0,2.52,0.93,0.11,0.3,16.4,3,0,0,4.0,3.9,0.07,2.0,2.1,br BRA,"FW,MF",Real Madrid,La Liga,23,2001,21.4,939,1093,85.9,12276,3000,619,652,94.9,234,272,86.0,35,85,41.2,5,3.0,4.2,2.0,49,66,26,2,108,br BRA,"FW,MF",Real Madrid,La Liga,23,2001,21.4,1093,986,102,23,1,3,81,17,57,24,22,0,939,5,15,br BRA,"FW,MF",Real Madrid,La Liga,23,2001,21.4,106,4.95,66,18,13,3,5,1,9,0.42,7,0,1,0,1,0,br BRA,"FW,MF",Real Madrid,La Liga,23,2001,21.4,21,14,14,5,2,7,23,30.4,16,18,1,17,11,32,9,0,br BRA,"FW,MF",Real Madrid,La Liga,23,2001,21.4,1340,14,97,464,802,127,1340,111,49,44.1,46,41.4,889,5906,3404,113,87,50,47,15,1068,253,br BRA,"FW,MF",Real Madrid,La Liga,23,2001,30,"1,928",64,56.4,21.4,22,76,5,8,33,1,2.2,42,17,25,1.17,0.26,39.6,22.2,17.5,0.82,-0.09,br BRA,"FW,MF",Real Madrid,La Liga,23,2001,21.4,0,0,0,8,37,1,81,11,14,1,0,0,71,7,16,30.4,,Rodrygo,Rodrygo,100000000.0,110000000.0
Lautaro Martinez,ar ARG,FW,Inter,Serie A,26,1997,30,30,"2,474",27.5,12,3,15,12,0,0,1,0,13.5,13.5,4.3,17.8,34,68,197,0.44,0.11,0.55,0.44,0.55,0.47,0.15,0.62,0.47,0.62,ar ARG,FW,Inter,Serie A,26,1997,27.5,12,99,33,33.3,3.6,1.2,0.12,0.36,13.8,0,0,0,13.5,13.5,0.13,-1.5,-1.5,ar ARG,FW,Inter,Serie A,26,1997,27.5,472,634,74.4,7494,1609,264,324,81.5,152,198,76.8,41,56,73.2,3,4.3,4.3,-1.3,36,41,22,1,68,ar ARG,FW,Inter,Serie A,26,1997,27.5,634,596,30,3,9,10,11,2,0,0,0,0,472,8,21,ar ARG,FW,Inter,Serie A,26,1997,27.5,77,2.7,58,0,2,12,4,1,8,0.28,5,0,1,2,0,0,ar ARG,FW,Inter,Serie A,26,1997,27.5,30,16,10,12,8,13,25,52.0,12,21,3,18,10,40,15,0,ar ARG,FW,Inter,Serie A,26,1997,27.5,981,15,84,413,494,162,981,47,17,36.2,25,53.2,625,2739,1101,34,27,12,70,54,754,197,ar ARG,FW,Inter,Serie A,26,1997,30,"2,474",82,72.4,27.5,30,82,14,0,0,1,2.0,58,24,34,1.24,0.28,48.7,25.8,23.0,0.81,0.01,ar ARG,FW,Inter,Serie A,26,1997,27.5,1,0,0,41,40,22,11,10,16,0,0,0,73,35,38,47.9,Lautaro,Martinez,Lautaro Martinez,95000000.0,110000000.0
Harry Kane,eng ENG,FW,Bayern Munich,Bundesliga,31,1993,31,28,"2,381",26.5,26,9,35,17,9,9,5,0,20.3,13.3,5.3,18.6,29,97,143,0.98,0.34,1.32,0.64,0.98,0.77,0.2,0.97,0.5,0.7,eng ENG,FW,Bayern Munich,Bundesliga,31,1993,26.5,26,105,45,42.9,3.97,1.7,0.16,0.38,16.3,6,9,9,20.3,13.3,0.13,5.7,3.7,eng ENG,FW,Bayern Munich,Bundesliga,31,1993,26.5,509,645,78.9,9141,2258,237,284,83.5,203,234,86.8,59,83,71.1,9,5.3,5.6,3.7,35,56,36,2,97,eng ENG,FW,Bayern Munich,Bundesliga,31,1993,26.5,645,621,18,1,17,14,13,9,1,0,0,0,509,6,21,eng ENG,FW,Bayern Munich,Bundesliga,31,1993,26.5,89,3.36,59,1,9,15,5,0,21,0.79,12,0,2,4,3,0,eng ENG,FW,Bayern Munich,Bundesliga,31,1993,26.5,13,11,3,8,2,2,6,33.3,4,16,2,14,2,15,16,0,eng ENG,FW,Bayern Munich,Bundesliga,31,1993,26.5,917,20,77,333,511,162,908,53,23,43.4,29,54.7,513,2260,954,29,19,21,41,22,716,143,eng ENG,FW,Bayern Munich,Bundesliga,31,1993,31,"2,381",77,77.8,26.5,28,82,15,3,29,0,2.52,82,18,64,2.42,2.02,65.0,17.8,47.2,1.79,0.6,eng ENG,FW,Bayern Munich,Bundesliga,31,1993,26.5,5,0,0,9,21,16,13,2,11,2,0,0,61,29,20,59.2,Harry,Kane,Harry Kane,90000000.0,150000000.0
Alexis Mac Allister,ar ARG,MF,Liverpool,Premier League,25,1998,35,30,"2,599",28.9,5,5,10,5,0,0,6,0,2.8,2.8,4.7,7.5,36,177,80,0.17,0.17,0.35,0.17,0.35,0.1,0.16,0.26,0.1,0.26,ar ARG,MF,Liverpool,Premier League,25,1998,28.9,5,38,13,34.2,1.32,0.45,0.13,0.38,18.1,1,0,0,2.8,2.8,0.07,2.2,2.2,ar ARG,MF,Liverpool,Premier League,25,1998,28.9,1273,1524,83.5,20344,5748,658,729,90.3,493,558,88.4,89,160,55.6,5,4.7,5.6,0.3,45,122,35,2,177,ar ARG,MF,Liverpool,Premier League,25,1998,28.9,1524,1403,116,35,6,3,86,9,71,26,36,0,1273,5,31,ar ARG,MF,Liverpool,Premier League,25,1998,28.9,120,4.15,83,24,2,6,2,3,15,0.52,10,3,0,2,0,0,ar ARG,MF,Liverpool,Premier League,25,1998,28.9,95,58,28,51,16,55,104,52.9,49,61,6,55,22,117,29,1,ar ARG,MF,Liverpool,Premier League,25,1998,28.9,1860,56,284,960,637,60,1860,42,16,38.1,21,50.0,914,3773,2009,36,43,5,31,22,1227,80,ar ARG,MF,Liverpool,Premier League,25,1998,35,"2,599",74,76.0,28.9,30,82,17,5,26,0,2.34,69,24,45,1.56,1.56,64.2,24.3,39.9,1.38,0.98,ar ARG,MF,Liverpool,Premier League,25,1998,28.9,6,0,0,62,40,2,86,22,58,0,0,0,148,19,34,35.8,Alexis,Mac Allister,Alexis Mac Allister,90000000.0,90000000.0
Julian Alvarez,ar ARG,FW,Atletico Madrid,La Liga,24,2000,37,30,"2,509",27.9,17,4,21,13,4,4,5,0,14.1,11.0,5.3,16.3,79,92,162,0.61,0.14,0.75,0.47,0.61,0.51,0.19,0.7,0.39,0.59,ar ARG,FW,Atletico Madrid,La Liga,24,2000,27.9,17,70,36,51.4,2.51,1.29,0.19,0.36,18.3,5,4,4,14.1,11.0,0.16,2.9,2.0,ar ARG,FW,Atletico Madrid,La Liga,24,2000,27.9,717,966,74.2,10651,2652,404,486,83.1,214,267,80.1,53,114,46.5,4,5.3,5.3,-1.3,41,45,38,5,92,ar ARG,FW,Atletico Madrid,La Liga,24,2000,27.9,966,879,85,8,14,12,69,6,50,21,15,0,717,2,31,ar ARG,FW,Atletico Madrid,La Liga,24,2000,27.9,108,3.87,76,9,9,9,2,3,15,0.54,10,1,0,3,0,1,ar ARG,FW,Atletico Madrid,La Liga,24,2000,27.9,25,17,5,11,9,8,30,26.7,22,14,0,14,2,27,12,1,ar ARG,FW,Atletico Madrid,La Liga,24,2000,27.9,1238,9,105,501,649,116,1234,65,34,52.3,28,43.1,776,4621,2198,79,51,29,62,40,892,162,ar ARG,FW,Atletico Madrid,La Liga,24,2000,37,"2,509",68,73.4,27.9,30,77,12,7,29,0,1.97,48,17,31,1.11,0.42,46.2,25.4,20.8,0.75,-0.29,ar ARG,FW,Atletico Madrid,La Liga,24,2000,27.9,5,0,0,26,9,9,69,2,17,0,0,0,75,13,31,29.5,Julian,Alvarez,Julian Alvarez,90000000.0,90000000.0
Luis Diaz,co COL,FW,Liverpool,Premier League,27,1997,36,28,"2,399",26.7,13,5,18,13,0,0,2,0,12.0,12.0,5.0,17.1,108,110,293,0.49,0.19,0.68,0.49,0.68,0.45,0.19,0.64,0.45,0.64,co COL,FW,Liverpool,Premier League,27,1997,26.7,13,71,30,42.3,2.66,1.13,0.18,0.43,13.4,0,0,0,12.0,12.0,0.17,1.0,1.0,co COL,FW,Liverpool,Premier League,27,1997,26.7,736,874,84.2,11789,2533,394,445,88.5,254,295,86.1,60,74,81.1,5,5.0,4.5,0.0,56,48,46,6,110,co COL,FW,Liverpool,Premier League,27,1997,26.7,874,855,17,2,2,9,32,14,1,0,0,0,736,2,24,co COL,FW,Liverpool,Premier League,27,1997,26.7,117,4.39,88,0,16,9,4,0,16,0.6,13,0,1,0,2,0,co COL,FW,Liverpool,Premier League,27,1997,26.7,39,26,13,20,6,15,39,38.5,24,19,0,19,7,46,7,1,co COL,FW,Liverpool,Premier League,27,1997,26.7,1184,17,90,409,706,167,1184,116,53,45.7,51,44.0,780,5710,2960,108,55,56,55,49,933,293,co COL,FW,Liverpool,Premier League,27,1997,36,"2,399",67,70.1,26.7,28,79,7,8,24,2,2.25,67,21,46,1.73,1.81,61.2,24.9,36.2,1.36,0.71,co COL,FW,Liverpool,Premier League,27,1997,26.7,2,0,0,48,31,10,32,7,26,2,0,0,105,13,38,25.5,Luis,Diaz,Luis Diaz,85000000.0,85000000.0
Bruno Guimaraes,br BRA,MF,Newcastle Utd,Premier League,26,1997,38,38,"3,271",36.3,5,6,11,5,0,0,7,0,4.3,4.3,6.1,10.4,64,271,96,0.14,0.17,0.3,0.14,0.3,0.12,0.17,0.29,0.12,0.29,br BRA,MF,Newcastle Utd,Premier League,26,1997,36.3,5,45,13,28.9,1.24,0.36,0.11,0.38,16.4,0,0,0,4.3,4.3,0.1,0.7,0.7,br BRA,MF,Newcastle Utd,Premier League,26,1997,36.3,1481,1798,82.4,24436,7860,736,810,90.9,581,670,86.7,118,201,58.7,6,6.1,5.4,-0.1,52,180,77,6,271,br BRA,MF,Newcastle Utd,Premier League,26,1997,36.3,1798,1708,81,70,22,14,28,3,5,2,2,0,1481,9,38,br BRA,MF,Newcastle Utd,Premier League,26,1997,36.3,133,3.66,119,3,3,1,4,3,18,0.5,17,1,0,0,0,0,br BRA,MF,Newcastle Utd,Premier League,26,1997,36.3,83,47,41,30,12,33,69,47.8,36,36,10,26,29,112,44,5,br BRA,MF,Newcastle Utd,Premier League,26,1997,36.3,2213,83,445,1131,662,85,2213,78,34,43.6,27,34.6,1400,7763,3483,64,46,15,56,76,1652,96,br BRA,MF,Newcastle Utd,Premier League,26,1997,38,"3,271",86,95.6,36.3,38,86,21,0,0,0,1.74,68,44,24,0.66,2.47,61.4,42.8,18.6,0.51,0.7,br BRA,MF,Newcastle Utd,Premier League,26,1997,36.3,7,0,0,65,108,2,28,29,47,0,0,0,188,18,19,48.6,Bruno,Guimaraes,Bruno Guimaraes,80000000.0,85000000.0
Khvicha Kvaratskhelia,ge GEO,FW,Napoli,Serie A,23,2001,17,15,"1,178",13.1,5,3,8,4,1,1,1,0,4.1,3.4,3.7,7.0,74,57,89,0.38,0.23,0.61,0.31,0.53,0.32,0.28,0.6,0.26,0.54,ge GEO,"FW,MF",Napoli,Serie A,23,2001,13.1,5,49,16,32.7,3.74,1.22,0.08,0.25,19.4,3,1,1,4.1,3.4,0.07,0.9,0.6,ge GEO,"FW,MF",Napoli,Serie A,23,2001,13.1,352,461,76.4,5985,1769,187,212,88.2,116,142,81.7,41,75,54.7,3,3.7,3.0,-0.7,28,31,23,4,57,ge GEO,"FW,MF",Napoli,Serie A,23,2001,13.1,461,401,56,14,7,5,51,11,30,20,5,0,352,4,14,ge GEO,"FW,MF",Napoli,Serie A,23,2001,13.1,57,4.35,40,10,2,2,3,0,6,0.46,5,0,1,0,0,0,ge GEO,"FW,MF",Napoli,Serie A,23,2001,13.1,15,9,4,10,1,4,15,26.7,11,13,0,13,4,19,7,0,ge GEO,"FW,MF",Napoli,Serie A,23,2001,13.1,659,2,55,275,342,74,658,72,19,26.4,42,58.3,405,3292,1912,74,51,37,25,21,471,89,ge GEO,"FW,MF",Napoli,Serie A,23,2001,17,"1,178",69,34.4,13.1,15,76,4,2,19,0,2.24,19,6,13,0.99,0.23,18.7,9.4,9.3,0.71,0.14,ge GEO,"FW,MF",Napoli,Serie A,23,2001,13.1,1,0,0,12,33,0,51,4,9,0,0,0,45,4,5,44.4,Khvicha,Kvaratskhelia,Khvicha Kvaratskhelia,80000000.0,85000000.0
Nicolo Barella,it ITA,MF,Inter,Serie A,27,1997,32,28,"2,456",27.3,3,6,9,3,0,0,4,0,2.2,2.2,4.5,6.7,63,235,133,0.11,0.22,0.33,0.11,0.33,0.08,0.16,0.24,0.08,0.24,it ITA,MF,Inter,Serie A,27,1997,27.3,3,42,9,21.4,1.54,0.33,0.07,0.33,24.8,1,0,0,2.2,2.2,0.05,0.8,0.8,it ITA,MF,Inter,Serie A,27,1997,27.3,1484,1808,82.1,26231,7745,673,758,88.8,635,735,86.4,150,234,64.1,6,4.5,5.1,1.5,55,172,54,12,235,it ITA,MF,Inter,Serie A,27,1997,27.3,1808,1742,48,31,18,23,68,7,10,1,8,0,1484,18,28,it ITA,MF,Inter,Serie A,27,1997,27.3,112,4.07,89,7,5,5,4,2,15,0.54,14,0,1,0,0,0,it ITA,MF,Inter,Serie A,27,1997,27.3,50,31,19,20,11,26,59,44.1,33,26,3,23,12,62,16,1,it ITA,MF,Inter,Serie A,27,1997,27.3,2064,43,332,1121,634,42,2064,57,23,40.4,27,47.4,1393,6866,3158,63,47,8,29,42,1612,133,it ITA,MF,Inter,Serie A,27,1997,32,"2,456",77,71.8,27.3,28,83,18,4,30,2,2.12,56,24,32,1.17,0.05,48.2,27.1,21.1,0.76,-0.14,it ITA,MF,Inter,Serie A,27,1997,27.3,4,0,0,25,33,4,68,12,31,0,0,0,165,26,25,51.0,Nicolo,Barella,Nicolo Barella,80000000.0,80000000.0
Raphinha,br BRA,FW,Barcelona,La Liga,27,1996,36,32,"2,839",31.5,18,9,27,16,2,2,4,0,19.2,17.6,12.7,30.3,94,135,349,0.57,0.29,0.86,0.51,0.79,0.61,0.4,1.01,0.56,0.96,br BRA,"FW,MF",Barcelona,La Liga,27,1996,31.5,18,112,40,35.7,3.55,1.27,0.14,0.4,19.1,18,2,2,19.2,17.6,0.16,-1.2,-1.6,br BRA,"FW,MF",Barcelona,La Liga,27,1996,31.5,1064,1497,71.1,17773,4933,557,661,84.3,358,474,75.5,113,249,45.4,9,12.7,10.1,-3.7,91,87,67,18,135,br BRA,"FW,MF",Barcelona,La Liga,27,1996,31.5,1497,1260,225,49,11,15,215,19,140,48,41,0,1064,12,36,br BRA,"FW,MF",Barcelona,La Liga,27,1996,31.5,163,5.17,101,31,8,12,10,1,22,0.7,11,2,4,2,2,1,br BRA,"FW,MF",Barcelona,La Liga,27,1996,31.5,36,22,6,19,11,19,39,48.7,20,29,2,27,11,47,26,0,br BRA,"FW,MF",Barcelona,La Liga,27,1996,31.5,1863,31,114,661,1113,183,1861,103,52,50.5,44,42.7,1016,5592,2865,94,66,46,53,29,1316,349,br BRA,"FW,MF",Barcelona,La Liga,27,1996,36,"2,839",79,83.0,31.5,32,84,23,4,35,1,2.28,85,31,54,1.71,0.32,75.3,36.1,39.2,1.24,-0.36,br BRA,"FW,MF",Barcelona,La Liga,27,1996,31.5,4,0,0,11,37,10,215,11,22,2,0,0,94,9,6,60.0,,Raphinha,Raphinha,80000000.0,80000000.0
Dominik Szoboszlai,hu HUN,MF,Liverpool,Premier League,23,2000,36,29,"2,491",27.7,6,6,12,6,0,0,6,0,7.3,7.3,7.4,14.7,72,131,127,0.22,0.22,0.43,0.22,0.43,0.27,0.27,0.53,0.27,0.53,hu HUN,MF,Liverpool,Premier League,23,2000,27.7,6,67,22,32.8,2.42,0.79,0.09,0.27,18.9,4,0,0,7.3,7.3,0.11,-1.3,-1.3,hu HUN,MF,Liverpool,Premier League,23,2000,27.7,1114,1322,84.3,17528,3641,601,671,89.6,366,416,88.0,95,133,71.4,6,7.4,5.9,-1.4,56,88,33,5,131,hu HUN,MF,Liverpool,Premier League,23,2000,27.7,1322,1202,118,21,5,14,41,36,17,9,6,0,1114,2,27,hu HUN,MF,Liverpool,Premier League,23,2000,27.7,119,4.3,90,7,5,13,3,1,16,0.58,12,1,0,3,0,0,hu HUN,MF,Liverpool,Premier League,23,2000,27.7,38,20,14,19,5,17,45,37.8,28,39,5,34,9,47,19,2,hu HUN,MF,Liverpool,Premier League,23,2000,27.7,1584,32,220,761,626,104,1584,41,21,51.2,17,41.5,805,4223,2372,72,49,18,37,23,1073,127,hu HUN,MF,Liverpool,Premier League,23,2000,36,"2,491",69,72.8,27.7,29,80,17,7,26,0,2.22,60,29,31,1.12,-0.24,59.6,27.3,32.3,1.17,0.07,hu HUN,MF,Liverpool,Premier League,23,2000,27.7,6,0,0,44,24,4,41,9,20,0,0,0,133,19,23,45.2,Dominik,Szoboszlai,Dominik Szoboszlai,80000000.0,80000000.0
William Saliba,fr FRA,DF,Arsenal,Premier League,23,2001,35,35,"3,039",33.8,2,0,2,2,0,0,2,1,2.3,2.3,0.9,3.1,16,138,6,0.06,0.0,0.06,0.06,0.06,0.07,0.03,0.09,0.07,0.09,fr FRA,DF,Arsenal,Premier League,23,2001,33.8,2,6,2,33.3,0.18,0.06,0.33,1.0,5.4,0,0,0,2.3,2.3,0.38,-0.3,-0.3,fr FRA,DF,Arsenal,Premier League,23,2001,33.8,2413,2559,94.3,41458,12540,1026,1071,95.8,1255,1306,96.1,123,154,79.9,0,0.9,1.3,-0.9,7,180,6,0,138,fr FRA,DF,Arsenal,Premier League,23,2001,33.8,2559,2508,46,36,1,10,3,4,0,0,0,0,2413,5,4,fr FRA,DF,Arsenal,Premier League,23,2001,33.8,27,0.8,25,0,0,1,0,1,1,0.03,1,0,0,0,0,0,fr FRA,DF,Arsenal,Premier League,23,2001,33.8,62,37,37,23,2,21,28,75.0,7,25,15,10,21,83,119,7,fr FRA,DF,Arsenal,Premier League,23,2001,33.8,2824,190,1127,1571,142,18,2824,19,12,63.2,6,31.6,1756,7626,4154,16,17,1,19,8,2137,6,fr FRA,DF,Arsenal,Premier League,23,2001,35,"3,039",87,88.9,33.8,35,87,32,0,0,0,1.97,62,27,35,1.04,1.04,54.2,29.8,24.4,0.72,0.48,fr FRA,DF,Arsenal,Premier League,23,2001,33.8,2,1,0,28,17,1,3,21,37,0,1,0,154,61,36,62.9,William,Saliba,William Saliba,80000000.0,80000000.0
Michael Olise,fr FRA,FW,Bayern Munich,Bundesliga,22,2001,34,28,"2,334",25.9,12,15,27,12,0,0,3,0,9.7,9.7,12.0,21.7,119,184,381,0.46,0.58,1.04,0.46,1.04,0.38,0.46,0.84,0.38,0.84,fr FRA,"FW,MF",Bayern Munich,Bundesliga,22,2001,25.9,12,86,36,41.9,3.32,1.39,0.14,0.33,17.6,7,0,0,9.7,9.7,0.11,2.3,2.3,fr FRA,"FW,MF",Bayern Munich,Bundesliga,22,2001,25.9,1290,1585,81.4,19018,5660,809,881,91.8,397,474,83.8,67,143,46.9,15,12.0,12.5,3.0,90,89,111,13,184,fr FRA,"FW,MF",Bayern Munich,Bundesliga,22,2001,25.9,1585,1451,128,14,25,7,131,41,72,45,3,0,1290,6,44,fr FRA,"FW,MF",Bayern Munich,Bundesliga,22,2001,25.9,169,6.51,121,17,15,7,9,0,25,0.96,13,3,2,3,4,0,fr FRA,"FW,MF",Bayern Munich,Bundesliga,22,2001,25.9,36,23,10,21,5,17,38,44.7,21,23,1,22,8,44,16,2,fr FRA,"FW,MF",Bayern Munich,Bundesliga,22,2001,25.9,1957,18,107,665,1208,148,1957,151,72,47.7,60,39.7,1305,7418,3808,119,69,46,59,29,1556,381,fr FRA,"FW,MF",Bayern Munich,Bundesliga,22,2001,34,"2,334",69,76.3,25.9,28,78,10,6,24,0,2.41,70,23,47,1.81,-0.67,61.1,20.4,40.7,1.57,-0.35,fr FRA,"FW,MF",Bayern Munich,Bundesliga,22,2001,25.9,3,0,0,22,65,5,131,8,23,2,0,0,105,11,12,47.8,Michael,Olise,Michael Olise,80000000.0,80000000.0
Aurelien Tchouameni,fr FRA,DF,Real Madrid,La Liga,24,2000,32,31,"2,689",29.9,0,0,0,0,0,0,5,0,1.7,1.7,0.6,2.2,19,154,13,0.0,0.0,0.0,0.0,0.0,0.06,0.02,0.07,0.06,0.07,fr FRA,"DF,MF",Real Madrid,La Liga,24,2000,29.9,0,19,3,15.8,0.64,0.1,0.0,0.0,17.1,0,0,0,1.7,1.7,0.09,-1.7,-1.7,fr FRA,"DF,MF",Real Madrid,La Liga,24,2000,29.9,1869,2025,92.3,32598,10694,787,827,95.2,925,979,94.5,134,177,75.7,0,0.6,0.9,-0.6,5,176,9,1,154,fr FRA,"DF,MF",Real Madrid,La Liga,24,2000,29.9,2025,1936,86,57,0,9,12,6,0,0,0,0,1869,3,10,fr FRA,"DF,MF",Real Madrid,La Liga,24,2000,29.9,34,1.14,33,1,0,0,0,0,0,0.0,0,0,0,0,0,0,fr FRA,"DF,MF",Real Madrid,La Liga,24,2000,29.9,47,23,25,19,3,21,41,51.2,20,34,25,9,46,93,92,1,fr FRA,"DF,MF",Real Madrid,La Liga,24,2000,29.9,2324,216,798,1332,207,25,2324,16,10,62.5,3,18.8,1440,7111,3821,19,16,1,23,8,1689,13,fr FRA,"DF,MF",Real Madrid,La Liga,24,2000,32,"2,689",84,78.6,29.9,31,86,27,1,10,0,2.06,56,31,25,0.84,-1.01,51.1,34.5,16.6,0.56,-1.4,fr FRA,"DF,MF",Real Madrid,La Liga,24,2000,29.9,5,0,0,26,24,0,12,46,23,0,1,0,143,74,27,73.3,Aurelien,Tchouameni,Aurelien Tchouameni,80000000.0,100000000.0
Alessandro Bastoni,it ITA,DF,Inter,Serie A,25,1999,32,30,"2,333",25.9,1,5,6,1,0,0,6,1,0.8,0.8,2.3,3.2,62,162,83,0.04,0.19,0.23,0.04,0.23,0.03,0.09,0.12,0.03,0.12,it ITA,DF,Inter,Serie A,25,1999,25.9,1,12,2,16.7,0.46,0.08,0.08,0.5,13.3,0,0,0,0.8,0.8,0.06,0.2,0.2,it ITA,DF,Inter,Serie A,25,1999,25.9,1966,2225,88.4,36493,11275,832,872,95.4,882,951,92.7,226,338,66.9,5,2.3,2.8,2.7,27,128,49,24,162,it ITA,DF,Inter,Serie A,25,1999,25.9,2225,1990,223,74,3,22,61,115,0,0,0,0,1966,12,18,it ITA,DF,Inter,Serie A,25,1999,25.9,71,2.66,61,4,0,1,3,2,11,0.41,9,1,0,0,1,0,it ITA,DF,Inter,Serie A,25,1999,25.9,46,23,26,14,6,20,30,66.7,10,25,13,12,21,67,52,1,it ITA,DF,Inter,Serie A,25,1999,25.9,2446,196,824,1181,454,28,2446,16,7,43.8,5,31.3,1633,8290,4995,62,72,5,26,5,1815,83,it ITA,DF,Inter,Serie A,25,1999,32,"2,333",73,68.2,25.9,30,77,8,2,19,3,2.15,64,19,45,1.74,1.82,49.2,24.2,25.0,0.94,0.45,it ITA,DF,Inter,Serie A,25,1999,25.9,6,1,1,43,38,0,61,21,23,0,0,0,96,44,24,64.7,Alessandro,Bastoni,Alessandro Bastoni,80000000.0,80000000.0
Moises Caicedo,ec ECU,MF,Chelsea,Premier League,22,2001,38,38,"3,351",37.2,1,2,3,1,0,0,11,0,0.8,0.8,3.0,3.8,43,215,37,0.03,0.05,0.08,0.03,0.08,0.02,0.08,0.1,0.02,0.1,ec ECU,"MF,DF",Chelsea,Premier League,22,2001,37.2,1,20,3,15.0,0.54,0.08,0.05,0.33,25.3,0,0,0,0.8,0.8,0.04,0.2,0.2,ec ECU,"MF,DF",Chelsea,Premier League,22,2001,37.2,1967,2194,89.7,33834,8949,893,964,92.6,878,951,92.3,159,208,76.4,2,3.0,2.8,-1.0,30,235,34,2,215,ec ECU,"MF,DF",Chelsea,Premier League,22,2001,37.2,2194,2116,74,47,12,13,10,27,0,0,0,0,1967,4,20,ec ECU,"MF,DF",Chelsea,Premier League,22,2001,37.2,98,2.63,86,0,2,0,3,7,9,0.24,6,0,0,0,2,1,ec ECU,"MF,DF",Chelsea,Premier League,22,2001,37.2,114,73,44,54,16,54,86,62.8,32,49,10,39,49,163,60,1,ec ECU,"MF,DF",Chelsea,Premier League,22,2001,37.2,2579,95,562,1570,476,15,2579,64,29,45.3,22,34.4,1409,6882,3384,43,38,2,37,25,1780,37,ec ECU,"MF,DF",Chelsea,Premier League,22,2001,38,"3,351",88,98.0,37.2,38,88,33,0,0,0,1.82,62,42,20,0.54,-0.77,66.9,45.3,21.6,0.58,1.98,ec ECU,"MF,DF",Chelsea,Premier League,22,2001,37.2,11,0,0,70,58,0,10,49,73,2,1,0,229,35,16,68.6,Moises,Caicedo,Moises Caicedo,80000000.0,90000000.0
Josko Gvardiol,hr CRO,DF,Manchester City,Premier League,22,2002,37,36,"3,277",36.4,5,0,5,5,0,0,2,0,4.6,4.3,2.1,6.3,91,264,121,0.14,0.0,0.14,0.14,0.14,0.13,0.06,0.18,0.12,0.17,hr CRO,DF,Manchester City,Premier League,22,2002,36.4,5,40,12,30.0,1.1,0.33,0.13,0.42,12.9,0,0,0,4.6,4.3,0.11,0.4,0.7,hr CRO,DF,Manchester City,Premier League,22,2002,36.4,2454,2721,90.2,39905,10760,1198,1274,94.0,1128,1217,92.7,107,162,66.0,0,2.1,2.9,-2.1,26,247,20,1,264,hr CRO,DF,Manchester City,Premier League,22,2002,36.4,2721,2502,211,41,6,11,22,163,0,0,0,0,2454,8,33,hr CRO,DF,Manchester City,Premier League,22,2002,36.4,76,2.09,69,1,2,3,1,0,7,0.19,6,0,1,0,0,0,hr CRO,DF,Manchester City,Premier League,22,2002,36.4,58,39,25,21,12,21,40,52.5,19,42,20,22,44,102,122,8,hr CRO,DF,Manchester City,Premier League,22,2002,36.4,3103,146,764,1549,815,98,3103,43,25,58.1,14,32.6,1997,10574,6002,91,102,15,29,16,2257,121,hr CRO,DF,Manchester City,Premier League,22,2002,37,"3,277",89,95.8,36.4,36,90,33,1,45,1,1.92,70,41,29,0.8,1.43,66.4,43.3,23.1,0.63,2.34,hr CRO,DF,Manchester City,Premier League,22,2002,36.4,2,0,0,16,27,3,22,44,39,0,0,0,137,54,41,56.8,Josko,Gvardiol,Josko Gvardiol,75000000.0,80000000.0
Gabriel Magalhaes,br BRA,DF,Arsenal,Premier League,26,1997,28,28,"2,363",26.3,3,1,4,3,0,0,4,0,2.6,2.6,0.9,3.5,10,126,11,0.11,0.04,0.15,0.11,0.15,0.1,0.03,0.13,0.1,0.13,br BRA,DF,Arsenal,Premier League,26,1997,26.3,3,22,5,22.7,0.84,0.19,0.14,0.6,9.5,0,0,0,2.6,2.6,0.12,0.4,0.4,br BRA,DF,Arsenal,Premier League,26,1997,26.3,1480,1641,90.2,25788,7938,598,617,96.9,782,830,94.2,83,154,53.9,1,0.9,1.2,0.1,13,145,8,0,126,br BRA,DF,Arsenal,Premier League,26,1997,26.3,1641,1560,80,51,1,8,9,3,0,0,0,0,1480,1,8,br BRA,DF,Arsenal,Premier League,26,1997,26.3,35,1.33,31,0,0,3,1,0,6,0.23,4,0,0,1,1,0,br BRA,DF,Arsenal,Premier League,26,1997,26.3,25,15,12,8,5,12,16,75.0,4,42,29,13,16,41,93,2,br BRA,DF,Arsenal,Premier League,26,1997,26.3,1873,189,672,985,225,40,1873,5,4,80.0,1,20.0,1116,4470,2669,10,22,0,9,2,1366,11,br BRA,DF,Arsenal,Premier League,26,1997,28,"2,363",84,69.1,26.3,28,84,25,0,0,0,2.04,50,22,28,1.07,0.47,40.3,23.1,17.2,0.66,-0.05,br BRA,DF,Arsenal,Premier League,26,1997,26.3,4,0,0,19,19,0,9,16,15,1,0,0,63,53,37,58.9,Gabriel,Magalhaes,Gabriel Magalhaes,75000000.0,75000000.0
Rafael Leao,pt POR,FW,Milan,Serie A,25,1999,34,25,"2,323",25.8,8,8,16,8,0,0,5,0,7.6,7.6,8.4,15.9,123,93,262,0.31,0.31,0.62,0.31,0.62,0.29,0.32,0.62,0.29,0.62,pt POR,FW,Milan,Serie A,25,1999,25.8,8,66,29,43.9,2.56,1.12,0.12,0.28,16.6,0,0,0,7.6,7.6,0.11,0.4,0.4,pt POR,FW,Milan,Serie A,25,1999,25.8,630,849,74.2,10407,2763,320,397,80.6,257,320,80.3,42,77,54.5,8,8.4,6.2,-0.4,58,37,51,10,93,pt POR,FW,Milan,Serie A,25,1999,25.8,849,814,31,4,10,4,55,19,8,0,0,0,630,4,27,pt POR,FW,Milan,Serie A,25,1999,25.8,113,4.38,78,1,16,11,6,1,16,0.62,10,0,3,1,2,0,pt POR,FW,Milan,Serie A,25,1999,25.8,16,10,4,8,4,11,29,37.9,18,15,1,14,6,22,4,0,pt POR,FW,Milan,Serie A,25,1999,25.8,1135,7,71,455,636,152,1135,129,59,45.7,59,45.7,780,5745,3058,123,71,67,53,36,940,262,pt POR,FW,Milan,Serie A,25,1999,34,"2,323",68,67.9,25.8,25,79,11,9,38,2,1.56,45,27,18,0.7,0.7,45.7,28.9,16.8,0.65,0.19,pt POR,FW,Milan,Serie A,25,1999,25.8,5,0,0,19,52,7,55,6,10,1,0,0,66,26,20,56.5,Rafael,Leao,Rafael Leao,75000000.0,90000000.0
Marcus Thuram,fr FRA,FW,Inter,Serie A,26,1997,31,26,"2,200",24.4,14,4,18,14,0,0,1,0,9.9,9.9,4.4,14.3,62,53,170,0.57,0.16,0.74,0.57,0.74,0.39,0.17,0.56,0.39,0.56,fr FRA,FW,Inter,Serie A,26,1997,24.4,14,64,27,42.2,2.62,1.1,0.22,0.52,13.1,0,0,0,9.9,9.9,0.15,4.1,4.1,fr FRA,FW,Inter,Serie A,26,1997,24.4,412,559,73.7,5263,1082,249,325,76.6,110,139,79.1,15,23,65.2,4,4.4,4.1,-0.4,39,24,27,4,53,fr FRA,FW,Inter,Serie A,26,1997,24.4,559,525,32,0,4,2,13,0,0,0,0,0,412,2,12,fr FRA,FW,Inter,Serie A,26,1997,24.4,90,3.54,66,0,7,7,9,1,16,0.63,10,0,2,1,3,0,fr FRA,FW,Inter,Serie A,26,1997,24.4,18,8,7,5,6,3,14,21.4,11,16,3,13,3,21,15,0,fr FRA,FW,Inter,Serie A,26,1997,24.4,830,21,71,333,439,160,830,53,24,45.3,22,41.5,453,3025,1468,62,33,36,55,29,612,170,fr FRA,FW,Inter,Serie A,26,1997,31,"2,200",71,64.3,24.4,26,80,12,5,25,3,2.16,62,21,41,1.68,1.46,45.6,23.4,22.2,0.87,0.2,fr FRA,FW,Inter,Serie A,26,1997,24.4,1,0,0,30,33,13,13,3,8,2,0,0,71,45,34,57.0,Marcus,Thuram,Marcus Thuram,75000000.0,75000000.0
Enzo Fernandez,ar ARG,MF,Chelsea,Premier League,23,2001,36,32,"2,947",32.7,6,7,13,6,0,0,8,0,6.1,6.1,6.8,12.9,60,212,126,0.18,0.21,0.4,0.18,0.4,0.19,0.21,0.39,0.19,0.39,ar ARG,MF,Chelsea,Premier League,23,2001,32.7,6,53,20,37.7,1.62,0.61,0.11,0.3,18.1,2,0,0,6.1,6.1,0.11,-0.1,-0.1,ar ARG,MF,Chelsea,Premier League,23,2001,32.7,1518,1900,79.9,26776,7512,700,789,88.7,626,737,84.9,157,273,57.5,7,6.8,6.2,0.2,77,167,41,7,212,ar ARG,MF,Chelsea,Premier League,23,2001,32.7,1900,1757,134,53,14,26,109,4,74,44,12,1,1518,9,46,ar ARG,MF,Chelsea,Premier League,23,2001,32.7,147,4.49,116,16,2,4,4,5,16,0.49,13,2,0,1,0,0,ar ARG,MF,Chelsea,Premier League,23,2001,32.7,65,33,17,30,18,31,84,36.9,53,43,7,36,13,78,23,4,ar ARG,MF,Chelsea,Premier League,23,2001,32.7,2210,37,346,1129,751,81,2210,55,26,47.3,21,38.2,1211,5652,2735,60,55,9,29,28,1622,126,ar ARG,MF,Chelsea,Premier League,23,2001,36,"2,947",82,86.2,32.7,32,89,26,4,25,0,1.75,56,37,19,0.58,0.2,57.7,38.1,19.6,0.6,0.43,ar ARG,MF,Chelsea,Premier League,23,2001,32.7,8,0,0,52,54,2,109,13,33,0,0,0,156,14,29,32.6,Enzo,Fernandez,Enzo Fernandez,75000000.0,85000000.0
Omar Marmoush,eg EGY,FW,Manchester City,Premier League,25,1999,16,14,"1,175",13.1,7,0,7,7,0,0,0,0,5.5,5.5,2.8,8.3,29,37,78,0.54,0.0,0.54,0.54,0.54,0.42,0.21,0.64,0.42,0.64,eg EGY,"FW,MF",Manchester City,Premier League,25,1999,13.1,7,49,17,34.7,3.75,1.3,0.14,0.41,18.6,7,0,0,5.5,5.5,0.11,1.5,1.5,eg EGY,"FW,MF",Manchester City,Premier League,25,1999,13.1,252,318,79.2,3443,849,164,193,85.0,69,88,78.4,9,16,56.3,0,2.8,2.1,-2.8,15,10,29,4,37,eg EGY,"FW,MF",Manchester City,Premier League,25,1999,13.1,318,291,24,4,2,0,28,1,14,8,3,0,252,3,3,eg EGY,"FW,MF",Manchester City,Premier League,25,1999,13.1,39,2.99,22,3,2,5,7,0,2,0.15,1,0,0,0,1,0,eg EGY,"FW,MF",Manchester City,Premier League,25,1999,13.1,13,8,2,9,2,8,16,50.0,8,15,1,14,6,19,3,0,eg EGY,"FW,MF",Manchester City,Premier League,25,1999,13.1,504,6,34,152,326,68,504,46,20,43.5,21,45.7,320,1975,960,29,20,15,45,19,361,78,eg EGY,"FW,MF",Manchester City,Premier League,25,1999,16,"1,175",73,34.4,13.1,14,82,4,2,15,0,2.06,26,12,14,1.07,0.51,23.9,14.1,9.8,0.75,0.33,eg EGY,"FW,MF",Manchester City,Premier League,25,1999,13.1,0,0,0,15,20,10,28,6,8,1,0,0,37,5,11,31.3,Omar,Marmoush,Omar Marmoush,75000000.0,75000000.0
Ousmane Dembele,fr FRA,FW,Paris S-G,Ligue 1,27,1997,29,20,"1,730",19.2,21,6,27,20,1,1,1,0,16.6,15.8,8.2,24.0,127,137,252,1.09,0.31,1.4,1.04,1.35,0.86,0.43,1.29,0.82,1.25,fr FRA,FW,Paris S-G,Ligue 1,27,1997,19.2,21,96,49,51.0,4.99,2.55,0.21,0.41,16.0,0,1,1,16.6,15.8,0.16,4.4,4.2,fr FRA,FW,Paris S-G,Ligue 1,27,1997,19.2,844,1068,79.0,13453,3685,450,530,84.9,296,357,82.9,72,105,68.6,6,8.2,7.2,-2.2,63,93,55,3,137,fr FRA,FW,Paris S-G,Ligue 1,27,1997,19.2,1068,986,74,9,13,10,80,3,48,14,16,0,844,8,36,fr FRA,FW,Paris S-G,Ligue 1,27,1997,19.2,110,5.72,75,16,9,6,3,1,15,0.78,11,0,1,2,1,0,fr FRA,FW,Paris S-G,Ligue 1,27,1997,19.2,11,5,0,7,4,4,12,33.3,8,3,0,3,9,20,2,1,fr FRA,FW,Paris S-G,Ligue 1,27,1997,19.2,1323,2,47,481,805,161,1322,95,42,44.2,51,53.7,878,6064,3447,127,87,66,41,32,1127,252,fr FRA,FW,Paris S-G,Ligue 1,27,1997,29,"1,730",60,56.5,19.2,20,75,5,9,25,1,2.48,56,16,40,2.08,0.93,51.9,16.6,35.2,1.83,0.31,fr FRA,FW,Paris S-G,Ligue 1,27,1997,19.2,1,0,0,8,14,9,80,9,5,1,0,0,39,4,6,40.0,Ousmane,Dembele,Ousmane Dembele,75000000.0,120000000.0
Trent Alexander-Arnold,eng ENG,DF,Liverpool,Premier League,25,1998,33,28,"2,365",26.3,3,6,9,3,0,0,5,0,1.9,1.9,7.3,9.2,51,232,94,0.11,0.23,0.34,0.11,0.34,0.07,0.28,0.35,0.07,0.35,eng ENG,DF,Liverpool,Premier League,25,1998,26.3,3,45,8,17.8,1.71,0.3,0.07,0.38,23.6,3,0,0,1.9,1.9,0.04,1.1,1.1,eng ENG,DF,Liverpool,Premier League,25,1998,26.3,1448,1971,73.5,27901,11363,632,704,89.8,589,771,76.4,203,418,48.6,6,7.3,7.4,-1.3,52,207,65,20,232,eng ENG,DF,Liverpool,Premier League,25,1998,26.3,1971,1651,310,63,12,32,153,192,55,34,12,1,1448,10,36,eng ENG,DF,Liverpool,Premier League,25,1998,26.3,98,3.73,74,15,5,4,0,0,10,0.38,9,1,0,0,0,0,eng ENG,DF,Liverpool,Premier League,25,1998,26.3,72,50,44,19,9,49,105,46.7,56,26,9,17,31,103,55,4,eng ENG,DF,Liverpool,Premier League,25,1998,26.3,2253,88,593,1014,660,44,2253,37,17,45.9,17,45.9,1184,5358,2860,51,36,9,19,15,1436,94,eng ENG,DF,Liverpool,Premier League,25,1998,33,"2,365",72,69.2,26.3,28,79,12,5,29,1,2.27,67,25,42,1.6,1.34,58.6,21.7,36.9,1.4,0.84,eng ENG,DF,Liverpool,Premier League,25,1998,26.3,5,0,0,11,9,1,153,31,50,0,0,0,132,3,13,18.8,Trent,Alexander-Arnold,Trent Alexander-Arnold,75000000.0,110000000.0
Ruben Dias,pt POR,DF,Manchester City,Premier League,27,1997,27,25,"2,271",25.2,0,0,0,0,0,0,4,0,1.5,1.5,0.3,1.8,43,160,8,0.0,0.0,0.0,0.0,0.0,0.06,0.01,0.07,0.06,0.07,pt POR,DF,Manchester City,Premier League,27,1997,25.2,0,21,7,33.3,0.83,0.28,0.0,0.0,19.4,0,0,0,1.5,1.5,0.07,-1.5,-1.5,pt POR,DF,Manchester City,Premier League,27,1997,25.2,2167,2317,93.5,37644,12143,900,929,96.9,1118,1159,96.5,120,177,67.8,0,0.3,1.2,-0.3,5,222,12,0,160,pt POR,DF,Manchester City,Premier League,27,1997,25.2,2317,2234,80,43,0,10,3,2,0,0,0,0,2167,3,14,pt POR,DF,Manchester City,Premier League,27,1997,25.2,26,1.03,17,0,0,7,0,2,1,0.04,1,0,0,0,0,0,pt POR,DF,Manchester City,Premier League,27,1997,25.2,17,11,7,9,1,7,13,53.8,6,23,20,3,20,37,71,4,pt POR,DF,Manchester City,Premier League,27,1997,25.2,2499,216,837,1361,307,26,2499,3,2,66.7,1,33.3,1775,10123,6017,43,65,1,8,1,2016,8,pt POR,DF,Manchester City,Premier League,27,1997,27,"2,271",84,66.4,25.2,25,90,25,2,11,0,2.11,50,21,29,1.15,1.23,46.2,28.8,17.5,0.69,0.46,pt POR,DF,Manchester City,Premier League,27,1997,25.2,4,0,0,12,8,0,3,20,11,0,1,1,78,37,34,52.1,Ruben,Dias,Ruben Dias,70000000.0,80000000.0
Kai Havertz,de GER,FW,Arsenal,Premier League,25,1999,23,21,"1,875",20.8,9,3,12,9,0,0,5,0,9.5,9.5,2.4,12.0,35,61,113,0.43,0.14,0.58,0.43,0.58,0.46,0.12,0.57,0.46,0.57,de GER,"FW,MF",Arsenal,Premier League,25,1999,20.8,9,53,21,39.6,2.54,1.01,0.17,0.43,11.6,0,0,0,9.5,9.5,0.18,-0.5,-0.5,de GER,"FW,MF",Arsenal,Premier League,25,1999,20.8,407,519,78.4,4905,1033,286,340,84.1,95,115,82.6,5,11,45.5,3,2.4,1.7,0.6,17,27,9,1,61,de GER,"FW,MF",Arsenal,Premier League,25,1999,20.8,519,511,6,1,1,0,11,5,0,0,0,0,407,2,11,de GER,"FW,MF",Arsenal,Premier League,25,1999,20.8,42,2.02,35,0,1,6,0,0,3,0.14,2,0,0,1,0,0,de GER,"FW,MF",Arsenal,Premier League,25,1999,20.8,16,9,3,6,7,4,15,26.7,11,23,4,19,6,22,33,1,de GER,"FW,MF",Arsenal,Premier League,25,1999,20.8,785,31,92,287,411,107,785,38,9,23.7,24,63.2,418,2012,954,35,23,18,44,23,584,113,de GER,"FW,MF",Arsenal,Premier League,25,1999,23,"1,875",82,54.8,20.8,21,88,18,2,18,1,2.13,40,20,20,0.96,0.09,34.2,19.3,14.9,0.72,0.1,de GER,"FW,MF",Arsenal,Premier League,25,1999,20.8,5,0,0,38,23,14,11,6,9,0,0,0,41,63,78,44.7,Kai,Havertz,Kai Havertz,70000000.0,90000000.0
Xavi Simons,nl NED,MF,RB Leipzig,Bundesliga,21,2003,25,25,"2,150",23.9,10,6,16,10,0,0,5,0,5.1,5.1,6.3,11.4,85,140,185,0.42,0.25,0.67,0.42,0.67,0.21,0.26,0.48,0.21,0.48,nl NED,MF,RB Leipzig,Bundesliga,21,2003,23.9,10,50,23,46.0,2.09,0.96,0.2,0.43,19.4,4,0,0,5.1,5.1,0.1,4.9,4.9,nl NED,MF,RB Leipzig,Bundesliga,21,2003,23.9,944,1201,78.6,14792,3997,519,593,87.5,302,368,82.1,87,158,55.1,6,6.3,6.0,-0.3,51,79,60,4,140,nl NED,MF,RB Leipzig,Bundesliga,21,2003,23.9,1201,1061,132,40,23,4,79,9,58,20,20,1,944,8,25,nl NED,MF,RB Leipzig,Bundesliga,21,2003,23.9,108,4.52,77,13,3,3,11,1,12,0.5,8,1,1,2,0,0,nl NED,MF,RB Leipzig,Bundesliga,21,2003,23.9,28,21,5,15,8,12,26,46.2,14,19,3,16,12,40,19,1,nl NED,MF,RB Leipzig,Bundesliga,21,2003,23.9,1557,13,149,766,672,82,1557,100,33,33.0,56,56.0,869,5261,2765,85,71,22,73,55,1112,185,nl NED,MF,RB Leipzig,Bundesliga,21,2003,25,"2,150",86,70.3,23.9,25,86,18,0,0,0,1.6,38,28,10,0.42,0.91,32.5,36.3,-3.8,-0.16,0.14,nl NED,MF,RB Leipzig,Bundesliga,21,2003,23.9,5,0,0,24,56,5,79,12,21,0,0,0,128,19,26,42.2,Xavi,Simons,Xavi Simons,70000000.0,80000000.0
Nico Williams,es ESP,FW,Athletic Club,La Liga,22,2002,29,22,"1,996",22.2,5,5,10,5,0,0,1,0,4.2,4.2,3.5,7.7,118,69,254,0.23,0.23,0.45,0.23,0.45,0.19,0.16,0.35,0.19,0.35,es ESP,FW,Athletic Club,La Liga,22,2002,22.2,5,54,19,35.2,2.43,0.86,0.09,0.26,17.6,1,0,0,4.2,4.2,0.08,0.8,0.8,es ESP,FW,Athletic Club,La Liga,22,2002,22.2,497,705,70.5,7797,1800,283,338,83.7,160,214,74.8,39,88,44.3,5,3.5,4.2,1.5,40,23,29,8,69,es ESP,FW,Athletic Club,La Liga,22,2002,22.2,705,640,60,8,0,3,107,12,40,12,20,0,497,5,36,es ESP,FW,Athletic Club,La Liga,22,2002,22.2,112,5.05,67,13,21,3,5,3,13,0.59,9,2,1,0,1,0,es ESP,FW,Athletic Club,La Liga,22,2002,22.2,28,18,10,11,7,11,32,34.4,21,20,1,19,7,35,9,0,es ESP,FW,Athletic Club,La Liga,22,2002,22.2,1064,8,84,333,671,113,1064,187,68,36.4,104,55.6,697,5556,2949,118,58,58,62,46,767,254,es ESP,FW,Athletic Club,La Liga,22,2002,29,"1,996",69,58.4,22.2,22,82,12,7,26,0,1.83,31,16,15,0.68,0.04,30.7,21.6,9.1,0.41,0.03,es ESP,FW,Athletic Club,La Liga,22,2002,22.2,1,0,0,17,35,10,107,7,18,0,0,0,96,11,17,39.3,Nico,Williams,Nico Williams,70000000.0,70000000.0
Ryan Gravenberch,nl NED,MF,Liverpool,Premier League,22,2002,37,37,"3,160",35.1,0,4,4,0,0,0,6,1,1.1,1.1,3.1,4.2,70,181,55,0.0,0.11,0.11,0.0,0.11,0.03,0.09,0.12,0.03,0.12,nl NED,MF,Liverpool,Premier League,22,2002,35.1,0,20,5,25.0,0.57,0.14,0.0,0.0,24.5,0,0,0,1.1,1.1,0.06,-1.1,-1.1,nl NED,MF,Liverpool,Premier League,22,2002,35.1,1718,1927,89.2,25904,6528,917,991,92.5,680,737,92.3,64,104,61.5,4,3.1,3.5,0.9,26,151,35,2,181,nl NED,MF,Liverpool,Premier League,22,2002,35.1,1927,1889,32,16,8,7,7,10,0,0,0,0,1718,6,15,nl NED,MF,Liverpool,Premier League,22,2002,35.1,68,1.94,60,0,5,2,0,1,6,0.17,6,0,0,0,0,0,nl NED,MF,Liverpool,Premier League,22,2002,35.1,69,35,27,29,13,32,56,57.1,24,35,10,25,60,129,59,2,nl NED,MF,Liverpool,Premier League,22,2002,35.1,2343,117,509,1354,512,26,2343,81,37,45.7,30,37.0,1396,7452,3742,70,75,10,55,26,1669,55,nl NED,MF,Liverpool,Premier League,22,2002,37,"3,160",85,92.4,35.1,37,85,27,0,0,0,2.27,79,35,44,1.25,0.91,76.2,33.3,42.8,1.22,0.96,nl NED,MF,Liverpool,Premier League,22,2002,35.1,6,1,0,47,52,0,7,60,35,0,0,0,193,26,14,65.0,Ryan,Gravenberch,Ryan Gravenberch,70000000.0,70000000.0
Cody Gakpo,nl NED,FW,Liverpool,Premier League,25,1999,35,23,"1,935",21.5,10,4,14,10,0,0,5,0,7.1,7.1,4.4,11.5,59,52,278,0.47,0.19,0.65,0.47,0.65,0.33,0.2,0.53,0.33,0.53,nl NED,FW,Liverpool,Premier League,25,1999,21.5,10,57,22,38.6,2.65,1.02,0.18,0.45,15.1,0,0,0,7.1,7.1,0.12,2.9,2.9,nl NED,FW,Liverpool,Premier League,25,1999,21.5,480,634,75.7,6870,1656,298,343,86.9,149,225,66.2,19,36,52.8,4,4.4,3.8,-0.4,38,24,27,8,52,nl NED,FW,Liverpool,Premier League,25,1999,21.5,634,616,16,4,3,4,74,11,1,0,0,0,480,2,10,nl NED,FW,Liverpool,Premier League,25,1999,21.5,80,3.72,57,0,9,7,5,2,8,0.37,3,0,3,1,1,0,nl NED,FW,Liverpool,Premier League,25,1999,21.5,28,16,6,13,9,13,25,52.0,12,23,3,20,12,40,19,1,nl NED,FW,Liverpool,Premier League,25,1999,21.5,888,28,91,258,557,110,888,61,31,50.8,21,34.4,605,4320,2208,59,34,28,45,24,677,278,nl NED,FW,Liverpool,Premier League,25,1999,35,"1,935",55,56.6,21.5,23,73,6,12,21,0,2.2,45,25,20,0.93,-0.58,45.3,21.6,23.8,1.11,-0.09,nl NED,FW,Liverpool,Premier League,25,1999,21.5,5,0,0,20,31,5,74,12,16,1,0,0,77,17,26,39.5,Cody,Gakpo,Cody Gakpo,70000000.0,70000000.0
Pau Cubarsi,es ESP,DF,Barcelona,La Liga,17,2007,35,29,"2,618",29.1,0,3,3,0,0,0,3,0,0.8,0.8,1.6,2.5,26,191,6,0.0,0.1,0.1,0.0,0.1,0.03,0.06,0.08,0.03,0.08,es ESP,DF,Barcelona,La Liga,17,2007,29.1,0,8,0,0.0,0.28,0.0,0.0,0.0,8.9,0,0,0,0.8,0.8,0.1,-0.8,-0.8,es ESP,DF,Barcelona,La Liga,17,2007,29.1,2434,2604,93.5,45654,16006,826,867,95.3,1387,1438,96.5,195,251,77.7,3,1.6,1.0,1.4,9,210,4,1,191,es ESP,DF,Barcelona,La Liga,17,2007,29.1,2604,2516,84,67,4,7,2,7,0,0,0,0,2434,4,6,es ESP,DF,Barcelona,La Liga,17,2007,29.1,35,1.2,34,0,0,1,0,0,6,0.21,5,0,0,1,0,0,es ESP,DF,Barcelona,La Liga,17,2007,29.1,34,23,21,10,3,19,30,63.3,11,12,9,3,16,50,86,1,es ESP,DF,Barcelona,La Liga,17,2007,29.1,2805,194,1045,1672,93,17,2805,8,6,75.0,2,25.0,1823,8964,4999,26,16,0,7,1,2193,6,es ESP,DF,Barcelona,La Liga,17,2007,35,"2,618",75,76.5,29.1,29,84,20,6,30,3,2.26,81,32,49,1.68,0.11,66.7,32.5,34.2,1.18,-0.55,es ESP,DF,Barcelona,La Liga,17,2007,29.1,3,0,0,24,9,0,2,16,23,0,1,0,102,62,44,58.5,Pau,Cubarsi,Pau Cubarsi,70000000.0,70000000.0
Gavi,es ESP,MF,Barcelona,La Liga,19,2004,26,14,"1,085",12.1,1,1,2,1,0,0,4,0,0.9,0.9,1.6,2.4,13,77,42,0.08,0.08,0.17,0.08,0.17,0.07,0.13,0.2,0.07,0.2,es ESP,"MF,FW",Barcelona,La Liga,19,2004,12.1,1,11,1,9.1,0.91,0.08,0.09,1.0,15.3,0,0,0,0.9,0.9,0.08,0.1,0.1,es ESP,"MF,FW",Barcelona,La Liga,19,2004,12.1,733,814,90.0,10848,2687,401,422,95.0,254,283,89.8,35,44,79.5,1,1.6,1.5,-0.6,14,92,11,1,77,es ESP,"MF,FW",Barcelona,La Liga,19,2004,12.1,814,792,21,13,1,5,9,5,1,0,0,0,733,1,7,es ESP,"MF,FW",Barcelona,La Liga,19,2004,12.1,39,3.24,37,0,1,1,0,0,4,0.33,4,0,0,0,0,0,es ESP,"MF,FW",Barcelona,La Liga,19,2004,12.1,30,21,10,15,5,15,26,57.7,11,14,1,13,10,40,7,0,es ESP,"MF,FW",Barcelona,La Liga,19,2004,12.1,943,10,107,601,240,34,943,18,9,50.0,5,27.8,557,2274,1128,13,16,1,19,9,712,42,es ESP,"MF,FW",Barcelona,La Liga,19,2004,26,"1,085",42,31.7,12.1,14,69,4,12,10,3,2.12,26,12,14,1.16,-0.73,29.1,10.9,18.1,1.5,0.29,es ESP,"MF,FW",Barcelona,La Liga,19,2004,12.1,4,0,0,38,26,1,9,10,21,0,0,0,61,21,26,44.7,,Gavi,Gavi,70000000.0,90000000.0
Bradley Barcola,fr FRA,FW,Paris S-G,Ligue 1,21,2002,34,27,"2,181",24.2,14,10,24,14,0,0,2,0,13.4,13.4,10.1,23.5,137,96,374,0.58,0.41,0.99,0.58,0.99,0.55,0.42,0.97,0.55,0.97,fr FRA,FW,Paris S-G,Ligue 1,21,2002,24.2,14,74,38,51.4,3.05,1.57,0.19,0.37,13.2,0,0,0,13.4,13.4,0.18,0.6,0.6,fr FRA,FW,Paris S-G,Ligue 1,21,2002,24.2,749,917,81.7,10250,2486,485,546,88.8,225,275,81.8,20,33,60.6,10,10.1,5.9,-0.1,50,28,51,4,96,fr FRA,FW,Paris S-G,Ligue 1,21,2002,24.2,917,894,19,5,6,2,25,12,2,0,0,0,749,4,22,fr FRA,FW,Paris S-G,Ligue 1,21,2002,24.2,101,4.17,87,1,5,4,2,2,20,0.83,17,0,1,2,0,0,fr FRA,FW,Paris S-G,Ligue 1,21,2002,24.2,27,17,10,8,9,8,31,25.8,23,25,2,23,19,46,12,0,fr FRA,FW,Paris S-G,Ligue 1,21,2002,24.2,1278,13,84,393,814,214,1278,137,34,24.8,94,68.6,855,5835,3505,137,65,95,64,20,1019,374,fr FRA,FW,Paris S-G,Ligue 1,21,2002,34,"2,181",64,71.3,24.2,27,74,7,7,28,0,2.47,66,21,45,1.86,0.63,63.5,19.2,44.3,1.83,0.46,fr FRA,FW,Paris S-G,Ligue 1,21,2002,24.2,2,0,0,30,22,7,25,19,17,0,0,0,67,14,7,66.7,Bradley,Barcola,Bradley Barcola,70000000.0,70000000.0
Eduardo Camavinga,fr FRA,MF,Real Madrid,La Liga,21,2002,19,11,"1,102",12.2,1,2,3,1,0,0,2,0,0.4,0.4,0.8,1.2,26,61,31,0.08,0.16,0.25,0.08,0.25,0.04,0.06,0.1,0.04,0.1,fr FRA,"MF,DF",Real Madrid,La Liga,21,2002,12.2,1,8,2,25.0,0.65,0.16,0.13,0.5,18.5,0,0,0,0.4,0.4,0.05,0.6,0.6,fr FRA,"MF,DF",Real Madrid,La Liga,21,2002,12.2,700,793,88.3,11361,3012,344,367,93.7,296,319,92.8,43,66,65.2,2,0.8,0.7,1.2,11,61,5,0,61,fr FRA,"MF,DF",Real Madrid,La Liga,21,2002,12.2,793,746,42,17,4,4,2,25,0,0,0,0,700,5,11,fr FRA,"MF,DF",Real Madrid,La Liga,21,2002,12.2,31,2.54,25,1,2,0,3,0,2,0.16,2,0,0,0,0,0,fr FRA,"MF,DF",Real Madrid,La Liga,21,2002,12.2,42,26,23,16,3,19,33,57.6,14,24,8,16,18,60,23,0,fr FRA,"MF,DF",Real Madrid,La Liga,21,2002,12.2,957,49,272,494,207,15,957,31,15,48.4,10,32.3,565,3051,1699,26,27,7,7,11,643,31,fr FRA,"MF,DF",Real Madrid,La Liga,21,2002,19,"1,102",58,32.2,12.2,11,84,8,8,22,1,2.21,24,10,14,1.14,0.13,21.0,12.6,8.3,0.68,-0.25,fr FRA,"MF,DF",Real Madrid,La Liga,21,2002,12.2,2,0,0,21,31,1,2,18,26,0,1,0,90,20,18,52.6,Eduardo,Camavinga,Eduardo Camavinga,70000000.0,100000000.0
Benjamin Sesko,si SVN,FW,RB Leipzig,Bundesliga,21,2003,33,30,"2,380",26.4,13,5,18,11,2,2,2,1,10.0,8.4,2.1,10.5,47,46,141,0.49,0.19,0.68,0.42,0.61,0.38,0.08,0.46,0.32,0.4,si SVN,"FW,MF",RB Leipzig,Bundesliga,21,2003,26.4,13,66,29,43.9,2.5,1.1,0.17,0.38,17.5,0,2,2,10.0,8.4,0.13,3.0,2.6,si SVN,"FW,MF",RB Leipzig,Bundesliga,21,2003,26.4,415,614,67.6,5132,1145,268,356,75.3,94,144,65.3,13,21,61.9,5,2.1,1.7,2.9,19,25,9,0,46,si SVN,"FW,MF",RB Leipzig,Bundesliga,21,2003,26.4,614,590,21,1,3,1,7,3,0,0,0,0,415,3,26,si SVN,"FW,MF",RB Leipzig,Bundesliga,21,2003,26.4,51,1.93,31,0,11,7,2,0,9,0.34,4,0,2,2,1,0,si SVN,"FW,MF",RB Leipzig,Bundesliga,21,2003,26.4,7,3,0,4,3,3,11,27.3,8,15,4,11,5,12,20,0,si SVN,"FW,MF",RB Leipzig,Bundesliga,21,2003,26.4,901,25,90,473,357,91,899,75,39,52.0,32,42.7,444,2670,1230,47,29,14,66,55,692,141,si SVN,"FW,MF",RB Leipzig,Bundesliga,21,2003,33,"2,380",72,77.8,26.4,30,78,9,3,18,0,1.52,41,34,7,0.26,0.53,33.6,39.0,-5.3,-0.2,-0.01,si SVN,"FW,MF",RB Leipzig,Bundesliga,21,2003,26.4,2,1,1,26,20,18,7,5,3,0,0,0,62,70,49,58.8,Benjamin,Sesko,Benjamin Sesko,65000000.0,65000000.0
Achraf Hakimi,ma MAR,DF,Paris S-G,Ligue 1,25,1998,25,24,"2,066",23.0,4,6,10,4,0,0,4,0,2.9,2.9,6.2,9.1,93,183,274,0.17,0.26,0.44,0.17,0.44,0.13,0.27,0.4,0.13,0.4,ma MAR,DF,Paris S-G,Ligue 1,25,1998,23.0,4,32,12,37.5,1.39,0.52,0.13,0.33,19.2,5,0,0,2.9,2.9,0.09,1.1,1.1,ma MAR,DF,Paris S-G,Ligue 1,25,1998,23.0,1898,2140,88.7,26053,7482,1187,1266,93.8,573,644,89.0,63,96,65.6,6,6.2,5.3,-0.2,50,138,37,9,183,ma MAR,DF,Paris S-G,Ligue 1,25,1998,23.0,2140,1949,188,34,2,8,80,150,4,0,1,0,1898,3,32,ma MAR,DF,Paris S-G,Ligue 1,25,1998,23.0,104,4.53,91,3,4,1,3,2,11,0.48,10,0,1,0,0,0,ma MAR,DF,Paris S-G,Ligue 1,25,1998,23.0,48,36,18,20,10,27,55,49.1,28,25,2,23,31,79,18,3,ma MAR,DF,Paris S-G,Ligue 1,25,1998,23.0,2371,40,430,980,974,81,2371,52,26,50.0,21,40.4,1384,6025,3501,93,57,21,38,15,1817,274,ma MAR,DF,Paris S-G,Ligue 1,25,1998,25,"2,066",83,67.5,23.0,24,85,20,1,17,2,2.64,65,20,45,1.96,0.87,64.6,20.1,44.6,1.94,0.75,ma MAR,DF,Paris S-G,Ligue 1,25,1998,23.0,4,0,0,19,25,8,80,31,36,0,0,0,136,9,12,42.9,Achraf,Hakimi,Achraf Hakimi,65000000.0,70000000.0
Joao Neves,pt POR,MF,Paris S-G,Ligue 1,19,2004,29,22,"1,844",20.5,3,8,11,3,0,0,1,0,3.0,3.0,4.0,7.0,35,144,80,0.15,0.39,0.54,0.15,0.54,0.15,0.2,0.34,0.15,0.34,pt POR,"MF,DF",Paris S-G,Ligue 1,19,2004,20.5,3,28,11,39.3,1.37,0.54,0.11,0.27,13.7,0,0,0,3.0,3.0,0.11,0.0,0.0,pt POR,"MF,DF",Paris S-G,Ligue 1,19,2004,20.5,1491,1634,91.2,23851,5397,787,834,94.4,570,611,93.3,101,130,77.7,8,4.0,3.9,4.0,33,128,22,2,144,pt POR,"MF,DF",Paris S-G,Ligue 1,19,2004,20.5,1634,1538,93,35,11,17,15,48,0,0,0,0,1491,3,13,pt POR,"MF,DF",Paris S-G,Ligue 1,19,2004,20.5,68,3.32,56,1,3,2,3,3,14,0.68,14,0,0,0,0,0,pt POR,"MF,DF",Paris S-G,Ligue 1,19,2004,20.5,63,31,20,26,17,27,45,60.0,18,29,9,20,23,86,22,1,pt POR,"MF,DF",Paris S-G,Ligue 1,19,2004,20.5,1851,46,323,1051,494,55,1851,30,16,53.3,11,36.7,1018,4913,2262,35,44,3,26,16,1397,80,pt POR,"MF,DF",Paris S-G,Ligue 1,19,2004,29,"1,844",64,60.3,20.5,22,78,11,7,20,4,2.52,60,23,37,1.81,0.33,52.5,20.9,31.6,1.54,-0.39,pt POR,"MF,DF",Paris S-G,Ligue 1,19,2004,20.5,1,0,0,17,33,3,15,23,31,0,0,0,123,21,12,63.6,Joao,Neves,Joao Neves,65000000.0,65000000.0
Anthony Gordon,eng ENG,FW,Newcastle Utd,Premier League,23,2001,34,28,"2,434",27.0,6,5,11,5,1,2,2,0,8.0,6.5,5.0,11.4,121,98,214,0.22,0.18,0.41,0.18,0.37,0.3,0.18,0.48,0.24,0.42,eng ENG,"FW,MF",Newcastle Utd,Premier League,23,2001,27.0,6,57,16,28.1,2.11,0.59,0.09,0.31,17.0,1,1,2,8.0,6.5,0.11,-2.0,-1.5,eng ENG,"FW,MF",Newcastle Utd,Premier League,23,2001,27.0,720,982,73.3,11128,3642,397,464,85.6,244,312,78.2,56,125,44.8,5,5.0,5.1,0.0,51,65,55,17,98,eng ENG,"FW,MF",Newcastle Utd,Premier League,23,2001,27.0,982,857,117,24,9,4,131,34,53,35,7,0,720,8,38,eng ENG,"FW,MF",Newcastle Utd,Premier League,23,2001,27.0,101,3.74,73,10,7,3,8,0,12,0.44,9,1,1,0,1,0,eng ENG,"FW,MF",Newcastle Utd,Premier League,23,2001,27.0,32,18,9,18,5,12,37,32.4,25,25,2,23,7,39,9,3,eng ENG,"FW,MF",Newcastle Utd,Premier League,23,2001,27.0,1267,16,125,475,687,128,1265,103,38,36.9,47,45.6,818,6099,3295,121,62,56,36,38,924,214,eng ENG,"FW,MF",Newcastle Utd,Premier League,23,2001,34,"2,434",72,71.2,27.0,28,81,9,6,26,0,1.68,43,33,10,0.37,-0.63,45.7,31.8,13.8,0.51,0.11,eng ENG,"FW,MF",Newcastle Utd,Premier League,23,2001,27.0,2,0,0,20,71,8,131,7,18,1,0,0,97,8,8,50.0,Anthony,Gordon,Anthony Gordon,65000000.0,65000000.0
Ademola Lookman,ng NGA,MF,Atalanta,Serie A,26,1997,31,28,"2,247",25.0,15,5,20,14,1,1,4,0,10.3,9.5,7.1,16.7,142,73,316,0.6,0.2,0.8,0.56,0.76,0.41,0.29,0.7,0.38,0.67,ng NGA,"MF,FW",Atalanta,Serie A,26,1997,25.0,15,81,32,39.5,3.24,1.28,0.17,0.44,14.7,0,1,1,10.3,9.5,0.12,4.7,4.5,ng NGA,"MF,FW",Atalanta,Serie A,26,1997,25.0,684,944,72.5,9662,2659,436,502,86.9,178,256,69.5,42,96,43.8,5,7.1,7.9,-2.1,61,29,43,13,73,ng NGA,"MF,FW",Atalanta,Serie A,26,1997,25.0,944,842,97,4,3,1,124,9,84,39,23,1,684,5,35,ng NGA,"MF,FW",Atalanta,Serie A,26,1997,25.0,135,5.41,75,25,17,15,2,1,15,0.6,10,0,3,1,1,0,ng NGA,"MF,FW",Atalanta,Serie A,26,1997,25.0,32,15,9,15,8,11,19,57.9,8,19,0,19,3,35,5,1,ng NGA,"MF,FW",Atalanta,Serie A,26,1997,25.0,1274,1,68,400,824,199,1273,104,37,35.6,64,61.5,827,5454,3170,142,70,81,72,51,974,316,ng NGA,"MF,FW",Atalanta,Serie A,26,1997,31,"2,247",72,65.7,25.0,28,76,7,3,42,2,2.03,50,23,27,1.08,0.01,42.8,22.4,20.4,0.82,0.36,ng NGA,"MF,FW",Atalanta,Serie A,26,1997,25.0,4,0,0,31,20,26,124,3,15,0,0,0,69,17,13,56.7,Ademola,Lookman,Ademola Lookman,60000000.0,60000000.0
Alejandro Balde,es ESP,DF,Barcelona,La Liga,20,2003,32,26,"2,284",25.4,0,4,4,0,0,0,2,0,0.5,0.5,3.4,3.9,107,93,246,0.0,0.16,0.16,0.0,0.16,0.02,0.13,0.15,0.02,0.15,es ESP,DF,Barcelona,La Liga,20,2003,25.4,0,12,3,25.0,0.47,0.12,0.0,0.0,22.0,0,0,0,0.5,0.5,0.04,-0.5,-0.5,es ESP,DF,Barcelona,La Liga,20,2003,25.4,1306,1484,88.0,19158,3986,734,785,93.5,495,547,90.5,43,71,60.6,4,3.4,2.8,0.6,26,51,39,11,93,es ESP,DF,Barcelona,La Liga,20,2003,25.4,1484,1287,193,32,3,2,67,161,0,0,0,0,1306,4,28,es ESP,DF,Barcelona,La Liga,20,2003,25.4,76,2.99,60,3,3,3,7,0,12,0.47,10,0,0,0,2,0,es ESP,DF,Barcelona,La Liga,20,2003,25.4,18,10,10,5,3,11,17,64.7,6,24,5,19,5,23,27,0,es ESP,DF,Barcelona,La Liga,20,2003,25.4,1721,38,310,843,596,47,1721,110,46,41.8,44,40.0,1075,6639,3463,107,68,16,44,27,1245,246,es ESP,DF,Barcelona,La Liga,20,2003,32,"2,284",71,66.8,25.4,26,81,13,6,30,3,2.25,66,22,44,1.73,0.23,61.5,26.3,35.2,1.39,0.25,es ESP,DF,Barcelona,La Liga,20,2003,25.4,2,0,0,16,37,0,67,5,10,0,0,0,122,16,9,64.0,Alejandro,Balde,Alejandro Balde,60000000.0,60000000.0
Vitinha,pt POR,FW,Genoa,Serie A,24,2000,25,16,"1,328",14.8,2,3,5,2,0,0,2,0,1.6,1.6,3.3,5.0,38,19,71,0.14,0.2,0.34,0.14,0.34,0.11,0.23,0.34,0.11,0.34,pt POR,"FW,MF",Genoa,Serie A,24,2000,14.8,2,33,5,15.2,2.24,0.34,0.06,0.4,20.3,1,0,0,1.6,1.6,0.05,0.4,0.4,pt POR,"FW,MF",Genoa,Serie A,24,2000,14.8,191,322,59.3,2886,753,107,142,75.4,61,98,62.2,15,38,39.5,3,3.3,2.0,-0.3,16,12,10,7,19,pt POR,"FW,MF",Genoa,Serie A,24,2000,14.8,322,290,31,10,3,2,45,8,2,0,2,0,191,1,21,pt POR,"FW,MF",Genoa,Serie A,24,2000,14.8,41,2.78,25,4,5,2,5,0,3,0.2,3,0,0,0,0,0,pt POR,"FW,MF",Genoa,Serie A,24,2000,14.8,23,8,12,6,5,11,30,36.7,19,14,2,12,12,35,22,0,pt POR,"FW,MF",Genoa,Serie A,24,2000,14.8,572,32,91,255,242,54,572,68,22,32.4,42,61.8,309,2034,987,38,27,16,54,34,348,71,pt POR,"FW,MF",Genoa,Serie A,24,2000,25,"1,328",53,38.8,14.8,16,70,3,9,23,1,1.08,16,23,-7,-0.47,-0.26,15.2,19.0,-3.9,-0.26,0.0,pt POR,"FW,MF",Genoa,Serie A,24,2000,14.8,2,0,0,23,25,8,45,12,8,0,0,0,53,31,28,52.5,,Vitinha,Vitinha,60000000.0,60000000.0
Lois Openda,be BEL,FW,RB Leipzig,Bundesliga,24,2000,33,28,"2,453",27.3,9,5,14,9,0,1,5,1,9.0,8.2,3.4,11.6,58,47,229,0.33,0.18,0.51,0.33,0.51,0.33,0.12,0.45,0.3,0.43,be BEL,"FW,MF",RB Leipzig,Bundesliga,24,2000,27.3,9,77,31,40.3,2.83,1.14,0.12,0.29,16.8,2,0,1,9.0,8.2,0.11,0.0,0.8,be BEL,"FW,MF",RB Leipzig,Bundesliga,24,2000,27.3,377,591,63.8,4849,996,233,321,72.6,86,140,61.4,22,38,57.9,5,3.4,2.3,1.6,28,24,20,1,47,be BEL,"FW,MF",RB Leipzig,Bundesliga,24,2000,27.3,591,564,24,4,2,6,27,3,0,0,0,0,377,3,36,be BEL,"FW,MF",RB Leipzig,Bundesliga,24,2000,27.3,66,2.42,41,0,4,10,11,0,10,0.37,5,0,0,2,3,0,be BEL,"FW,MF",RB Leipzig,Bundesliga,24,2000,27.3,9,4,3,4,2,3,11,27.3,8,19,1,18,5,14,12,0,be BEL,"FW,MF",RB Leipzig,Bundesliga,24,2000,27.3,904,12,54,368,492,158,903,74,22,29.7,37,50.0,521,2988,1477,58,26,37,82,27,718,229,be BEL,"FW,MF",RB Leipzig,Bundesliga,24,2000,33,"2,453",74,80.2,27.3,28,83,12,5,27,0,1.52,43,40,3,0.11,-0.19,37.5,41.2,-3.7,-0.14,0.32,be BEL,"FW,MF",RB Leipzig,Bundesliga,24,2000,27.3,5,1,1,29,77,27,27,5,4,4,0,0,54,19,31,38.0,Lois,Openda,Lois Openda,60000000.0,60000000.0
Desire Doue,fr FRA,FW,Paris S-G,Ligue 1,19,2005,31,18,"1,730",19.2,6,6,12,6,0,0,1,0,5.1,5.1,7.8,13.0,97,139,232,0.31,0.31,0.62,0.31,0.62,0.27,0.41,0.67,0.27,0.67,fr FRA,"FW,MF",Paris S-G,Ligue 1,19,2005,19.2,6,55,20,36.4,2.86,1.04,0.11,0.3,17.9,0,0,0,5.1,5.1,0.09,0.9,0.9,fr FRA,"FW,MF",Paris S-G,Ligue 1,19,2005,19.2,933,1133,82.3,13916,3351,518,570,90.9,330,399,82.7,48,88,54.5,6,7.8,5.7,-1.8,55,83,51,16,139,fr FRA,"FW,MF",Paris S-G,Ligue 1,19,2005,19.2,1133,1066,66,11,8,7,78,24,23,8,5,1,933,1,21,fr FRA,"FW,MF",Paris S-G,Ligue 1,19,2005,19.2,109,5.66,84,1,14,4,5,1,24,1.25,15,0,4,1,3,1,fr FRA,"FW,MF",Paris S-G,Ligue 1,19,2005,19.2,48,30,15,19,14,24,51,47.1,27,26,0,26,13,61,7,0,fr FRA,"FW,MF",Paris S-G,Ligue 1,19,2005,19.2,1461,4,137,646,701,123,1461,129,57,44.2,61,47.3,899,5730,3076,97,50,47,54,37,1164,232,fr FRA,"FW,MF",Paris S-G,Ligue 1,19,2005,31,"1,730",56,56.5,19.2,18,75,5,13,29,1,2.48,51,21,30,1.56,-0.27,49.2,17.5,31.6,1.64,-0.12,fr FRA,"FW,MF",Paris S-G,Ligue 1,19,2005,19.2,1,0,0,28,44,1,78,13,30,2,0,0,93,8,10,44.4,Desire,Doue,Desire Doue,60000000.0,60000000.0
Warren Zaire-Emery,fr FRA,MF,Paris S-G,Ligue 1,18,2006,29,23,"2,050",22.8,1,2,3,1,0,0,3,0,1.7,1.7,1.4,3.1,49,135,92,0.04,0.09,0.13,0.04,0.13,0.07,0.06,0.14,0.07,0.14,fr FRA,"MF,DF",Paris S-G,Ligue 1,18,2006,22.8,1,17,7,41.2,0.75,0.31,0.06,0.14,20.5,0,0,0,1.7,1.7,0.1,-0.7,-0.7,fr FRA,"MF,DF",Paris S-G,Ligue 1,18,2006,22.8,1557,1677,92.8,22787,4864,897,930,96.5,546,575,95.0,60,85,70.6,2,1.4,1.4,0.6,18,116,9,1,135,fr FRA,"MF,DF",Paris S-G,Ligue 1,18,2006,22.8,1677,1605,70,17,2,18,9,50,0,0,0,0,1557,2,22,fr FRA,"MF,DF",Paris S-G,Ligue 1,18,2006,22.8,52,2.28,47,1,1,3,0,0,4,0.18,2,1,1,0,0,0,fr FRA,"MF,DF",Paris S-G,Ligue 1,18,2006,22.8,51,26,17,21,13,23,45,51.1,22,35,6,29,23,74,20,2,fr FRA,"MF,DF",Paris S-G,Ligue 1,18,2006,22.8,1908,49,314,1051,555,32,1908,37,20,54.1,17,45.9,1211,6383,3200,49,63,6,39,32,1506,92,fr FRA,"MF,DF",Paris S-G,Ligue 1,18,2006,29,"2,050",71,67.0,22.8,23,82,15,6,26,0,2.38,61,21,40,1.76,0.24,54.6,21.7,32.9,1.45,-0.76,fr FRA,"MF,DF",Paris S-G,Ligue 1,18,2006,22.8,3,0,0,25,19,1,9,23,26,0,0,0,136,9,14,39.1,Warren,Zaire-Emery,Warren Zaire-Emery,60000000.0,60000000.0
Ibrahima Konate,fr FRA,DF,Liverpool,Premier League,25,1999,31,30,"2,560",28.4,1,2,3,1,0,0,5,0,1.7,1.7,1.0,2.7,25,115,3,0.04,0.07,0.11,0.04,0.11,0.06,0.03,0.1,0.06,0.1,fr FRA,DF,Liverpool,Premier League,25,1999,28.4,1,19,3,15.8,0.67,0.11,0.05,0.33,10.5,0,0,0,1.7,1.7,0.09,-0.7,-0.7,fr FRA,DF,Liverpool,Premier League,25,1999,28.4,1718,1905,90.2,31820,10824,592,631,93.8,1023,1077,95.0,94,171,55.0,2,1.0,0.9,1.0,10,143,9,0,115,fr FRA,DF,Liverpool,Premier League,25,1999,28.4,1905,1856,46,41,1,5,0,5,0,0,0,0,1718,3,9,fr FRA,DF,Liverpool,Premier League,25,1999,28.4,31,1.09,26,0,0,4,0,1,7,0.25,6,0,0,0,0,1,fr FRA,DF,Liverpool,Premier League,25,1999,28.4,40,26,25,13,2,25,35,71.4,10,29,15,14,17,57,133,3,fr FRA,DF,Liverpool,Premier League,25,1999,28.4,2185,223,928,1145,119,23,2185,6,3,50.0,2,33.3,1290,6124,3603,25,15,0,8,2,1576,3,fr FRA,DF,Liverpool,Premier League,25,1999,31,"2,560",83,74.9,28.4,30,84,24,1,45,1,2.26,59,28,31,1.09,-0.38,58.6,26.9,31.7,1.11,-0.14,fr FRA,DF,Liverpool,Premier League,25,1999,28.4,5,0,0,27,20,0,0,17,26,0,0,0,98,74,29,71.8,Ibrahima,Konate,Ibrahima Konate,60000000.0,60000000.0
Martin Zubimendi,es ESP,MF,Real Sociedad,La Liga,25,1999,36,33,"2,962",32.9,2,1,3,2,0,0,6,0,2.6,2.6,1.1,3.7,38,195,43,0.06,0.03,0.09,0.06,0.09,0.08,0.03,0.11,0.08,0.11,es ESP,MF,Real Sociedad,La Liga,25,1999,32.9,2,24,6,25.0,0.73,0.18,0.08,0.33,13.9,0,0,0,2.6,2.6,0.11,-0.6,-0.6,es ESP,MF,Real Sociedad,La Liga,25,1999,32.9,1482,1772,83.6,25341,7363,685,781,87.7,655,741,88.4,114,177,64.4,1,1.1,1.3,-0.1,19,172,23,1,195,es ESP,MF,Real Sociedad,La Liga,25,1999,32.9,1772,1708,57,55,2,11,12,1,1,0,0,0,1482,7,24,es ESP,MF,Real Sociedad,La Liga,25,1999,32.9,46,1.4,38,0,4,1,1,2,6,0.18,5,0,0,0,1,0,es ESP,MF,Real Sociedad,La Liga,25,1999,32.9,73,37,31,29,13,28,44,63.6,16,42,16,26,44,117,79,3,es ESP,MF,Real Sociedad,La Liga,25,1999,32.9,2131,122,489,1332,325,59,2131,28,19,67.9,9,32.1,1074,5591,2548,38,34,5,39,17,1412,43,es ESP,MF,Real Sociedad,La Liga,25,1999,36,"2,962",82,86.6,32.9,33,87,30,3,32,0,1.25,31,38,-7,-0.21,0.57,38.1,35.0,3.0,0.09,0.97,es ESP,MF,Real Sociedad,La Liga,25,1999,32.9,6,0,0,44,19,0,12,44,37,1,0,0,140,53,32,62.4,Martin,Zubimendi,Martin Zubimendi,60000000.0,60000000.0
Federico Dimarco,it ITA,DF,Inter,Serie A,26,1997,32,28,"2,140",23.8,4,7,11,4,0,0,3,0,3.3,3.3,6.1,9.5,47,83,232,0.17,0.29,0.46,0.17,0.46,0.14,0.26,0.39,0.14,0.39,it ITA,"DF,FW",Inter,Serie A,26,1997,23.8,4,55,20,36.4,2.31,0.84,0.07,0.2,20.1,8,0,0,3.3,3.3,0.06,0.7,0.7,it ITA,"DF,FW",Inter,Serie A,26,1997,23.8,973,1275,76.3,16613,4805,479,548,87.4,390,486,80.2,88,182,48.4,7,6.1,5.1,0.9,48,47,40,19,83,it ITA,"DF,FW",Inter,Serie A,26,1997,23.8,1275,1090,178,24,3,13,188,81,73,12,46,0,973,7,29,it ITA,"DF,FW",Inter,Serie A,26,1997,23.8,96,4.0,57,26,2,9,2,0,14,0.58,10,2,0,2,0,0,it ITA,"DF,FW",Inter,Serie A,26,1997,23.8,25,14,10,12,3,10,19,52.6,9,24,4,20,14,39,33,2,it ITA,"DF,FW",Inter,Serie A,26,1997,23.8,1475,34,270,546,675,90,1475,10,4,40.0,6,60.0,789,3200,1822,47,35,13,18,10,1007,232,it ITA,"DF,FW",Inter,Serie A,26,1997,32,"2,140",67,62.6,23.8,28,73,5,4,26,2,2.0,50,17,33,1.39,0.61,42.2,22.4,19.7,0.82,0.05,it ITA,"DF,FW",Inter,Serie A,26,1997,23.8,3,0,0,18,11,8,188,14,14,0,0,0,76,7,13,35.0,Federico,Dimarco,Federico Dimarco,60000000.0,60000000.0
Oihan Sancet,es ESP,MF,Athletic Club,La Liga,24,2000,29,19,"1,620",18.0,15,1,16,12,3,3,2,0,9.7,7.3,1.9,9.2,52,90,115,0.83,0.06,0.89,0.67,0.72,0.54,0.1,0.64,0.4,0.51,es ESP,MF,Athletic Club,La Liga,24,2000,18.0,15,47,17,36.2,2.61,0.94,0.26,0.71,16.7,1,3,3,9.7,7.3,0.16,5.3,4.7,es ESP,MF,Athletic Club,La Liga,24,2000,18.0,461,569,81.0,6927,1632,269,310,86.8,157,187,84.0,23,36,63.9,1,1.9,1.5,-0.9,21,66,15,1,90,es ESP,MF,Athletic Club,La Liga,24,2000,18.0,569,547,18,2,5,4,18,3,0,0,0,0,461,4,14,es ESP,MF,Athletic Club,La Liga,24,2000,18.0,50,2.77,38,0,4,5,3,0,8,0.44,4,0,1,3,0,0,es ESP,MF,Athletic Club,La Liga,24,2000,18.0,13,8,6,6,1,5,14,35.7,9,10,0,10,5,18,6,0,es ESP,MF,Athletic Club,La Liga,24,2000,18.0,767,9,61,378,345,68,764,50,24,48.0,21,42.0,464,2996,1662,52,39,8,56,45,610,115,es ESP,MF,Athletic Club,La Liga,24,2000,29,"1,620",56,47.4,18.0,19,69,4,10,31,1,1.93,37,15,22,1.22,1.07,28.6,16.7,12.0,0.66,0.5,es ESP,MF,Athletic Club,La Liga,24,2000,18.0,2,0,0,16,24,5,18,5,8,0,0,0,77,12,13,48.0,Oihan,Sancet,Oihan Sancet,60000000.0,60000000.0
Jules Kounde,fr FRA,DF,Barcelona,La Liga,25,1998,32,29,"2,605",28.9,2,3,5,2,0,0,4,0,1.8,1.8,3.9,5.7,44,165,190,0.07,0.1,0.17,0.07,0.17,0.06,0.13,0.2,0.06,0.2,fr FRA,DF,Barcelona,La Liga,25,1998,28.9,2,18,6,33.3,0.62,0.21,0.11,0.33,14.1,0,0,0,1.8,1.8,0.11,0.2,0.2,fr FRA,DF,Barcelona,La Liga,25,1998,28.9,1856,2140,86.7,28736,8279,946,1020,92.7,788,901,87.5,73,120,60.8,3,3.9,3.8,-0.9,32,154,29,8,165,fr FRA,DF,Barcelona,La Liga,25,1998,28.9,2140,1803,332,66,6,13,63,266,0,0,0,0,1856,5,25,fr FRA,DF,Barcelona,La Liga,25,1998,28.9,59,2.04,55,0,2,2,0,0,7,0.24,6,0,0,1,0,0,fr FRA,DF,Barcelona,La Liga,25,1998,28.9,63,43,29,23,11,44,66,66.7,22,35,5,30,20,83,68,2,fr FRA,DF,Barcelona,La Liga,25,1998,28.9,2453,79,567,1194,706,79,2453,50,22,44.0,27,54.0,1287,4667,2501,44,42,7,41,13,1625,190,fr FRA,DF,Barcelona,La Liga,25,1998,32,"2,605",81,76.2,28.9,29,88,25,3,21,1,2.28,77,30,47,1.62,-0.14,68.6,31.3,37.3,1.29,-0.07,fr FRA,DF,Barcelona,La Liga,25,1998,28.9,4,0,0,22,19,7,63,20,43,0,0,0,107,30,23,56.6,Jules,Kounde,Jules Kounde,60000000.0,60000000.0
Dani Olmo,es ESP,MF,Barcelona,La Liga,26,1998,25,13,"1,212",13.5,10,3,13,8,2,2,1,0,6.5,4.9,3.0,7.9,33,81,97,0.74,0.22,0.97,0.59,0.82,0.48,0.22,0.7,0.37,0.59,es ESP,"MF,FW",Barcelona,La Liga,26,1998,13.5,10,40,15,37.5,2.97,1.11,0.2,0.53,18.1,1,2,2,6.5,4.9,0.12,3.5,3.1,es ESP,"MF,FW",Barcelona,La Liga,26,1998,13.5,520,641,81.1,7634,2216,306,342,89.5,152,183,83.1,33,47,70.2,3,3.0,3.7,0.0,26,49,29,1,81,es ESP,"MF,FW",Barcelona,La Liga,26,1998,13.5,641,611,28,10,11,6,21,0,11,6,2,0,520,2,18,es ESP,"MF,FW",Barcelona,La Liga,26,1998,13.5,66,4.9,46,2,7,5,5,1,12,0.89,3,1,3,1,4,0,es ESP,"MF,FW",Barcelona,La Liga,26,1998,13.5,16,11,8,5,3,4,14,28.6,10,6,3,3,3,19,11,1,es ESP,"MF,FW",Barcelona,La Liga,26,1998,13.5,797,18,64,351,390,77,795,45,23,51.1,17,37.8,505,2477,1363,33,35,7,35,26,662,97,es ESP,"MF,FW",Barcelona,La Liga,26,1998,25,"1,212",48,35.4,13.5,13,66,0,12,30,2,2.28,40,10,30,2.23,0.88,36.5,16.4,20.1,1.49,0.29,es ESP,"MF,FW",Barcelona,La Liga,26,1998,13.5,1,0,0,21,27,1,21,3,11,3,0,0,46,9,9,50.0,Dani,Olmo,Dani Olmo,60000000.0,60000000.0
Dejan Kulusevski,se SWE,MF,Tottenham,Premier League,24,2000,32,27,"2,389",26.5,7,4,11,7,0,0,3,0,4.2,4.2,6.2,10.4,120,124,210,0.26,0.15,0.41,0.26,0.41,0.16,0.23,0.39,0.16,0.39,se SWE,"MF,FW",Tottenham,Premier League,24,2000,26.5,7,47,17,36.2,1.77,0.64,0.15,0.41,14.7,0,0,0,4.2,4.2,0.09,2.8,2.8,se SWE,"MF,FW",Tottenham,Premier League,24,2000,26.5,658,893,73.7,9216,2920,394,457,86.2,203,260,78.1,32,79,40.5,4,6.2,3.9,-2.2,65,62,52,6,124,se SWE,"MF,FW",Tottenham,Premier League,24,2000,26.5,893,800,84,4,11,1,89,6,62,26,0,0,658,9,42,se SWE,"MF,FW",Tottenham,Premier League,24,2000,26.5,128,4.82,95,12,15,3,3,0,9,0.34,7,1,1,0,0,0,se SWE,"MF,FW",Tottenham,Premier League,24,2000,26.5,45,23,17,13,15,19,51,37.3,32,34,5,29,13,58,10,1,se SWE,"MF,FW",Tottenham,Premier League,24,2000,26.5,1276,24,149,432,719,158,1276,117,38,32.5,71,60.7,823,6157,3208,120,67,40,77,74,895,210,se SWE,"MF,FW",Tottenham,Premier League,24,2000,32,"2,389",75,69.9,26.5,27,84,22,5,24,0,1.06,50,41,9,0.34,1.21,44.9,43.1,1.8,0.07,0.62,se SWE,"MF,FW",Tottenham,Premier League,24,2000,26.5,3,0,0,48,38,5,89,13,23,0,0,0,121,10,15,40.0,Dejan,Kulusevski,Dejan Kulusevski,60000000.0,60000000.0
Levi Colwill,eng ENG,DF,Chelsea,Premier League,21,2003,35,35,"3,149",35.0,2,1,3,2,0,0,9,0,1.9,1.9,1.1,3.0,14,131,12,0.06,0.03,0.09,0.06,0.09,0.05,0.03,0.09,0.05,0.09,eng ENG,DF,Chelsea,Premier League,21,2003,35.0,2,17,4,23.5,0.49,0.11,0.12,0.5,9.5,0,0,0,1.9,1.9,0.11,0.1,0.1,eng ENG,DF,Chelsea,Premier League,21,2003,35.0,2338,2619,89.3,42476,14955,813,880,92.4,1357,1426,95.2,142,253,56.1,1,1.1,1.2,-0.1,14,148,7,3,131,eng ENG,DF,Chelsea,Premier League,21,2003,35.0,2619,2418,197,91,3,7,13,7,0,0,0,0,2338,4,21,eng ENG,DF,Chelsea,Premier League,21,2003,35.0,38,1.09,34,2,0,1,0,1,3,0.09,2,0,0,0,0,1,eng ENG,DF,Chelsea,Premier League,21,2003,35.0,47,34,25,19,3,18,27,66.7,9,37,25,12,33,80,118,4,eng ENG,DF,Chelsea,Premier League,21,2003,35.0,2904,383,1363,1417,140,36,2904,12,6,50.0,5,41.7,1621,7389,4028,14,12,1,14,8,2092,12,eng ENG,DF,Chelsea,Premier League,21,2003,35,"3,149",90,92.1,35.0,35,90,34,0,0,2,1.77,56,41,15,0.43,-1.56,57.8,43.6,14.2,0.41,-1.67,eng ENG,DF,Chelsea,Premier League,21,2003,35.0,9,0,0,45,21,5,13,33,34,0,1,0,121,82,53,60.7,Levi,Colwill,Levi Colwill,55000000.0,55000000.0
Eberechi Eze,eng ENG,MF,Crystal Palace,Premier League,26,1998,34,31,"2,588",28.8,8,8,16,7,1,2,1,0,10.5,8.9,6.2,15.1,69,97,153,0.28,0.28,0.56,0.24,0.52,0.36,0.22,0.58,0.31,0.53,eng ENG,"MF,FW",Crystal Palace,Premier League,26,1998,28.8,8,100,27,27.0,3.48,0.94,0.07,0.26,21.5,16,1,2,10.5,8.9,0.09,-2.5,-1.9,eng ENG,"MF,FW",Crystal Palace,Premier League,26,1998,28.8,777,1047,74.2,13226,3540,380,449,84.6,299,365,81.9,77,168,45.8,8,6.2,4.7,1.8,58,49,39,4,97,eng ENG,"MF,FW",Crystal Palace,Premier League,26,1998,28.8,1047,849,180,70,11,6,112,3,62,39,10,0,777,18,17,eng ENG,"MF,FW",Crystal Palace,Premier League,26,1998,28.8,135,4.69,72,29,11,13,9,1,10,0.35,9,1,0,0,0,0,eng ENG,"MF,FW",Crystal Palace,Premier League,26,1998,28.8,39,22,14,16,9,17,36,47.2,19,27,0,27,11,50,10,3,eng ENG,"MF,FW",Crystal Palace,Premier League,26,1998,28.8,1414,17,193,661,597,95,1412,138,67,48.6,62,44.9,840,5063,2380,69,48,22,55,45,907,153,eng ENG,"MF,FW",Crystal Palace,Premier League,26,1998,34,"2,588",76,75.7,28.8,31,81,13,3,28,0,1.5,39,34,5,0.17,0.71,45.4,34.5,10.9,0.38,0.33,eng ENG,"MF,FW",Crystal Palace,Premier League,26,1998,28.8,1,0,0,13,51,9,112,11,22,0,0,0,146,7,37,15.9,Eberechi,Eze,Eberechi Eze,55000000.0,60000000.0
Mohamed Salah,eg EGY,FW,Liverpool,Premier League,32,1992,38,38,"3,371",37.5,29,18,47,20,9,9,1,0,25.2,18.2,14.2,32.4,154,144,488,0.77,0.48,1.25,0.53,1.01,0.67,0.38,1.05,0.49,0.87,eg EGY,FW,Liverpool,Premier League,32,1992,37.5,29,121,50,41.3,3.23,1.33,0.17,0.4,14.5,1,9,9,25.2,18.2,0.15,3.8,1.8,eg EGY,FW,Liverpool,Premier League,32,1992,37.5,892,1263,70.6,13343,3919,501,601,83.4,302,433,69.7,59,100,59.0,18,14.2,9.1,3.8,88,53,93,15,144,eg EGY,FW,Liverpool,Premier League,32,1992,37.5,1263,1227,30,7,19,3,79,23,0,0,0,0,892,6,62,eg EGY,FW,Liverpool,Premier League,32,1992,37.5,169,4.51,123,2,22,14,5,3,27,0.72,20,0,5,2,0,0,eg EGY,FW,Liverpool,Premier League,32,1992,37.5,21,11,7,5,9,8,17,47.1,9,12,0,12,9,30,5,0,eg EGY,FW,Liverpool,Premier League,32,1992,37.5,1695,11,97,500,1119,356,1686,137,58,42.3,72,52.6,1149,6973,3695,154,59,126,116,67,1407,488,eg EGY,FW,Liverpool,Premier League,32,1992,38,"3,371",89,98.6,37.5,38,89,29,0,0,0,2.21,85,40,45,1.2,1.2,81.6,38.1,43.5,1.16,1.05,eg EGY,FW,Liverpool,Premier League,32,1992,37.5,1,0,0,25,39,18,79,9,11,0,0,0,101,9,14,39.1,,Mohamed Salah,Mohamed Salah,55000000.0,150000000.0
Hugo Ekitike,fr FRA,FW,Eint Frankfurt,Bundesliga,22,2002,33,31,"2,563",28.5,15,8,23,14,1,3,1,0,21.6,19.3,6.8,26.0,93,53,215,0.53,0.28,0.81,0.49,0.77,0.76,0.24,0.99,0.68,0.91,fr FRA,FW,Eint Frankfurt,Bundesliga,22,2002,28.5,15,114,44,38.6,4.0,1.55,0.12,0.32,15.3,1,1,3,21.6,19.3,0.17,-6.6,-5.3,fr FRA,FW,Eint Frankfurt,Bundesliga,22,2002,28.5,486,644,75.5,6414,1191,312,377,82.8,118,155,76.1,21,34,61.8,8,6.8,5.4,1.2,44,24,31,4,53,fr FRA,FW,Eint Frankfurt,Bundesliga,22,2002,28.5,644,586,56,2,6,5,17,1,0,0,0,0,486,2,23,fr FRA,FW,Eint Frankfurt,Bundesliga,22,2002,28.5,101,3.55,63,0,14,20,4,0,12,0.42,9,0,2,0,1,0,fr FRA,FW,Eint Frankfurt,Bundesliga,22,2002,28.5,16,12,3,8,5,4,12,33.3,8,13,1,12,7,23,24,0,fr FRA,FW,Eint Frankfurt,Bundesliga,22,2002,28.5,1054,27,68,430,583,196,1051,119,52,43.7,61,51.3,633,4443,2307,93,57,52,99,34,777,215,fr FRA,FW,Eint Frankfurt,Bundesliga,22,2002,33,"2,563",78,83.8,28.5,31,81,9,2,25,0,1.73,54,36,18,0.63,-0.09,55.4,40.1,15.3,0.54,0.22,fr FRA,FW,Eint Frankfurt,Bundesliga,22,2002,28.5,1,0,0,39,17,19,17,7,12,1,0,0,87,52,59,46.8,Hugo,Ekitike,Hugo Ekitike,55000000.0,55000000.0
Murillo,br BRA,DF,Nott'ham Forest,Premier League,22,2002,36,36,"3,188",35.4,2,0,2,2,0,0,6,0,1.4,1.4,1.2,2.6,22,115,5,0.06,0.0,0.06,0.06,0.06,0.04,0.03,0.07,0.04,0.07,br BRA,DF,Nott'ham Forest,Premier League,22,2002,35.4,2,25,6,24.0,0.71,0.17,0.08,0.33,21.9,3,0,0,1.4,1.4,0.06,0.6,0.6,br BRA,DF,Nott'ham Forest,Premier League,22,2002,35.4,1138,1450,78.5,22680,10645,420,466,90.1,535,609,87.8,161,327,49.2,0,1.2,1.1,-1.2,13,139,13,1,115,br BRA,DF,Nott'ham Forest,Premier League,22,2002,35.4,1450,1271,166,113,8,22,14,3,0,0,0,0,1138,13,6,br BRA,DF,Nott'ham Forest,Premier League,22,2002,35.4,44,1.24,30,7,0,4,1,2,2,0.06,1,1,0,0,0,0,br BRA,DF,Nott'ham Forest,Premier League,22,2002,35.4,53,36,38,12,3,27,46,58.7,19,69,45,24,36,89,249,3,br BRA,DF,Nott'ham Forest,Premier League,22,2002,35.4,1918,421,989,840,105,24,1918,37,27,73.0,10,27.0,821,4254,2531,22,25,1,19,10,989,5,br BRA,DF,Nott'ham Forest,Premier League,22,2002,36,"3,188",89,93.2,35.4,36,89,33,0,0,0,1.69,50,44,6,0.17,-2.16,41.2,46.3,-5.1,-0.14,-0.79,br BRA,DF,Nott'ham Forest,Premier League,22,2002,35.4,6,0,0,27,6,0,14,36,36,0,1,0,142,44,22,66.7,,Murillo,Murillo,55000000.0,55000000.0
Ethan Nwaneri,eng ENG,FW,Arsenal,Premier League,17,2007,26,11,895,9.9,4,2,6,4,0,0,1,0,1.2,1.2,1.2,2.4,46,33,113,0.4,0.2,0.6,0.4,0.6,0.12,0.12,0.24,0.12,0.24,eng ENG,"FW,MF",Arsenal,Premier League,17,2007,9.9,4,24,9,37.5,2.41,0.91,0.17,0.44,18.5,1,0,0,1.2,1.2,0.05,2.8,2.8,eng ENG,"FW,MF",Arsenal,Premier League,17,2007,9.9,342,425,80.5,4906,1216,216,234,92.3,93,121,76.9,19,37,51.4,2,1.2,1.8,0.8,16,17,16,6,33,eng ENG,"FW,MF",Arsenal,Premier League,17,2007,9.9,425,386,36,3,3,1,54,4,27,18,0,0,342,3,14,eng ENG,"FW,MF",Arsenal,Premier League,17,2007,9.9,29,2.91,15,6,5,2,1,0,3,0.3,3,0,0,0,0,0,eng ENG,"FW,MF",Arsenal,Premier League,17,2007,9.9,11,7,4,4,3,7,21,33.3,14,8,2,6,2,13,4,1,eng ENG,"FW,MF",Arsenal,Premier League,17,2007,9.9,544,3,44,167,339,44,544,62,37,59.7,19,30.6,365,2852,1329,46,25,17,23,17,398,113,eng ENG,"FW,MF",Arsenal,Premier League,17,2007,26,895,34,26.2,9.9,11,65,1,15,12,10,1.85,16,4,12,1.21,0.39,14.5,5.4,9.1,0.91,0.33,eng ENG,"FW,MF",Arsenal,Premier League,17,2007,9.9,1,0,0,9,5,6,54,2,7,0,0,0,34,4,8,33.3,Ethan,Nwaneri,Ethan Nwaneri,55000000.0,55000000.0
Gabriel Martinelli,br BRA,FW,Arsenal,Premier League,23,2001,33,25,"2,290",25.4,8,4,12,8,0,0,1,0,7.4,7.4,5.0,12.4,124,52,289,0.31,0.16,0.47,0.31,0.47,0.29,0.19,0.49,0.29,0.49,br BRA,"FW,MF",Arsenal,Premier League,23,2001,25.4,8,55,24,43.6,2.16,0.94,0.15,0.33,12.9,0,0,0,7.4,7.4,0.14,0.6,0.6,br BRA,"FW,MF",Arsenal,Premier League,23,2001,25.4,499,699,71.4,7113,1534,324,385,84.2,135,193,69.9,26,52,50.0,4,5.0,4.7,-1.0,40,11,37,15,52,br BRA,"FW,MF",Arsenal,Premier League,23,2001,25.4,699,679,15,0,5,2,92,12,3,3,0,0,499,5,37,br BRA,"FW,MF",Arsenal,Premier League,23,2001,25.4,74,2.91,55,1,8,7,3,0,7,0.27,4,0,1,1,1,0,br BRA,"FW,MF",Arsenal,Premier League,23,2001,25.4,23,15,9,6,8,7,23,30.4,16,15,0,15,5,28,19,0,br BRA,"FW,MF",Arsenal,Premier League,23,2001,25.4,994,17,102,247,660,182,994,109,33,30.3,60,55.0,670,4985,2620,124,33,64,50,38,752,289,br BRA,"FW,MF",Arsenal,Premier League,23,2001,33,"2,290",69,67.0,25.4,25,81,10,8,33,2,1.94,45,25,20,0.79,-0.41,38.5,25.9,12.6,0.49,-0.54,br BRA,"FW,MF",Arsenal,Premier League,23,2001,25.4,1,0,0,16,21,8,92,5,15,0,0,0,78,17,39,30.4,Gabriel,Martinelli,Gabriel Martinelli,55000000.0,85000000.0
Jeremy Doku,be BEL,FW,Manchester City,Premier League,22,2002,29,16,"1,516",16.8,3,6,9,3,0,0,1,0,1.3,1.3,4.8,6.1,213,69,286,0.18,0.36,0.53,0.18,0.53,0.08,0.29,0.36,0.08,0.36,be BEL,"FW,MF",Manchester City,Premier League,22,2002,16.8,3,29,9,31.0,1.72,0.53,0.1,0.33,17.7,0,0,0,1.3,1.3,0.05,1.7,1.7,be BEL,"FW,MF",Manchester City,Premier League,22,2002,16.8,603,762,79.1,8464,1506,400,463,86.4,183,226,81.0,14,21,66.7,6,4.8,3.8,1.2,32,12,48,6,69,be BEL,"FW,MF",Manchester City,Premier League,22,2002,16.8,762,757,3,0,8,0,59,1,2,0,0,0,603,2,30,be BEL,"FW,MF",Manchester City,Premier League,22,2002,16.8,79,4.69,60,1,13,1,3,1,14,0.83,11,0,3,0,0,0,be BEL,"FW,MF",Manchester City,Premier League,22,2002,16.8,31,22,9,12,10,8,15,53.3,7,11,1,10,4,35,2,0,be BEL,"FW,MF",Manchester City,Premier League,22,2002,16.8,1027,4,46,233,772,161,1027,201,107,53.2,60,29.9,796,7581,4865,213,95,109,59,59,854,286,be BEL,"FW,MF",Manchester City,Premier League,22,2002,29,"1,516",52,44.3,16.8,16,81,6,13,17,4,1.9,34,14,20,1.19,0.81,33.5,14.4,19.1,1.13,1.07,be BEL,"FW,MF",Manchester City,Premier League,22,2002,16.8,1,0,0,10,33,5,59,4,22,0,0,0,63,0,12,0.0,Jeremy,Doku,Jeremy Doku,55000000.0,65000000.0
Nicolas Jackson,sn SEN,FW,Chelsea,Premier League,23,2001,30,28,"2,220",24.7,10,5,15,10,0,0,7,1,12.3,12.3,4.3,16.6,47,38,129,0.41,0.2,0.61,0.41,0.61,0.5,0.17,0.67,0.5,0.67,sn SEN,FW,Chelsea,Premier League,23,2001,24.7,10,76,34,44.7,3.08,1.38,0.13,0.29,12.9,0,0,0,12.3,12.3,0.16,-2.3,-2.3,sn SEN,FW,Chelsea,Premier League,23,2001,24.7,303,399,75.9,4088,884,182,223,81.6,92,118,78.0,9,15,60.0,5,4.3,1.9,0.7,28,22,10,1,38,sn SEN,FW,Chelsea,Premier League,23,2001,24.7,399,385,12,1,1,0,3,4,0,0,0,0,303,2,15,sn SEN,FW,Chelsea,Premier League,23,2001,24.7,69,2.8,42,0,9,7,9,2,10,0.41,7,0,2,1,0,0,sn SEN,FW,Chelsea,Premier League,23,2001,24.7,22,13,6,7,9,5,10,50.0,5,15,2,13,3,25,15,0,sn SEN,FW,Chelsea,Premier League,23,2001,24.7,687,19,50,285,361,141,687,61,18,29.5,32,52.5,417,2510,1316,47,25,32,71,41,514,129,sn SEN,FW,Chelsea,Premier League,23,2001,30,"2,220",74,64.9,24.7,28,76,5,2,41,1,1.8,42,23,19,0.77,0.62,43.0,28.4,14.5,0.59,0.14,sn SEN,FW,Chelsea,Premier League,23,2001,24.7,7,1,0,35,29,23,3,3,13,0,0,0,48,21,36,36.8,Nicolas,Jackson,Nicolas Jackson,55000000.0,55000000.0
Micky van de Ven,nl NED,DF,Tottenham,Premier League,23,2001,13,12,"1,015",11.3,0,2,2,0,0,0,4,0,0.6,0.6,1.2,1.7,8,51,1,0.0,0.18,0.18,0.0,0.18,0.05,0.1,0.15,0.05,0.15,nl NED,DF,Tottenham,Premier League,23,2001,11.3,0,6,2,33.3,0.53,0.18,0.0,0.0,11.1,0,0,0,0.6,0.6,0.09,-0.6,-0.6,nl NED,DF,Tottenham,Premier League,23,2001,11.3,729,802,90.9,13817,4206,217,236,91.9,455,471,96.6,50,80,62.5,2,1.2,0.7,0.8,2,50,1,0,51,nl NED,DF,Tottenham,Premier League,23,2001,11.3,802,758,43,18,0,1,0,4,0,0,0,0,729,1,5,nl NED,DF,Tottenham,Premier League,23,2001,11.3,11,0.98,8,0,0,2,1,0,2,0.18,2,0,0,0,0,0,nl NED,DF,Tottenham,Premier League,23,2001,11.3,10,6,5,4,1,8,14,57.1,6,12,8,4,10,20,39,1,nl NED,DF,Tottenham,Premier League,23,2001,11.3,895,110,460,408,36,9,895,8,4,50.0,4,50.0,620,2883,1407,8,10,1,5,5,651,1,nl NED,DF,Tottenham,Premier League,23,2001,13,"1,015",78,29.7,11.3,12,82,7,1,30,6,1.08,22,17,5,0.44,0.67,22.3,13.0,9.3,0.82,1.34,nl NED,DF,Tottenham,Premier League,23,2001,11.3,4,0,0,10,9,0,0,10,6,0,0,0,63,19,20,48.7,Micky,van de Ven,Micky van de Ven,55000000.0,55000000.0
Nuno Mendes,pt POR,DF,Paris S-G,Ligue 1,22,2002,24,19,"1,676",18.6,1,3,4,1,0,0,3,0,2.2,2.2,5.0,7.2,58,127,108,0.05,0.16,0.21,0.05,0.21,0.12,0.27,0.39,0.12,0.39,pt POR,DF,Paris S-G,Ligue 1,22,2002,18.6,1,21,9,42.9,1.13,0.48,0.05,0.11,20.2,1,0,0,2.2,2.2,0.1,-1.2,-1.2,pt POR,DF,Paris S-G,Ligue 1,22,2002,18.6,1293,1488,86.9,22683,6256,574,626,91.7,591,662,89.3,109,148,73.6,3,5.0,4.1,-2.0,30,119,34,13,127,pt POR,DF,Paris S-G,Ligue 1,22,2002,18.6,1488,1328,157,29,3,25,60,119,9,5,3,0,1293,3,21,pt POR,DF,Paris S-G,Ligue 1,22,2002,18.6,72,3.87,53,6,5,4,3,1,6,0.32,5,1,0,0,0,0,pt POR,DF,Paris S-G,Ligue 1,22,2002,18.6,30,19,15,12,3,23,39,59.0,16,25,8,17,18,48,37,2,pt POR,DF,Paris S-G,Ligue 1,22,2002,18.6,1701,55,375,880,464,42,1701,53,31,58.5,21,39.6,990,4832,3207,58,43,12,28,22,1215,108,pt POR,DF,Paris S-G,Ligue 1,22,2002,24,"1,676",70,54.8,18.6,19,82,14,5,24,3,2.38,48,17,31,1.66,-0.03,49.8,14.4,35.4,1.9,0.45,pt POR,DF,Paris S-G,Ligue 1,22,2002,18.6,3,0,0,13,23,1,60,18,19,1,1,0,108,15,11,57.7,Nuno,Mendes,Nuno Mendes,55000000.0,65000000.0
Bruno Fernandes,pt POR,MF,Manchester Utd,Premier League,29,1994,36,35,"3,018",33.5,8,10,18,5,3,3,5,2,9.9,7.6,8.5,16.1,77,325,129,0.24,0.3,0.54,0.15,0.45,0.3,0.25,0.55,0.23,0.48,pt POR,MF,Manchester Utd,Premier League,29,1994,33.5,8,93,26,28.0,2.77,0.78,0.05,0.19,22.6,12,3,3,9.9,7.6,0.08,-1.9,-2.6,pt POR,MF,Manchester Utd,Premier League,29,1994,33.5,1707,2242,76.1,30541,10698,802,919,87.3,629,769,81.8,223,405,55.1,10,8.5,8.0,1.5,91,214,85,11,325,pt POR,MF,Manchester Utd,Premier League,29,1994,33.5,2242,1988,237,98,31,22,186,19,91,44,22,5,1707,17,55,pt POR,MF,Manchester Utd,Premier League,29,1994,33.5,193,5.76,136,37,5,6,7,2,13,0.39,10,2,0,1,0,0,pt POR,MF,Manchester Utd,Premier League,29,1994,33.5,84,50,27,38,19,34,85,40.0,51,35,6,29,26,110,35,3,pt POR,MF,Manchester Utd,Premier League,29,1994,33.5,2649,62,428,1263,983,80,2646,67,28,41.8,33,49.3,1542,7244,3866,77,65,14,43,43,1853,129,pt POR,MF,Manchester Utd,Premier League,29,1994,36,"3,018",84,88.2,33.5,35,85,28,1,32,1,1.17,41,43,-2,-0.06,1.73,48.5,45.2,3.2,0.1,1.1,pt POR,MF,Manchester Utd,Premier League,29,1994,33.5,5,2,1,32,40,2,186,26,50,0,0,0,213,22,28,44.0,Bruno,Fernandes,Bruno Fernandes,55000000.0,90000000.0
Cristian Romero,ar ARG,DF,Tottenham,Premier League,26,1998,18,18,"1,416",15.7,1,0,1,1,0,0,3,0,1.6,1.6,0.6,2.2,12,71,3,0.06,0.0,0.06,0.06,0.06,0.1,0.04,0.14,0.1,0.14,ar ARG,DF,Tottenham,Premier League,26,1998,15.7,1,16,8,50.0,1.02,0.51,0.06,0.13,9.1,0,0,0,1.6,1.6,0.1,-0.6,-0.6,ar ARG,DF,Tottenham,Premier League,26,1998,15.7,1094,1223,89.5,20402,8197,370,405,91.4,630,665,94.7,80,126,63.5,0,0.6,0.8,-0.6,7,109,8,1,71,ar ARG,DF,Tottenham,Premier League,26,1998,15.7,1223,1120,101,80,4,2,3,7,0,0,0,0,1094,2,7,ar ARG,DF,Tottenham,Premier League,26,1998,15.7,20,1.27,16,0,0,4,0,0,4,0.25,3,0,0,1,0,0,ar ARG,DF,Tottenham,Premier League,26,1998,15.7,35,29,26,8,1,21,30,70.0,9,18,3,15,21,56,57,2,ar ARG,DF,Tottenham,Premier League,26,1998,15.7,1377,157,594,720,74,23,1377,4,1,25.0,2,50.0,896,4702,2893,12,18,0,10,5,936,3,ar ARG,DF,Tottenham,Premier League,26,1998,18,"1,416",79,41.4,15.7,18,79,13,0,0,3,1.11,27,22,5,0.32,0.59,27.0,19.1,7.9,0.5,1.06,ar ARG,DF,Tottenham,Premier League,26,1998,15.7,3,0,0,14,12,2,3,21,29,0,0,0,90,41,27,60.3,Cristian,Romero,Cristian Romero,55000000.0,65000000.0
Leny Yoro,fr FRA,DF,Manchester Utd,Premier League,18,2005,21,12,"1,165",12.9,0,0,0,0,0,0,5,0,0.7,0.7,0.1,0.8,19,52,4,0.0,0.0,0.0,0.0,0.0,0.05,0.01,0.06,0.05,0.06,fr FRA,DF,Manchester Utd,Premier League,18,2005,12.9,0,5,1,20.0,0.39,0.08,0.0,0.0,8.6,0,0,0,0.7,0.7,0.15,-0.7,-0.7,fr FRA,DF,Manchester Utd,Premier League,18,2005,12.9,708,766,92.4,11513,3678,313,328,95.4,351,373,94.1,27,41,65.9,0,0.1,0.2,-0.1,2,44,5,1,52,fr FRA,DF,Manchester Utd,Premier League,18,2005,12.9,766,745,20,9,2,1,1,7,0,0,0,0,708,1,5,fr FRA,DF,Manchester Utd,Premier League,18,2005,12.9,9,0.7,6,0,0,2,0,1,0,0.0,0,0,0,0,0,0,fr FRA,DF,Manchester Utd,Premier League,18,2005,12.9,29,11,19,9,1,13,19,68.4,6,5,3,2,18,47,43,0,fr FRA,DF,Manchester Utd,Premier League,18,2005,12.9,894,87,413,414,70,13,894,4,2,50.0,2,50.0,614,3173,1765,19,13,1,3,4,656,4,fr FRA,DF,Manchester Utd,Premier League,18,2005,21,"1,165",55,34.1,12.9,12,78,5,9,26,0,0.81,17,24,-7,-0.54,-0.42,18.1,19.4,-1.3,-0.1,-0.1,fr FRA,DF,Manchester Utd,Premier League,18,2005,12.9,5,0,0,9,2,1,1,18,11,0,0,0,46,16,16,50.0,Leny,Yoro,Leny Yoro,55000000.0,55000000.0
Matheus Cunha,br BRA,MF,Wolves,Premier League,25,1999,33,29,"2,597",28.9,15,6,21,15,0,0,4,0,8.6,8.6,7.7,16.4,112,144,161,0.52,0.21,0.73,0.52,0.73,0.3,0.27,0.57,0.3,0.57,br BRA,"MF,FW",Wolves,Premier League,25,1999,28.9,15,110,44,40.0,3.81,1.52,0.14,0.34,20.5,12,0,0,8.6,8.6,0.08,6.4,6.4,br BRA,"MF,FW",Wolves,Premier League,25,1999,28.9,811,1133,71.6,12850,4384,460,539,85.3,228,300,76.0,87,197,44.2,6,7.7,5.3,-1.7,56,92,58,10,144,br BRA,"MF,FW",Wolves,Premier League,25,1999,28.9,1133,938,185,52,14,15,142,32,73,40,23,3,811,10,34,br BRA,"MF,FW",Wolves,Premier League,25,1999,28.9,132,4.57,75,14,19,9,12,3,16,0.55,10,0,4,0,1,1,br BRA,"MF,FW",Wolves,Premier League,25,1999,28.9,38,22,17,16,5,13,39,33.3,26,21,1,20,17,55,23,0,br BRA,"MF,FW",Wolves,Premier League,25,1999,28.9,1561,23,181,695,733,133,1560,137,61,44.5,61,44.5,904,6724,3336,112,95,41,80,55,1056,161,br BRA,"MF,FW",Wolves,Premier League,25,1999,33,"2,597",79,75.9,28.9,29,85,19,4,31,0,0.97,41,54,-13,-0.45,-0.23,32.6,44.5,-11.9,-0.41,-0.14,br BRA,"MF,FW",Wolves,Premier League,25,1999,28.9,4,0,0,42,71,8,142,17,22,0,1,0,125,13,29,31.0,Matheus,Cunha,Matheus Cunha,55000000.0,55000000.0
Kobbie Mainoo,eng ENG,MF,Manchester Utd,Premier League,19,2005,25,19,"1,651",18.3,0,0,0,0,0,0,5,0,0.7,0.7,1.6,2.3,22,65,47,0.0,0.0,0.0,0.0,0.0,0.04,0.09,0.12,0.04,0.12,eng ENG,MF,Manchester Utd,Premier League,19,2005,18.3,0,15,2,13.3,0.82,0.11,0.0,0.0,20.5,0,0,0,0.7,0.7,0.05,-0.7,-0.7,eng ENG,MF,Manchester Utd,Premier League,19,2005,18.3,723,836,86.5,9649,2346,452,490,92.2,192,219,87.7,31,45,68.9,0,1.6,1.8,-1.6,14,50,12,1,65,eng ENG,MF,Manchester Utd,Premier League,19,2005,18.3,836,808,23,13,2,4,7,6,0,0,0,0,723,5,17,eng ENG,MF,Manchester Utd,Premier League,19,2005,18.3,34,1.85,29,0,4,0,1,0,3,0.16,3,0,0,0,0,0,eng ENG,MF,Manchester Utd,Premier League,19,2005,18.3,46,29,18,14,14,24,40,60.0,16,16,2,14,19,65,14,1,eng ENG,MF,Manchester Utd,Premier League,19,2005,18.3,1061,25,197,587,287,36,1061,50,23,46.0,25,50.0,652,2850,1222,22,17,10,36,36,760,47,eng ENG,MF,Manchester Utd,Premier League,19,2005,25,"1,651",66,48.3,18.3,19,76,8,6,35,1,1.0,19,27,-8,-0.44,-0.33,27.7,25.4,2.3,0.12,0.3,eng ENG,MF,Manchester Utd,Premier League,19,2005,18.3,5,0,0,27,21,3,7,19,29,0,0,0,88,19,31,38.0,Kobbie,Mainoo,Kobbie Mainoo,55000000.0,55000000.0
Amadou Onana,be BEL,MF,Aston Villa,Premier League,22,2001,26,20,"1,617",18.0,3,0,3,3,0,0,4,0,2.1,2.1,0.7,2.8,29,75,16,0.17,0.0,0.17,0.17,0.17,0.12,0.04,0.16,0.12,0.16,be BEL,MF,Aston Villa,Premier League,22,2001,18.0,3,17,6,35.3,0.95,0.33,0.18,0.5,14.7,0,0,0,2.1,2.1,0.12,0.9,0.9,be BEL,MF,Aston Villa,Premier League,22,2001,18.0,703,802,87.7,11058,2897,365,393,92.9,290,325,89.2,34,48,70.8,0,0.7,0.8,-0.7,10,69,12,2,75,be BEL,MF,Aston Villa,Premier League,22,2001,18.0,802,796,5,4,3,0,2,0,0,0,0,0,703,1,11,be BEL,MF,Aston Villa,Premier League,22,2001,18.0,32,1.78,25,2,1,4,0,0,4,0.22,2,1,0,1,0,0,be BEL,MF,Aston Villa,Premier League,22,2001,18.0,55,30,23,26,6,16,29,55.2,13,16,7,9,26,81,41,3,be BEL,MF,Aston Villa,Premier League,22,2001,18.0,998,71,269,586,159,23,998,20,14,70.0,3,15.0,553,2931,1577,29,25,1,11,9,671,16,be BEL,MF,Aston Villa,Premier League,22,2001,26,"1,617",62,47.3,18.0,20,74,7,6,24,2,1.77,25,23,2,0.11,-0.14,24.1,23.4,0.8,0.04,-0.21,be BEL,MF,Aston Villa,Premier League,22,2001,18.0,4,0,0,32,30,0,2,26,30,0,0,0,72,32,21,60.4,Amadou,Onana,Amadou Onana,55000000.0,55000000.0
Marcus Rashford,eng ENG,FW,Aston Villa,Premier League,26,1997,10,4,444,4.9,2,2,4,1,1,1,0,0,3.1,2.3,2.3,4.5,22,13,42,0.41,0.41,0.81,0.2,0.61,0.62,0.46,1.08,0.46,0.92,eng ENG,FW,Aston Villa,Premier League,26,1997,4.9,2,18,5,27.8,3.65,1.01,0.06,0.2,19.4,2,1,1,3.1,2.3,0.13,-1.1,-1.3,eng ENG,FW,Aston Villa,Premier League,26,1997,4.9,117,164,71.3,1772,447,67,77,87.0,36,47,76.6,9,25,36.0,2,2.3,2.1,-0.3,13,2,9,2,13,eng ENG,"FW,MF",Manchester Utd,Premier League,26,1997,10.9,343,334,9,1,6,5,27,4,1,1,0,0,253,0,10,eng ENG,FW,Aston Villa,Premier League,26,1997,4.9,27,5.49,14,5,3,2,3,0,3,0.61,2,0,0,1,0,0,eng ENG,FW,Aston Villa,Premier League,26,1997,4.9,10,7,2,3,5,4,6,66.7,2,2,0,2,1,11,3,0,eng ENG,FW,Aston Villa,Premier League,26,1997,4.9,227,2,14,58,159,30,226,22,9,40.9,13,59.1,127,892,471,22,10,15,8,1,149,42,eng ENG,"FW,MF",Manchester Utd,Premier League,26,1997,15,978,65,28.6,10.9,12,74,4,3,31,1,1.27,15,9,6,0.55,1.14,15.2,14.5,0.7,0.06,0.13,eng ENG,FW,Aston Villa,Premier League,26,1997,4.9,0,0,0,1,3,1,28,1,7,0,0,0,14,1,8,11.1,Marcus,Rashford,Marcus Rashford,50000000.0,85000000.0
Morgan Rogers,eng ENG,FW,Aston Villa,Premier League,22,2002,37,37,"3,114",34.6,8,10,18,8,0,0,10,0,6.6,6.6,7.8,14.4,114,123,188,0.23,0.29,0.52,0.23,0.52,0.19,0.23,0.42,0.19,0.42,eng ENG,"FW,MF",Aston Villa,Premier League,22,2002,34.6,8,55,20,36.4,1.59,0.58,0.15,0.4,15.9,0,0,0,6.6,6.6,0.12,1.4,1.4,eng ENG,"FW,MF",Aston Villa,Premier League,22,2002,34.6,664,907,73.2,9771,3327,374,460,81.3,203,267,76.0,49,65,75.4,10,7.8,5.2,2.2,51,73,56,3,123,eng ENG,"FW,MF",Aston Villa,Premier League,22,2002,34.6,907,853,47,2,22,6,27,9,0,0,0,0,664,7,45,eng ENG,"FW,MF",Aston Villa,Premier League,22,2002,34.6,105,3.04,80,0,13,7,5,0,16,0.46,14,0,1,0,1,0,eng ENG,"FW,MF",Aston Villa,Premier League,22,2002,34.6,43,22,15,15,13,24,47,51.1,23,26,7,19,6,49,20,2,eng ENG,"FW,MF",Aston Villa,Premier League,22,2002,34.6,1362,43,200,592,597,142,1362,160,66,41.3,74,46.3,794,5594,3232,114,68,33,114,74,956,188,eng ENG,"FW,MF",Aston Villa,Premier League,22,2002,37,"3,114",84,91.1,34.6,37,84,19,0,0,0,1.7,52,40,12,0.35,1.82,51.3,43.5,7.8,0.23,0.78,eng ENG,"FW,MF",Aston Villa,Premier League,22,2002,34.6,10,0,0,50,51,2,27,6,22,1,0,0,119,13,52,20.0,Morgan,Rogers,Morgan Rogers,50000000.0,50000000.0
Alphonso Davies,ca CAN,DF,Bayern Munich,Bundesliga,23,2000,19,17,"1,560",17.3,1,2,3,1,0,0,0,0,1.2,1.2,1.6,2.8,81,120,140,0.06,0.12,0.17,0.06,0.17,0.07,0.09,0.16,0.07,0.16,ca CAN,DF,Bayern Munich,Bundesliga,23,2000,17.3,1,17,3,17.6,0.98,0.17,0.06,0.33,18.3,0,0,0,1.2,1.2,0.07,-0.2,-0.2,ca CAN,DF,Bayern Munich,Bundesliga,23,2000,17.3,1141,1272,89.7,16222,3977,690,734,94.0,401,443,90.5,24,37,64.9,2,1.6,2.2,0.4,27,95,16,2,120,ca CAN,DF,Bayern Munich,Bundesliga,23,2000,17.3,1272,1143,127,21,6,1,22,106,0,0,0,0,1141,2,20,ca CAN,DF,Bayern Munich,Bundesliga,23,2000,17.3,61,3.52,52,0,4,3,2,0,8,0.46,6,0,1,1,0,0,ca CAN,DF,Bayern Munich,Bundesliga,23,2000,17.3,30,17,7,17,6,17,26,65.4,9,14,1,13,13,43,22,2,ca CAN,DF,Bayern Munich,Bundesliga,23,2000,17.3,1463,33,263,720,498,49,1463,68,31,45.6,31,45.6,895,5191,2807,81,53,21,33,19,1057,140,ca CAN,DF,Bayern Munich,Bundesliga,23,2000,19,"1,560",82,51.0,17.3,17,89,13,2,28,2,2.58,53,15,38,2.19,0.45,43.4,10.2,33.2,1.91,0.53,ca CAN,DF,Bayern Munich,Bundesliga,23,2000,17.3,0,0,0,8,26,3,22,13,17,0,0,0,115,9,8,52.9,Alphonso,Davies,Alphonso Davies,50000000.0,80000000.0
Ederson,br BRA,GK,Manchester City,Premier League,30,1993,26,26,"2,320",25.8,0,4,4,0,0,0,4,0,0.0,0.0,1.5,1.5,0,2,0,0.0,0.16,0.16,0.0,0.16,0.0,0.06,0.06,0.0,0.06,br BRA,GK,Manchester City,Premier League,30,1993,25.8,0,0,0,0.0,0.0,0.0,0.0,0.0,0.0,0,0,0,0.0,0.0,0.0,0.0,0.0,br BRA,GK,Manchester City,Premier League,30,1993,25.8,811,923,87.9,19885,13212,142,142,100.0,471,479,98.3,194,297,65.3,4,1.5,0.2,2.5,4,21,1,0,2,br BRA,GK,Manchester City,Premier League,30,1993,25.8,923,817,106,29,1,2,0,0,0,0,0,0,811,0,1,br BRA,GK,Manchester City,Premier League,30,1993,25.8,6,0.23,6,0,0,0,0,0,4,0.16,4,0,0,0,0,0,br BRA,GK,Manchester City,Premier League,30,1993,25.8,0,0,0,0,0,0,2,0.0,2,0,0,0,1,1,11,4,br BRA,GK,Manchester City,Premier League,30,1993,25.8,975,689,962,13,0,0,975,0,0,0.0,0,0.0,654,3060,1981,0,0,0,1,0,616,0,br BRA,GK,Manchester City,Premier League,30,1993,26,"2,320",89,67.8,25.8,26,89,25,0,0,4,2.0,49,26,23,0.89,0.48,49.0,28.7,20.3,0.79,0.78,br BRA,GK,Manchester City,Premier League,30,1993,25.8,4,0,0,1,0,0,0,1,0,0,1,0,42,4,1,80.0,,Ederson,Ederson,50000000.0,50000000.0
Ronald Araujo,uy URU,DF,Barcelona,La Liga,25,1999,12,11,754,8.4,1,1,2,1,0,0,3,0,1.0,1.0,0.4,1.4,6,49,3,0.12,0.12,0.24,0.12,0.24,0.11,0.05,0.17,0.11,0.17,uy URU,DF,Barcelona,La Liga,25,1999,8.4,1,4,2,50.0,0.48,0.24,0.25,0.5,11.8,0,0,0,1.0,1.0,0.24,0.0,0.0,uy URU,DF,Barcelona,La Liga,25,1999,8.4,666,725,91.9,12408,3957,218,234,93.2,388,406,95.6,50,70,71.4,1,0.4,0.2,0.6,4,51,3,0,49,uy URU,DF,Barcelona,La Liga,25,1999,8.4,725,697,27,20,0,1,0,6,0,0,0,0,666,1,0,uy URU,DF,Barcelona,La Liga,25,1999,8.4,12,1.43,11,0,0,1,0,0,2,0.24,1,0,0,1,0,0,uy URU,DF,Barcelona,La Liga,25,1999,8.4,12,9,6,5,1,4,5,80.0,1,6,4,2,9,21,25,0,uy URU,DF,Barcelona,La Liga,25,1999,8.4,798,33,227,542,32,9,798,1,0,0.0,1,100.0,515,2800,1731,6,4,0,2,1,596,3,uy URU,DF,Barcelona,La Liga,25,1999,12,754,63,22.0,8.4,11,68,5,1,5,7,2.69,22,8,14,1.67,0.02,17.6,5.9,11.7,1.4,0.13,uy URU,DF,Barcelona,La Liga,25,1999,8.4,3,0,0,9,4,0,0,9,9,0,0,0,27,33,20,62.3,Ronald,Araujo,Ronald Araujo,50000000.0,70000000.0
Joao Pedro,br BRA,FW,Brighton,Premier League,22,2001,27,23,"1,948",21.6,10,6,16,5,5,5,4,1,8.9,5.0,5.0,10.0,66,78,128,0.46,0.28,0.74,0.23,0.51,0.41,0.23,0.64,0.23,0.46,br BRA,"FW,MF",Brighton,Premier League,22,2001,21.6,10,42,15,35.7,1.94,0.69,0.12,0.33,17.2,0,5,5,8.9,5.0,0.12,1.1,0.0,br BRA,"FW,MF",Brighton,Premier League,22,2001,21.6,482,661,72.9,6847,1766,300,381,78.7,133,177,75.1,29,44,65.9,6,5.0,3.1,1.0,30,42,36,5,78,br BRA,"FW,MF",Brighton,Premier League,22,2001,21.6,661,631,26,5,10,3,22,9,4,0,0,0,482,4,20,br BRA,"FW,MF",Brighton,Premier League,22,2001,21.6,72,3.32,56,0,3,2,10,1,9,0.42,6,0,0,0,3,0,br BRA,"FW,MF",Brighton,Premier League,22,2001,21.6,16,12,6,6,4,4,11,36.4,7,12,0,12,9,25,12,0,br BRA,"FW,MF",Brighton,Premier League,22,2001,21.6,940,12,60,387,508,122,935,86,29,33.7,47,54.7,616,3821,1821,66,39,30,72,38,732,128,br BRA,"FW,MF",Brighton,Premier League,22,2001,27,"1,948",72,57.0,21.6,23,81,12,4,23,0,1.48,33,27,6,0.28,0.22,36.3,25.7,10.6,0.49,0.88,br BRA,"FW,MF",Brighton,Premier League,22,2001,21.6,4,1,0,26,46,2,22,9,12,3,1,0,59,41,43,48.8,,Joao Pedro,Joao Pedro,50000000.0,50000000.0
James Maddison,eng ENG,MF,Tottenham,Premier League,27,1996,31,21,"1,809",20.1,9,7,16,9,0,0,6,0,5.8,5.8,4.2,10.0,45,164,95,0.45,0.35,0.8,0.45,0.8,0.29,0.21,0.5,0.29,0.5,eng ENG,MF,Tottenham,Premier League,27,1996,20.1,9,39,17,43.6,1.94,0.85,0.23,0.53,16.7,6,0,0,5.8,5.8,0.15,3.2,3.2,eng ENG,MF,Tottenham,Premier League,27,1996,20.1,1021,1256,81.3,16664,5028,481,529,90.9,424,492,86.2,75,162,46.3,7,4.2,5.9,2.8,41,123,32,5,164,eng ENG,MF,Tottenham,Premier League,27,1996,20.1,1256,1118,132,48,12,5,98,5,59,37,8,0,1021,6,15,eng ENG,MF,Tottenham,Premier League,27,1996,20.1,95,4.73,66,13,7,3,6,0,18,0.9,12,2,3,1,0,0,eng ENG,MF,Tottenham,Premier League,27,1996,20.1,31,19,8,16,7,9,29,31.0,20,15,4,11,12,43,19,1,eng ENG,MF,Tottenham,Premier League,27,1996,20.1,1464,26,210,691,576,77,1464,77,33,42.9,34,44.2,1026,5128,2279,45,39,20,23,25,1125,95,eng ENG,MF,Tottenham,Premier League,27,1996,31,"1,809",58,52.9,20.1,21,75,1,10,24,1,1.1,37,32,5,0.25,0.58,31.5,33.0,-1.5,-0.08,0.09,eng ENG,MF,Tottenham,Premier League,27,1996,20.1,6,0,0,32,64,4,98,12,19,0,0,0,76,5,7,41.7,James,Maddison,James Maddison,50000000.0,70000000.0
Bryan Mbeumo,cm CMR,FW,Brentford,Premier League,24,1999,38,38,"3,414",37.9,20,7,27,15,5,6,3,0,12.3,7.5,8.3,15.9,130,141,351,0.53,0.18,0.71,0.4,0.58,0.32,0.22,0.54,0.2,0.42,cm CMR,FW,Brentford,Premier League,24,1999,37.9,20,79,34,43.0,2.08,0.9,0.19,0.44,17.9,6,5,6,12.3,7.5,0.1,7.7,7.5,cm CMR,FW,Brentford,Premier League,24,1999,37.9,872,1319,66.1,13902,4325,476,602,79.1,313,441,71.0,68,183,37.2,7,8.3,9.3,-1.3,70,63,59,19,141,cm CMR,FW,Brentford,Premier League,24,1999,37.9,1319,1162,149,40,13,9,202,17,87,70,2,0,872,8,50,cm CMR,FW,Brentford,Premier League,24,1999,37.9,144,3.8,98,23,11,8,4,0,20,0.53,11,3,2,3,1,0,cm CMR,FW,Brentford,Premier League,24,1999,37.9,49,31,18,15,16,21,35,60.0,14,26,3,23,14,63,55,1,cm CMR,FW,Brentford,Premier League,24,1999,37.9,1781,62,246,567,998,168,1775,111,52,46.8,47,42.3,1077,6721,3519,130,69,75,106,47,1204,351,cm CMR,FW,Brentford,Premier League,24,1999,38,"3,414",90,99.8,37.9,38,90,35,0,0,0,1.47,66,55,11,0.29,30.29,58.5,54.6,3.9,0.1,4.39,cm CMR,FW,Brentford,Premier League,24,1999,37.9,3,0,0,25,44,11,202,14,31,0,0,0,156,34,74,31.5,Bryan,Mbeumo,Bryan Mbeumo,50000000.0,50000000.0
Brennan Johnson,wls WAL,FW,Tottenham,Premier League,23,2001,33,24,"2,177",24.2,11,3,14,11,0,0,5,0,10.4,10.4,2.3,12.7,60,71,197,0.45,0.12,0.58,0.45,0.58,0.43,0.09,0.52,0.43,0.52,wls WAL,FW,Tottenham,Premier League,23,2001,24.2,11,54,20,37.0,2.23,0.83,0.2,0.55,11.4,0,0,0,10.4,10.4,0.19,0.6,0.6,wls WAL,FW,Tottenham,Premier League,23,2001,24.2,449,638,70.4,5932,1611,274,341,80.4,144,191,75.4,11,34,32.4,3,2.3,2.0,0.7,19,25,35,6,71,wls WAL,FW,Tottenham,Premier League,23,2001,24.2,638,624,12,0,0,1,53,12,0,0,0,0,449,2,41,wls WAL,FW,Tottenham,Premier League,23,2001,24.2,46,1.9,30,0,6,4,5,1,7,0.29,5,0,1,0,1,0,wls WAL,FW,Tottenham,Premier League,23,2001,24.2,39,26,9,20,10,16,34,47.1,18,25,3,22,4,43,14,0,wls WAL,FW,Tottenham,Premier League,23,2001,24.2,853,18,98,292,475,125,853,44,19,43.2,22,50.0,544,2939,1460,60,23,35,26,17,626,197,wls WAL,FW,Tottenham,Premier League,23,2001,33,"2,177",66,63.7,24.2,24,79,14,9,31,2,1.03,40,38,2,0.08,0.3,39.5,38.8,0.7,0.03,0.4,wls WAL,FW,Tottenham,Premier League,23,2001,24.2,5,0,0,27,26,12,53,4,26,2,0,0,63,7,20,25.9,Brennan,Johnson,Brennan Johnson,50000000.0,50000000.0
Pedro Neto,pt POR,FW,Chelsea,Premier League,24,2000,35,24,"2,269",25.2,4,6,10,4,0,0,8,0,3.5,3.5,6.7,10.2,126,60,253,0.16,0.24,0.4,0.16,0.4,0.14,0.27,0.4,0.14,0.4,pt POR,FW,Chelsea,Premier League,24,2000,25.2,4,59,17,28.8,2.34,0.67,0.07,0.24,18.2,0,0,0,3.5,3.5,0.06,0.5,0.5,pt POR,FW,Chelsea,Premier League,24,2000,25.2,702,895,78.4,11347,2418,347,373,93.0,267,326,81.9,60,127,47.2,6,6.7,4.8,-0.7,46,30,37,23,60,pt POR,FW,Chelsea,Premier League,24,2000,25.2,895,807,86,14,0,5,149,13,56,16,15,5,702,2,26,pt POR,FW,Chelsea,Premier League,24,2000,25.2,90,3.57,64,9,6,7,4,0,9,0.36,5,1,2,1,0,0,pt POR,FW,Chelsea,Premier League,24,2000,25.2,23,9,9,9,5,9,21,42.9,12,14,2,12,9,32,6,0,pt POR,FW,Chelsea,Premier League,24,2000,25.2,1153,13,100,336,735,116,1153,104,34,32.7,46,44.2,746,6336,3342,126,57,45,45,30,838,253,pt POR,FW,Chelsea,Premier League,24,2000,35,"2,269",65,66.3,25.2,24,82,15,11,27,1,1.71,40,25,15,0.59,0.13,39.2,28.2,10.9,0.43,-0.32,pt POR,FW,Chelsea,Premier League,24,2000,25.2,8,0,0,21,33,3,149,9,9,0,0,0,81,11,30,26.8,Pedro,Neto,Pedro Neto,50000000.0,55000000.0
Alex Baena,es ESP,MF,Villarreal,La Liga,23,2001,32,30,"2,595",28.8,7,9,16,7,0,1,9,0,7.1,6.3,11.7,18.1,91,189,154,0.24,0.31,0.55,0.24,0.55,0.25,0.41,0.65,0.22,0.63,es ESP,"MF,FW",Villarreal,La Liga,23,2001,28.8,7,69,17,24.6,2.39,0.59,0.1,0.41,21.0,8,0,1,7.1,6.3,0.09,-0.1,0.7,es ESP,"MF,FW",Villarreal,La Liga,23,2001,28.8,857,1287,66.6,17433,6579,314,394,79.7,393,535,73.5,138,278,49.6,9,11.7,12.6,-2.7,95,95,72,19,189,es ESP,"MF,FW",Villarreal,La Liga,23,2001,28.8,1287,1082,192,52,22,20,207,24,107,43,42,0,857,13,41,es ESP,"MF,FW",Villarreal,La Liga,23,2001,28.8,169,5.86,108,41,4,11,4,1,21,0.73,17,2,1,0,1,0,es ESP,"MF,FW",Villarreal,La Liga,23,2001,28.8,28,15,6,14,8,10,39,25.6,29,29,2,27,22,50,22,2,es ESP,"MF,FW",Villarreal,La Liga,23,2001,28.8,1569,23,209,634,762,89,1568,56,21,37.5,27,48.2,895,5493,3201,91,93,15,42,32,1044,154,es ESP,"MF,FW",Villarreal,La Liga,23,2001,32,"2,595",81,75.9,28.8,30,84,16,2,33,0,1.91,59,36,23,0.8,1.12,52.5,29.2,23.3,0.81,1.13,es ESP,"MF,FW",Villarreal,La Liga,23,2001,28.8,9,0,0,43,47,5,207,22,15,0,0,0,140,16,19,45.7,Alex,Baena,Alex Baena,50000000.0,50000000.0
Darwin Nunez,uy URU,FW,Liverpool,Premier League,25,1999,30,8,"1,133",12.6,5,2,7,5,0,0,8,0,5.8,5.8,1.3,7.1,23,27,78,0.4,0.16,0.56,0.4,0.56,0.46,0.1,0.57,0.46,0.57,uy URU,FW,Liverpool,Premier League,25,1999,12.6,5,34,13,38.2,2.7,1.03,0.15,0.38,14.3,0,0,0,5.8,5.8,0.17,-0.8,-0.8,uy URU,FW,Liverpool,Premier League,25,1999,12.6,163,230,70.9,2390,587,89,111,80.2,48,65,73.8,13,20,65.0,2,1.3,0.5,0.7,11,9,3,1,27,uy URU,FW,Liverpool,Premier League,25,1999,12.6,230,225,4,0,1,6,3,2,0,0,0,0,163,1,13,uy URU,FW,Liverpool,Premier League,25,1999,12.6,31,2.46,21,0,4,1,2,3,4,0.32,3,0,0,0,1,0,uy URU,FW,Liverpool,Premier League,25,1999,12.6,21,18,11,4,6,7,18,38.9,11,6,0,6,4,25,12,0,uy URU,FW,Liverpool,Premier League,25,1999,12.6,366,10,45,122,210,74,366,23,8,34.8,14,60.9,201,1063,568,23,19,12,24,21,248,78,uy URU,FW,Liverpool,Premier League,25,1999,30,"1,133",38,33.1,12.6,8,78,2,22,23,5,2.07,29,21,8,0.64,-0.82,27.2,16.6,10.6,0.84,-0.46,uy URU,FW,Liverpool,Premier League,25,1999,12.6,8,0,0,27,14,12,3,4,18,1,0,0,41,20,33,37.7,Darwin,Nunez,Darwin Nunez,50000000.0,70000000.0
Jarrad Branthwaite,eng ENG,DF,Everton,Premier League,22,2002,30,28,"2,511",27.9,0,1,1,0,0,0,4,0,1.2,1.2,0.7,1.9,10,66,2,0.0,0.04,0.04,0.0,0.04,0.04,0.02,0.07,0.04,0.07,eng ENG,DF,Everton,Premier League,22,2002,27.9,0,10,3,30.0,0.36,0.11,0.0,0.0,8.2,0,0,0,1.2,1.2,0.12,-1.2,-1.2,eng ENG,DF,Everton,Premier League,22,2002,27.9,984,1198,82.1,19285,7699,368,409,90.0,488,539,90.5,121,218,55.5,1,0.7,0.6,0.3,3,86,3,0,66,eng ENG,DF,Everton,Premier League,22,2002,27.9,1198,1141,51,38,1,17,5,3,0,0,0,0,984,6,7,eng ENG,DF,Everton,Premier League,22,2002,27.9,13,0.47,11,1,0,0,1,0,2,0.07,1,1,0,0,0,0,eng ENG,DF,Everton,Premier League,22,2002,27.9,36,20,26,10,0,20,28,71.4,8,31,23,8,27,63,191,4,eng ENG,DF,Everton,Premier League,22,2002,27.9,1520,211,783,676,69,28,1520,6,3,50.0,2,33.3,747,4143,2515,10,14,2,8,4,894,2,eng ENG,DF,Everton,Premier League,22,2002,30,"2,511",84,73.4,27.9,28,89,27,2,4,0,1.33,34,28,6,0.22,1.01,31.1,30.0,1.1,0.04,0.59,eng ENG,DF,Everton,Premier League,22,2002,27.9,4,0,0,12,18,1,5,27,20,0,0,0,93,61,42,59.2,Jarrad,Branthwaite,Jarrad Branthwaite,50000000.0,50000000.0
Dayot Upamecano,fr FRA,DF,Bayern Munich,Bundesliga,25,1998,20,20,"1,759",19.5,2,0,2,2,0,0,6,0,1.2,1.2,0.5,1.7,17,137,4,0.1,0.0,0.1,0.1,0.1,0.06,0.03,0.09,0.06,0.09,fr FRA,DF,Bayern Munich,Bundesliga,25,1998,19.5,2,13,6,46.2,0.67,0.31,0.15,0.33,11.1,0,0,0,1.2,1.2,0.09,0.8,0.8,fr FRA,DF,Bayern Munich,Bundesliga,25,1998,19.5,1805,1923,93.9,34017,11145,602,641,93.9,1040,1075,96.7,147,177,83.1,0,0.5,1.2,-0.5,7,197,3,1,137,fr FRA,DF,Bayern Munich,Bundesliga,25,1998,19.5,1923,1880,42,21,0,2,6,8,0,0,0,0,1805,1,7,fr FRA,DF,Bayern Munich,Bundesliga,25,1998,19.5,20,1.02,20,0,0,0,0,0,0,0.0,0,0,0,0,0,0,fr FRA,DF,Bayern Munich,Bundesliga,25,1998,19.5,36,22,18,16,2,16,29,55.2,13,17,7,10,34,70,45,1,fr FRA,DF,Bayern Munich,Bundesliga,25,1998,19.5,2101,96,626,1364,116,17,2101,6,3,50.0,3,50.0,1440,7122,4165,17,27,0,6,4,1632,4,fr FRA,DF,Bayern Munich,Bundesliga,25,1998,20,"1,759",88,57.5,19.5,20,88,16,0,0,2,2.5,60,16,44,2.25,0.66,47.1,12.5,34.6,1.77,0.28,fr FRA,DF,Bayern Munich,Bundesliga,25,1998,19.5,6,0,0,20,11,0,6,34,22,0,0,0,115,59,42,58.4,Dayot,Upamecano,Dayot Upamecano,50000000.0,60000000.0
Castello Lukeba,fr FRA,DF,RB Leipzig,Bundesliga,21,2002,23,18,"1,577",17.5,0,0,0,0,0,0,2,0,0.4,0.4,0.2,0.6,18,80,23,0.0,0.0,0.0,0.0,0.0,0.02,0.01,0.04,0.02,0.04,fr FRA,DF,RB Leipzig,Bundesliga,21,2002,17.5,0,4,1,25.0,0.23,0.06,0.0,0.0,15.6,0,0,0,0.4,0.4,0.1,-0.4,-0.4,fr FRA,DF,RB Leipzig,Bundesliga,21,2002,17.5,1054,1238,85.1,17686,7070,486,530,91.7,504,568,88.7,53,98,54.1,0,0.2,0.5,-0.2,4,90,7,1,80,fr FRA,DF,RB Leipzig,Bundesliga,21,2002,17.5,1238,1155,82,23,0,9,11,55,0,0,0,0,1054,1,22,fr FRA,DF,RB Leipzig,Bundesliga,21,2002,17.5,17,0.97,14,1,2,0,0,0,1,0.06,1,0,0,0,0,0,fr FRA,DF,RB Leipzig,Bundesliga,21,2002,17.5,31,17,15,12,4,17,24,70.8,7,29,12,17,17,48,74,0,fr FRA,DF,RB Leipzig,Bundesliga,21,2002,17.5,1445,125,557,772,132,14,1445,32,20,62.5,8,25.0,806,3545,1925,18,21,2,20,11,993,23,fr FRA,DF,RB Leipzig,Bundesliga,21,2002,23,"1,577",69,51.5,17.5,18,83,12,5,15,1,1.65,31,23,8,0.46,0.64,25.0,22.7,2.3,0.13,0.69,fr FRA,DF,RB Leipzig,Bundesliga,21,2002,17.5,2,0,0,12,15,0,11,17,17,0,0,0,74,26,13,66.7,Castello,Lukeba,Castello Lukeba,50000000.0,50000000.0
Jurrien Timber,nl NED,DF,Arsenal,Premier League,23,2001,30,27,"2,417",26.9,1,3,4,1,0,0,7,0,1.2,1.2,0.8,2.1,57,146,104,0.04,0.11,0.15,0.04,0.15,0.05,0.03,0.08,0.05,0.08,nl NED,DF,Arsenal,Premier League,23,2001,26.9,1,14,4,28.6,0.52,0.15,0.07,0.25,14.1,0,0,0,1.2,1.2,0.09,-0.2,-0.2,nl NED,DF,Arsenal,Premier League,23,2001,26.9,1194,1395,85.6,17327,4642,674,741,91.0,472,549,86.0,27,51,52.9,3,0.8,1.3,2.2,17,107,17,2,146,nl NED,DF,Arsenal,Premier League,23,2001,26.9,1395,1188,204,22,2,1,28,182,0,0,0,0,1194,3,25,nl NED,DF,Arsenal,Premier League,23,2001,26.9,52,1.94,46,1,3,0,1,1,9,0.34,8,0,1,0,0,0,nl NED,DF,Arsenal,Premier League,23,2001,26.9,58,38,17,30,11,18,27,66.7,9,19,4,15,22,80,44,1,nl NED,DF,Arsenal,Premier League,23,2001,26.9,1661,51,304,859,505,66,1661,53,24,45.3,24,45.3,890,3916,2076,57,27,11,33,24,1052,104,nl NED,DF,Arsenal,Premier League,23,2001,30,"2,417",81,70.7,26.9,27,87,18,3,25,2,2.0,52,21,31,1.15,0.8,42.3,21.3,21.0,0.78,0.38,nl NED,DF,Arsenal,Premier League,23,2001,26.9,7,0,0,31,29,6,28,22,38,0,0,0,94,22,20,52.4,Jurrien,Timber,Jurrien Timber,50000000.0,50000000.0
Ollie Watkins,eng ENG,FW,Aston Villa,Premier League,28,1995,38,31,"2,598",28.9,16,8,24,14,2,2,2,0,15.3,13.8,3.3,17.1,55,31,165,0.55,0.28,0.83,0.48,0.76,0.53,0.12,0.65,0.48,0.59,eng ENG,FW,Aston Villa,Premier League,28,1995,28.9,16,82,36,43.9,2.84,1.25,0.17,0.39,12.1,0,2,2,15.3,13.8,0.17,0.7,0.2,eng ENG,FW,Aston Villa,Premier League,28,1995,28.9,307,424,72.4,3915,656,192,246,78.0,85,110,77.3,9,13,69.2,8,3.3,2.1,4.7,24,12,13,0,31,eng ENG,FW,Aston Villa,Premier League,28,1995,28.9,424,415,6,0,1,1,7,0,0,0,0,0,307,3,17,eng ENG,FW,Aston Villa,Premier League,28,1995,28.9,53,1.84,36,0,4,7,6,0,12,0.42,8,0,1,1,2,0,eng ENG,FW,Aston Villa,Premier League,28,1995,28.9,10,7,0,6,4,3,11,27.3,8,11,3,8,8,18,15,2,eng ENG,FW,Aston Villa,Premier League,28,1995,28.9,695,18,50,248,407,168,693,41,10,24.4,27,65.9,409,2243,1125,55,21,38,60,50,552,165,eng ENG,FW,Aston Villa,Premier League,28,1995,38,"2,598",68,76.0,28.9,31,78,11,7,25,0,1.74,49,40,9,0.31,0.53,43.8,38.7,5.1,0.18,0.08,eng ENG,FW,Aston Villa,Premier League,28,1995,28.9,2,0,0,29,33,16,7,8,7,2,0,0,43,52,71,42.3,Ollie,Watkins,Ollie Watkins,50000000.0,65000000.0
Ben White,eng ENG,DF,Arsenal,Premier League,26,1997,17,13,"1,198",13.3,0,2,2,0,0,0,2,0,0.5,0.5,1.4,1.8,23,59,42,0.0,0.15,0.15,0.0,0.15,0.03,0.1,0.14,0.03,0.14,eng ENG,DF,Arsenal,Premier League,26,1997,13.3,0,9,2,22.2,0.68,0.15,0.0,0.0,19.4,0,0,0,0.5,0.5,0.05,-0.5,-0.5,eng ENG,DF,Arsenal,Premier League,26,1997,13.3,580,692,83.8,9173,2998,309,337,91.7,234,276,84.8,24,50,48.0,2,1.4,1.4,0.6,10,55,11,2,59,eng ENG,DF,Arsenal,Premier League,26,1997,13.3,692,583,107,20,1,7,17,83,0,0,0,0,580,2,7,eng ENG,DF,Arsenal,Premier League,26,1997,13.3,23,1.73,22,1,0,0,0,0,2,0.15,2,0,0,0,0,0,eng ENG,DF,Arsenal,Premier League,26,1997,13.3,20,14,10,4,6,16,38,42.1,22,10,8,2,16,36,44,0,eng ENG,DF,Arsenal,Premier League,26,1997,13.3,813,55,214,367,238,28,813,6,0,0.0,5,83.3,394,1617,953,23,16,4,10,6,494,42,eng ENG,DF,Arsenal,Premier League,26,1997,17,"1,198",70,35.0,13.3,13,86,10,4,19,3,1.47,20,13,7,0.53,-0.61,18.9,16.2,2.7,0.21,-0.71,eng ENG,DF,Arsenal,Premier League,26,1997,13.3,2,0,0,10,5,1,17,16,14,0,0,0,37,18,9,66.7,Ben,White,Ben White,50000000.0,55000000.0
Aleksandar Pavlovic,de GER,MF,Bayern Munich,Bundesliga,20,2004,21,18,"1,451",16.1,1,0,1,1,0,0,2,0,0.6,0.6,0.2,0.8,15,128,33,0.06,0.0,0.06,0.06,0.06,0.03,0.01,0.05,0.03,0.05,de GER,MF,Bayern Munich,Bundesliga,20,2004,16.1,1,9,4,44.4,0.56,0.25,0.11,0.25,20.4,0,0,0,0.6,0.6,0.06,0.4,0.4,de GER,MF,Bayern Munich,Bundesliga,20,2004,16.1,1437,1541,93.3,22476,5374,793,821,96.6,547,575,95.1,76,104,73.1,0,0.2,1.9,-0.2,7,169,13,1,128,de GER,MF,Bayern Munich,Bundesliga,20,2004,16.1,1541,1529,11,8,5,6,5,3,0,0,0,0,1437,1,9,de GER,MF,Bayern Munich,Bundesliga,20,2004,16.1,30,1.86,29,0,0,1,0,0,3,0.19,3,0,0,0,0,0,de GER,MF,Bayern Munich,Bundesliga,20,2004,16.1,38,21,13,15,10,22,32,68.8,10,18,3,15,5,43,14,0,de GER,MF,Bayern Munich,Bundesliga,20,2004,16.1,1648,17,194,1100,363,11,1648,5,5,100.0,0,0.0,1035,4360,1984,15,43,3,13,2,1401,33,de GER,MF,Bayern Munich,Bundesliga,20,2004,21,"1,451",69,47.4,16.1,18,76,8,3,26,3,2.38,49,12,37,2.29,0.62,34.5,12.6,21.9,1.36,-0.56,de GER,MF,Bayern Munich,Bundesliga,20,2004,16.1,2,0,0,17,9,0,5,5,21,0,0,0,72,12,10,54.5,Aleksandar,Pavlovic,Aleksandar Pavlovic,50000000.0,50000000.0
Christian Pulisic,us USA,FW,Milan,Serie A,25,1998,34,29,"2,478",27.5,11,9,20,8,3,4,1,0,12.0,8.9,6.4,15.2,121,105,191,0.4,0.33,0.73,0.29,0.62,0.44,0.23,0.67,0.32,0.55,us USA,"FW,MF",Milan,Serie A,25,1998,27.5,11,53,20,37.7,1.92,0.73,0.15,0.4,16.7,1,3,4,12.0,8.9,0.17,-1.0,-0.9,us USA,"FW,MF",Milan,Serie A,25,1998,27.5,825,1078,76.5,12131,3064,491,553,88.8,259,341,76.0,45,112,40.2,9,6.4,6.3,2.6,69,56,35,8,105,us USA,"FW,MF",Milan,Serie A,25,1998,27.5,1078,960,111,23,15,2,119,16,72,49,6,0,825,7,25,us USA,"FW,MF",Milan,Serie A,25,1998,27.5,125,4.54,86,17,6,8,5,3,14,0.51,6,3,0,3,1,1,us USA,"FW,MF",Milan,Serie A,25,1998,27.5,43,29,17,14,12,15,37,40.5,22,24,2,22,5,48,13,2,us USA,"FW,MF",Milan,Serie A,25,1998,27.5,1367,15,156,524,709,128,1363,87,39,44.8,36,41.4,859,6117,3406,121,75,37,57,40,985,191,us USA,"FW,MF",Milan,Serie A,25,1998,34,"2,478",73,72.5,27.5,29,80,10,5,30,0,1.71,50,32,18,0.65,0.65,51.9,29.3,22.6,0.82,0.84,us USA,"FW,MF",Milan,Serie A,25,1998,27.5,1,0,0,20,37,3,119,5,29,1,0,0,94,11,42,20.8,Christian,Pulisic,Christian Pulisic,50000000.0,60000000.0
Tijjani Reijnders,nl NED,MF,Milan,Serie A,26,1998,37,36,"3,128",34.8,10,4,14,10,0,0,2,1,7.5,7.5,3.5,11.0,111,230,121,0.29,0.12,0.4,0.29,0.4,0.22,0.1,0.32,0.22,0.32,nl NED,MF,Milan,Serie A,26,1998,34.8,10,77,28,36.4,2.22,0.81,0.13,0.36,20.0,2,0,0,7.5,7.5,0.1,2.5,2.5,nl NED,MF,Milan,Serie A,26,1998,34.8,1355,1549,87.5,22565,6476,640,702,91.2,579,632,91.6,99,141,70.2,4,3.5,3.6,0.5,47,135,56,2,230,nl NED,MF,Milan,Serie A,26,1998,34.8,1549,1432,112,65,14,3,46,7,31,16,6,0,1355,5,16,nl NED,MF,Milan,Serie A,26,1998,34.8,117,3.37,77,15,13,8,3,1,10,0.29,5,2,1,2,0,0,nl NED,MF,Milan,Serie A,26,1998,34.8,26,13,6,14,6,10,26,38.5,16,22,4,18,38,64,28,2,nl NED,MF,Milan,Serie A,26,1998,34.8,1863,41,280,950,651,82,1863,71,36,50.7,29,40.8,1214,8113,4203,111,99,29,36,32,1390,121,nl NED,MF,Milan,Serie A,26,1998,37,"3,128",85,91.5,34.8,36,86,31,1,32,0,1.7,59,40,19,0.55,0.85,59.4,39.0,20.4,0.59,-0.04,nl NED,MF,Milan,Serie A,26,1998,34.8,2,1,0,28,22,2,46,38,13,1,0,0,125,5,15,25.0,Tijjani,Reijnders,Tijjani Reijnders,50000000.0,50000000.0
Pablo Barrios,es ESP,MF,Atletico Madrid,La Liga,21,2003,31,28,"2,330",25.9,1,4,5,1,0,0,4,1,1.3,1.3,2.4,3.7,29,142,69,0.04,0.15,0.19,0.04,0.19,0.05,0.09,0.14,0.05,0.14,es ESP,MF,Atletico Madrid,La Liga,21,2003,25.9,1,29,8,27.6,1.12,0.31,0.03,0.13,23.1,0,0,0,1.3,1.3,0.05,-0.3,-0.3,es ESP,MF,Atletico Madrid,La Liga,21,2003,25.9,1299,1511,86.0,20821,5648,685,749,91.5,496,547,90.7,88,139,63.3,4,2.4,2.0,1.6,26,148,24,5,142,es ESP,MF,Atletico Madrid,La Liga,21,2003,25.9,1511,1478,30,23,5,11,26,5,0,0,0,0,1299,3,28,es ESP,MF,Atletico Madrid,La Liga,21,2003,25.9,66,2.55,58,1,1,3,1,2,11,0.43,11,0,0,0,0,0,es ESP,MF,Atletico Madrid,La Liga,21,2003,25.9,46,26,23,20,3,23,47,48.9,24,18,5,13,34,80,33,9,es ESP,MF,Atletico Madrid,La Liga,21,2003,25.9,1784,51,415,1001,378,29,1784,42,25,59.5,14,33.3,1119,5204,2315,29,35,6,49,23,1308,69,es ESP,MF,Atletico Madrid,La Liga,21,2003,31,"2,330",75,68.1,25.9,28,80,19,3,34,0,2.0,51,24,27,1.04,0.13,45.7,21.7,24.0,0.93,0.33,es ESP,MF,Atletico Madrid,La Liga,21,2003,25.9,4,1,0,28,27,0,26,34,26,0,0,0,131,35,21,62.5,Pablo,Barrios,Pablo Barrios,50000000.0,50000000.0
Joshua Kimmich,de GER,MF,Bayern Munich,Bundesliga,29,1995,33,32,"2,847",31.6,3,7,10,3,0,0,4,0,1.8,1.8,7.4,9.2,51,362,77,0.09,0.22,0.32,0.09,0.32,0.06,0.24,0.29,0.06,0.29,de GER,MF,Bayern Munich,Bundesliga,29,1995,31.6,3,34,10,29.4,1.07,0.32,0.09,0.3,23.9,4,0,0,1.8,1.8,0.05,1.2,1.2,de GER,MF,Bayern Munich,Bundesliga,29,1995,31.6,3269,3652,89.5,58907,17234,1466,1525,96.1,1427,1559,91.5,344,492,69.9,7,7.4,10.5,-0.4,83,437,53,10,362,de GER,MF,Bayern Munich,Bundesliga,29,1995,31.6,3652,3354,291,125,21,42,176,44,117,73,21,1,3269,7,30,de GER,MF,Bayern Munich,Bundesliga,29,1995,31.6,159,5.03,116,36,2,3,1,1,18,0.57,13,3,1,1,0,0,de GER,MF,Bayern Munich,Bundesliga,29,1995,31.6,47,29,11,29,7,30,50,60.0,20,23,3,20,25,72,34,3,de GER,MF,Bayern Munich,Bundesliga,29,1995,31.6,3867,72,540,2328,1017,19,3867,22,12,54.5,9,40.9,2399,11970,5197,51,83,1,21,7,3047,77,de GER,MF,Bayern Munich,Bundesliga,29,1995,33,"2,847",86,93.0,31.6,32,89,31,1,15,0,2.39,90,28,62,1.96,-0.15,74.5,23.5,51.0,1.61,-0.6,de GER,MF,Bayern Munich,Bundesliga,29,1995,31.6,4,0,0,15,27,2,176,25,29,0,0,0,190,12,9,57.1,Joshua,Kimmich,Joshua Kimmich,50000000.0,90000000.0
Piero Hincapie,ec ECU,DF,Leverkusen,Bundesliga,22,2002,32,28,"2,670",29.7,2,2,4,2,0,0,8,0,2.9,2.9,3.2,6.1,52,152,72,0.07,0.07,0.13,0.07,0.13,0.1,0.11,0.21,0.1,0.21,ec ECU,DF,Leverkusen,Bundesliga,22,2002,29.7,2,22,3,13.6,0.74,0.1,0.09,0.67,13.4,0,0,0,2.9,2.9,0.13,-0.9,-0.9,ec ECU,DF,Leverkusen,Bundesliga,22,2002,29.7,1855,2110,87.9,30779,10852,876,936,93.6,821,896,91.6,116,197,58.9,2,3.2,3.5,-1.2,16,160,16,7,152,ec ECU,DF,Leverkusen,Bundesliga,22,2002,29.7,2110,1944,159,33,2,7,37,83,0,0,0,0,1855,7,21,ec ECU,DF,Leverkusen,Bundesliga,22,2002,29.7,35,1.18,27,1,0,6,0,1,3,0.1,3,0,0,0,0,0,ec ECU,DF,Leverkusen,Bundesliga,22,2002,29.7,52,40,27,15,10,25,41,61.0,16,40,20,20,32,84,114,1,ec ECU,DF,Leverkusen,Bundesliga,22,2002,29.7,2456,214,824,1288,350,48,2456,17,5,29.4,10,58.8,1366,7178,4318,52,48,6,19,5,1705,72,ec ECU,DF,Leverkusen,Bundesliga,22,2002,32,"2,670",83,87.3,29.7,28,89,25,4,44,1,2.06,61,35,26,0.88,0.18,50.1,31.6,18.4,0.62,0.11,ec ECU,DF,Leverkusen,Bundesliga,22,2002,29.7,8,0,0,26,43,0,37,32,40,0,0,1,105,65,43,60.2,Piero,Hincapie,Piero Hincapie,50000000.0,50000000.0
Jamie Gittens,eng ENG,FW,Dortmund,Bundesliga,19,2004,32,21,"1,776",19.7,8,3,11,8,0,0,4,0,3.6,3.6,2.5,6.1,113,42,180,0.41,0.15,0.56,0.41,0.56,0.18,0.13,0.31,0.18,0.31,eng ENG,"FW,MF",Dortmund,Bundesliga,19,2004,19.7,8,52,24,46.2,2.64,1.22,0.15,0.33,17.1,0,0,0,3.6,3.6,0.07,4.4,4.4,eng ENG,"FW,MF",Dortmund,Bundesliga,19,2004,19.7,427,558,76.5,5844,1011,278,318,87.4,111,144,77.1,19,38,50.0,3,2.5,4.1,0.5,21,17,24,4,42,eng ENG,"FW,MF",Dortmund,Bundesliga,19,2004,19.7,558,548,8,1,4,3,49,5,2,0,0,0,427,2,22,eng ENG,"FW,MF",Dortmund,Bundesliga,19,2004,19.7,73,3.7,34,0,29,7,3,0,10,0.51,4,0,6,0,0,0,eng ENG,"FW,MF",Dortmund,Bundesliga,19,2004,19.7,31,19,12,12,7,14,18,77.8,4,16,0,16,10,41,4,0,eng ENG,"FW,MF",Dortmund,Bundesliga,19,2004,19.7,873,8,85,293,520,110,873,171,77,45.0,72,42.1,627,5171,2826,113,56,63,49,35,653,180,eng ENG,"FW,MF",Dortmund,Bundesliga,19,2004,32,"1,776",56,58.0,19.7,21,74,4,11,20,2,1.66,35,34,1,0.05,-1.28,32.7,24.0,8.8,0.44,-0.23,eng ENG,"FW,MF",Dortmund,Bundesliga,19,2004,19.7,4,0,0,25,44,3,49,10,19,1,0,0,63,5,7,41.7,Jamie,Gittens,Jamie Gittens,50000000.0,50000000.0
Morgan Gibbs-White,eng ENG,MF,Nott'ham Forest,Premier League,24,2000,34,34,"2,803",31.1,7,8,15,7,0,0,11,1,6.3,6.3,5.0,11.2,69,164,136,0.22,0.26,0.48,0.22,0.48,0.2,0.16,0.36,0.2,0.36,eng ENG,MF,Nott'ham Forest,Premier League,24,2000,31.1,7,61,21,34.4,1.96,0.67,0.11,0.33,17.4,4,0,0,6.3,6.3,0.1,0.7,0.7,eng ENG,MF,Nott'ham Forest,Premier League,24,2000,31.1,993,1269,78.3,15389,4754,540,634,85.2,336,409,82.2,73,124,58.9,8,5.0,4.7,3.0,51,128,41,10,164,eng ENG,MF,Nott'ham Forest,Premier League,24,2000,31.1,1269,1241,18,7,19,12,45,1,1,0,0,0,993,10,27,eng ENG,MF,Nott'ham Forest,Premier League,24,2000,31.1,115,3.69,94,0,3,8,5,5,19,0.61,13,0,0,4,1,1,eng ENG,MF,Nott'ham Forest,Premier League,24,2000,31.1,43,22,14,23,6,17,33,51.5,16,18,5,13,23,66,29,1,eng ENG,MF,Nott'ham Forest,Premier League,24,2000,31.1,1626,35,185,830,636,92,1626,77,31,40.3,35,45.5,923,5093,2566,69,52,13,70,44,1226,136,eng ENG,MF,Nott'ham Forest,Premier League,24,2000,34,"2,803",82,82.0,31.1,34,82,13,0,0,0,1.74,49,34,15,0.48,0.92,36.9,40.1,-3.2,-0.1,-0.07,eng ENG,MF,Nott'ham Forest,Premier League,24,2000,31.1,11,1,1,38,40,7,45,23,22,1,0,0,127,40,55,42.1,Morgan,Gibbs-White,Morgan Gibbs-White,50000000.0,50000000.0
Jeremie Frimpong,nl NED,DF,Leverkusen,Bundesliga,23,2000,33,25,"2,314",25.7,5,5,10,5,0,0,4,0,4.1,4.1,4.2,8.3,100,55,272,0.19,0.19,0.39,0.19,0.39,0.16,0.16,0.32,0.16,0.32,nl NED,"DF,MF",Leverkusen,Bundesliga,23,2000,25.7,5,34,16,47.1,1.32,0.62,0.15,0.31,14.6,0,0,0,4.1,4.1,0.12,0.9,0.9,nl NED,"DF,MF",Leverkusen,Bundesliga,23,2000,25.7,715,940,76.1,10545,2224,404,457,88.4,257,331,77.6,30,78,38.5,5,4.2,4.7,0.8,30,28,29,18,55,nl NED,"DF,MF",Leverkusen,Bundesliga,23,2000,25.7,940,844,94,2,0,2,116,92,0,0,0,0,715,2,29,nl NED,"DF,MF",Leverkusen,Bundesliga,23,2000,25.7,66,2.57,53,0,3,4,3,3,11,0.43,7,0,1,1,1,1,nl NED,"DF,MF",Leverkusen,Bundesliga,23,2000,25.7,33,25,14,12,7,16,29,55.2,13,25,0,25,8,41,22,1,nl NED,"DF,MF",Leverkusen,Bundesliga,23,2000,25.7,1205,20,144,394,677,112,1205,78,25,32.1,47,60.3,673,4175,2389,100,41,32,45,26,827,272,nl NED,"DF,MF",Leverkusen,Bundesliga,23,2000,33,"2,314",70,75.6,25.7,25,84,10,8,28,1,2.06,53,33,20,0.78,-0.31,42.3,26.8,15.5,0.6,-0.03,nl NED,"DF,MF",Leverkusen,Bundesliga,23,2000,25.7,4,0,0,20,31,9,116,8,25,0,1,0,84,13,26,33.3,Jeremie,Frimpong,Jeremie Frimpong,50000000.0,50000000.0
Fermin Lopez,es ESP,MF,Barcelona,La Liga,21,2003,28,12,"1,252",13.9,6,5,11,6,0,0,4,1,5.6,5.6,3.9,9.5,31,79,108,0.43,0.36,0.79,0.43,0.79,0.41,0.28,0.69,0.41,0.69,es ESP,"MF,FW",Barcelona,La Liga,21,2003,13.9,6,41,15,36.6,2.95,1.08,0.15,0.4,18.0,0,0,0,5.6,5.6,0.14,0.4,0.4,es ESP,"MF,FW",Barcelona,La Liga,21,2003,13.9,552,675,81.8,8398,2128,313,350,89.4,174,210,82.9,37,63,58.7,5,3.9,4.3,1.1,29,65,20,6,79,es ESP,"MF,FW",Barcelona,La Liga,21,2003,13.9,675,624,48,6,8,5,47,4,28,12,2,1,552,3,12,es ESP,"MF,FW",Barcelona,La Liga,21,2003,13.9,57,4.1,39,5,6,4,1,2,7,0.5,7,0,0,0,0,0,es ESP,"MF,FW",Barcelona,La Liga,21,2003,13.9,19,15,3,9,7,8,32,25.0,24,11,0,11,5,24,3,0,es ESP,"MF,FW",Barcelona,La Liga,21,2003,13.9,858,5,58,366,441,59,858,55,25,45.5,26,47.3,490,2516,1137,31,22,12,36,16,649,108,es ESP,"MF,FW",Barcelona,La Liga,21,2003,28,"1,252",45,36.6,13.9,12,69,4,16,27,3,2.32,31,15,16,1.15,-0.8,30.2,14.4,15.8,1.14,-0.26,es ESP,"MF,FW",Barcelona,La Liga,21,2003,13.9,4,1,0,27,21,5,47,5,15,0,0,0,66,9,18,33.3,Fermin,Lopez,Fermin Lopez,50000000.0,50000000.0
Curtis Jones,eng ENG,MF,Liverpool,Premier League,23,2001,33,19,"1,712",19.0,3,3,6,3,0,0,3,1,4.3,4.3,1.1,5.4,30,117,79,0.16,0.16,0.32,0.16,0.32,0.23,0.06,0.29,0.23,0.29,eng ENG,"MF,DF",Liverpool,Premier League,23,2001,19.0,3,34,13,38.2,1.79,0.68,0.09,0.23,17.1,0,0,0,4.3,4.3,0.13,-1.3,-1.3,eng ENG,"MF,DF",Liverpool,Premier League,23,2001,19.0,1021,1097,93.1,15072,3158,584,605,96.5,373,404,92.3,40,53,75.5,3,1.1,1.6,1.9,22,84,19,1,117,eng ENG,"MF,DF",Liverpool,Premier League,23,2001,19.0,1097,1037,58,11,2,2,8,28,1,0,0,0,1021,2,10,eng ENG,"MF,DF",Liverpool,Premier League,23,2001,19.0,52,2.74,45,1,0,4,2,0,8,0.42,5,1,0,1,1,0,eng ENG,"MF,DF",Liverpool,Premier League,23,2001,19.0,39,22,6,23,10,17,27,63.0,10,22,9,13,7,46,10,3,eng ENG,"MF,DF",Liverpool,Premier League,23,2001,19.0,1288,41,220,683,393,58,1288,22,12,54.5,8,36.4,789,3889,1892,30,23,8,26,36,967,79,eng ENG,"MF,DF",Liverpool,Premier League,23,2001,33,"1,712",52,50.1,19.0,19,76,6,14,19,1,2.09,38,27,11,0.58,-1.21,34.6,23.4,11.1,0.59,-1.12,eng ENG,"MF,DF",Liverpool,Premier League,23,2001,19.0,3,1,1,18,25,1,8,7,22,1,0,0,97,14,13,51.9,Curtis,Jones,Curtis Jones,50000000.0,50000000.0
Mohammed Kudus,gh GHA,FW,West Ham,Premier League,23,2000,32,31,"2,590",28.8,5,3,8,5,0,0,2,1,6.9,6.9,3.1,10.0,98,79,216,0.17,0.1,0.28,0.17,0.28,0.24,0.11,0.35,0.24,0.35,gh GHA,"FW,MF",West Ham,Premier League,23,2000,28.8,5,75,21,28.0,2.61,0.73,0.07,0.24,16.0,0,0,0,6.9,6.9,0.09,-1.9,-1.9,gh GHA,"FW,MF",West Ham,Premier League,23,2000,28.8,715,855,83.6,11695,1800,381,421,90.5,256,288,88.9,58,85,68.2,3,3.1,2.7,-0.1,31,46,29,15,79,gh GHA,"FW,MF",West Ham,Premier League,23,2000,28.8,855,837,16,5,2,13,81,3,1,0,0,0,715,2,29,gh GHA,"FW,MF",West Ham,Premier League,23,2000,28.8,107,3.72,74,1,16,12,2,2,10,0.35,6,0,1,3,0,0,gh GHA,"FW,MF",West Ham,Premier League,23,2000,28.8,38,23,9,18,11,10,27,37.0,17,24,1,23,4,42,8,2,gh GHA,"FW,MF",West Ham,Premier League,23,2000,28.8,1274,13,171,536,612,127,1274,208,92,44.2,98,47.1,842,5574,2613,98,59,42,77,93,989,216,gh GHA,"FW,MF",West Ham,Premier League,23,2000,32,"2,590",81,75.7,28.8,31,83,14,1,19,0,1.13,33,46,-13,-0.45,-0.13,34.1,42.9,-8.9,-0.31,0.11,gh GHA,"FW,MF",West Ham,Premier League,23,2000,28.8,2,1,0,39,64,18,81,4,23,0,0,0,138,11,40,21.6,Mohammed,Kudus,Mohammed Kudus,50000000.0,50000000.0
Brahim Diaz,ma MAR,FW,Real Madrid,La Liga,24,1999,31,16,"1,385",15.4,4,2,6,4,0,0,0,0,5.3,5.3,3.3,8.6,39,74,110,0.26,0.13,0.39,0.26,0.39,0.34,0.22,0.56,0.34,0.56,ma MAR,"FW,MF",Real Madrid,La Liga,24,1999,15.4,4,28,15,53.6,1.82,0.97,0.14,0.27,12.6,0,0,0,5.3,5.3,0.19,-1.3,-1.3,ma MAR,"FW,MF",Real Madrid,La Liga,24,1999,15.4,573,660,86.8,7322,1909,393,432,91.0,141,163,86.5,14,21,66.7,2,3.3,2.3,-1.3,23,56,19,0,74,ma MAR,"FW,MF",Real Madrid,La Liga,24,1999,15.4,660,635,19,10,8,1,8,8,0,0,0,0,573,6,13,ma MAR,"FW,MF",Real Madrid,La Liga,24,1999,15.4,56,3.64,43,0,6,5,1,1,12,0.78,7,0,1,3,0,1,ma MAR,"FW,MF",Real Madrid,La Liga,24,1999,15.4,25,19,9,13,3,7,19,36.8,12,16,1,15,4,29,2,1,ma MAR,"FW,MF",Real Madrid,La Liga,24,1999,15.4,833,5,76,417,350,66,833,47,24,51.1,19,40.4,541,2501,1223,39,16,12,44,27,669,110,ma MAR,"FW,MF",Real Madrid,La Liga,24,1999,31,"1,385",45,40.5,15.4,16,68,5,15,20,0,2.1,43,16,27,1.75,1.18,37.1,19.4,17.7,1.15,0.5,ma MAR,"FW,MF",Real Madrid,La Liga,24,1999,15.4,0,0,0,14,34,1,8,4,19,0,0,0,54,3,14,17.6,Brahim,Diaz,Brahim Diaz,45000000.0,45000000.0
Arda Guler,tr TUR,MF,Real Madrid,La Liga,19,2005,28,14,"1,250",13.9,3,4,7,3,0,0,1,0,3.3,3.3,4.5,7.7,34,93,86,0.22,0.29,0.5,0.22,0.5,0.24,0.32,0.56,0.24,0.56,tr TUR,"MF,FW",Real Madrid,La Liga,19,2005,13.9,3,39,16,41.0,2.81,1.15,0.08,0.19,20.0,2,0,0,3.3,3.3,0.08,-0.3,-0.3,tr TUR,"MF,FW",Real Madrid,La Liga,19,2005,13.9,763,886,86.1,12391,3189,414,441,93.9,265,299,88.6,67,112,59.8,4,4.5,4.4,-0.5,40,82,31,5,93,tr TUR,"MF,FW",Real Madrid,La Liga,19,2005,13.9,886,805,80,18,10,8,57,13,47,30,7,0,763,1,13,tr TUR,"MF,FW",Real Madrid,La Liga,19,2005,13.9,79,5.69,52,13,8,4,1,1,11,0.79,4,3,1,2,1,0,tr TUR,"MF,FW",Real Madrid,La Liga,19,2005,13.9,30,16,11,8,11,9,22,40.9,13,18,0,18,7,37,8,0,tr TUR,"MF,FW",Real Madrid,La Liga,19,2005,13.9,1058,14,131,477,460,50,1058,45,20,44.4,20,44.4,696,3418,1720,34,33,10,23,9,808,86,tr TUR,"MF,FW",Real Madrid,La Liga,19,2005,28,"1,250",45,36.5,13.9,14,73,2,14,16,10,2.36,28,17,11,0.79,-0.41,28.1,16.0,12.1,0.87,0.03,tr TUR,"MF,FW",Real Madrid,La Liga,19,2005,13.9,1,0,0,15,31,4,57,7,16,1,0,0,56,7,11,38.9,Arda,Guler,Arda Guler,45000000.0,45000000.0
Frenkie de Jong,nl NED,MF,Barcelona,La Liga,27,1997,26,9,"1,143",12.7,2,2,4,2,0,0,3,0,0.7,0.7,2.0,2.6,36,120,24,0.16,0.16,0.31,0.16,0.31,0.05,0.16,0.21,0.05,0.21,nl NED,MF,Barcelona,La Liga,27,1997,12.7,2,5,3,60.0,0.39,0.24,0.4,0.67,17.0,0,0,0,0.7,0.7,0.13,1.3,1.3,nl NED,MF,Barcelona,La Liga,27,1997,12.7,1084,1148,94.4,16878,4702,575,588,97.8,404,422,95.7,68,78,87.2,2,2.0,2.0,0.0,21,140,12,0,120,nl NED,MF,Barcelona,La Liga,27,1997,12.7,1148,1120,26,24,4,2,6,2,0,0,0,0,1084,2,11,nl NED,MF,Barcelona,La Liga,27,1997,12.7,43,3.39,39,0,2,1,0,1,11,0.87,9,0,2,0,0,0,nl NED,MF,Barcelona,La Liga,27,1997,12.7,19,11,5,8,6,8,16,50.0,8,9,1,8,12,31,7,1,nl NED,MF,Barcelona,La Liga,27,1997,12.7,1226,15,137,821,271,13,1226,8,5,62.5,3,37.5,815,4667,2630,36,38,1,5,7,993,24,nl NED,MF,Barcelona,La Liga,27,1997,26,"1,143",44,33.4,12.7,9,72,3,17,29,3,2.35,42,18,24,1.89,0.35,34.3,17.2,17.1,1.35,0.07,nl NED,MF,Barcelona,La Liga,27,1997,12.7,3,0,0,14,18,0,6,12,11,0,1,0,57,10,7,58.8,Frenkie,de Jong,Frenkie de Jong,45000000.0,90000000.0
Diogo Jota,pt POR,FW,Liverpool,Premier League,27,1996,26,14,"1,196",13.3,6,3,9,6,0,0,2,0,7.9,7.9,1.8,9.8,37,34,88,0.45,0.23,0.68,0.45,0.68,0.6,0.14,0.74,0.6,0.74,pt POR,FW,Liverpool,Premier League,27,1996,13.3,6,51,13,25.5,3.84,0.98,0.12,0.46,12.4,0,0,0,7.9,7.9,0.16,-1.9,-1.9,pt POR,FW,Liverpool,Premier League,27,1996,13.3,216,310,69.7,3313,829,113,147,76.9,79,104,76.0,13,23,56.5,3,1.8,1.1,1.2,11,29,3,1,34,pt POR,FW,Liverpool,Premier League,27,1996,13.3,310,305,3,0,1,2,8,1,0,0,0,0,216,2,15,pt POR,FW,Liverpool,Premier League,27,1996,13.3,37,2.79,24,0,6,5,1,1,9,0.68,5,0,2,1,1,0,pt POR,FW,Liverpool,Premier League,27,1996,13.3,14,8,2,8,4,7,19,36.8,12,9,0,9,8,22,6,0,pt POR,FW,Liverpool,Premier League,27,1996,13.3,485,6,35,198,259,97,485,33,11,33.3,20,60.6,263,1500,796,37,23,21,40,22,333,88,pt POR,FW,Liverpool,Premier League,27,1996,26,"1,196",46,35.0,13.3,14,67,2,12,22,3,2.12,29,12,17,1.28,0.15,28.9,12.0,16.9,1.28,0.2,pt POR,FW,Liverpool,Premier League,27,1996,13.3,2,0,0,23,14,1,8,8,8,1,0,0,41,22,32,40.7,,Diogo Jota,Diogo Jota,45000000.0,60000000.0
Mateo Retegui,it ITA,FW,Atalanta,Serie A,25,1999,36,32,"2,383",26.5,25,8,33,21,4,5,3,0,18.9,14.9,4.9,19.8,21,46,199,0.94,0.3,1.25,0.79,1.1,0.71,0.18,0.9,0.56,0.75,it ITA,FW,Atalanta,Serie A,25,1999,26.5,25,99,32,32.3,3.74,1.21,0.21,0.66,12.8,2,4,5,18.9,14.9,0.15,6.1,6.1,it ITA,FW,Atalanta,Serie A,25,1999,26.5,440,575,76.5,6210,971,264,314,84.1,135,168,80.4,22,34,64.7,8,4.9,2.2,3.1,38,29,9,1,46,it ITA,FW,Atalanta,Serie A,25,1999,26.5,575,527,46,0,2,6,15,2,0,0,0,0,440,2,19,it ITA,FW,Atalanta,Serie A,25,1999,26.5,76,2.87,62,0,2,8,4,0,14,0.53,11,0,0,2,1,0,it ITA,FW,Atalanta,Serie A,25,1999,26.5,14,9,0,9,5,3,16,18.8,13,7,0,7,4,18,17,0,it ITA,FW,Atalanta,Serie A,25,1999,26.5,874,19,30,378,474,173,869,30,12,40.0,12,40.0,557,2233,472,21,12,11,96,48,704,199,it ITA,FW,Atalanta,Serie A,25,1999,36,"2,383",66,69.7,26.5,32,72,6,4,21,0,2.0,63,28,35,1.32,0.8,46.5,26.2,20.3,0.77,0.24,it ITA,FW,Atalanta,Serie A,25,1999,26.5,3,0,0,32,34,6,15,4,9,2,0,0,69,51,68,42.9,Mateo,Retegui,Mateo Retegui,45000000.0,45000000.0
Victor Boniface,ng NGA,FW,Leverkusen,Bundesliga,23,2000,19,12,"1,008",11.2,8,1,9,8,0,1,2,0,7.8,7.1,1.1,8.1,26,23,61,0.71,0.09,0.8,0.71,0.8,0.7,0.1,0.8,0.63,0.73,ng NGA,FW,Leverkusen,Bundesliga,23,2000,11.2,8,50,17,34.0,4.46,1.52,0.16,0.47,14.5,0,0,1,7.8,7.1,0.14,0.2,0.9,ng NGA,FW,Leverkusen,Bundesliga,23,2000,11.2,172,245,70.2,2453,503,95,127,74.8,52,68,76.5,12,16,75.0,1,1.1,1.0,-0.1,10,10,8,2,23,ng NGA,FW,Leverkusen,Bundesliga,23,2000,11.2,245,237,6,0,1,2,6,2,0,0,0,0,172,2,7,ng NGA,FW,Leverkusen,Bundesliga,23,2000,11.2,32,2.86,19,0,5,8,0,0,3,0.27,1,0,2,0,0,0,ng NGA,FW,Leverkusen,Bundesliga,23,2000,11.2,5,4,0,3,2,3,4,75.0,1,1,0,1,0,5,5,0,ng NGA,FW,Leverkusen,Bundesliga,23,2000,11.2,400,5,24,163,215,77,399,35,15,42.9,19,54.3,207,1148,507,26,12,15,43,29,319,61,ng NGA,FW,Leverkusen,Bundesliga,23,2000,19,"1,008",53,32.9,11.2,12,75,0,7,16,5,2.0,23,11,12,1.07,0.33,20.3,11.5,8.8,0.79,0.27,ng NGA,FW,Leverkusen,Bundesliga,23,2000,11.2,2,0,0,14,8,7,6,0,4,0,0,0,28,32,22,59.3,Victor,Boniface,Victor Boniface,45000000.0,45000000.0
Alejandro Garnacho,ar ARG,MF,Manchester Utd,Premier League,20,2004,36,23,"2,199",24.4,6,2,8,6,0,0,3,0,7.3,7.3,4.5,11.8,141,56,290,0.25,0.08,0.33,0.25,0.33,0.3,0.19,0.48,0.3,0.48,ar ARG,"MF,FW",Manchester Utd,Premier League,20,2004,24.4,6,84,29,34.5,3.44,1.19,0.07,0.21,17.0,0,0,0,7.3,7.3,0.09,-1.3,-1.3,ar ARG,"MF,FW",Manchester Utd,Premier League,20,2004,24.4,649,823,78.9,9138,1181,405,458,88.4,183,223,82.1,31,52,59.6,2,4.5,2.8,-2.5,37,22,25,5,56,ar ARG,"MF,FW",Manchester Utd,Premier League,20,2004,24.4,823,798,24,3,2,9,56,16,2,1,0,0,649,1,54,ar ARG,"MF,FW",Manchester Utd,Premier League,20,2004,24.4,83,3.4,64,1,3,9,6,0,6,0.25,4,0,0,1,1,0,ar ARG,"MF,FW",Manchester Utd,Premier League,20,2004,24.4,30,18,11,6,13,12,37,32.4,25,19,0,19,13,43,11,2,ar ARG,"MF,FW",Manchester Utd,Premier League,20,2004,24.4,1159,13,130,364,683,176,1159,89,26,29.2,55,61.8,840,6365,3245,141,72,67,64,48,888,290,ar ARG,"MF,FW",Manchester Utd,Premier League,20,2004,36,"2,199",61,64.3,24.4,23,81,14,13,26,0,1.0,26,36,-10,-0.41,-0.41,35.6,35.0,0.5,0.02,0.15,ar ARG,"MF,FW",Manchester Utd,Premier League,20,2004,24.4,3,0,0,12,43,10,56,13,18,0,0,0,108,3,24,11.1,Alejandro,Garnacho,Alejandro Garnacho,45000000.0,50000000.0
Marc Guehi,eng ENG,DF,Crystal Palace,Premier League,24,2000,34,34,"3,059",34.0,3,2,5,3,0,0,9,1,2.0,2.0,1.8,3.7,22,134,10,0.09,0.06,0.15,0.09,0.15,0.06,0.05,0.11,0.06,0.11,eng ENG,DF,Crystal Palace,Premier League,24,2000,34.0,3,15,7,46.7,0.44,0.21,0.2,0.43,10.7,0,0,0,2.0,2.0,0.13,1.0,1.0,eng ENG,DF,Crystal Palace,Premier League,24,2000,34.0,1473,1765,83.5,28093,11512,549,605,90.7,760,854,89.0,152,274,55.5,2,1.8,2.0,0.2,16,133,11,3,134,eng ENG,DF,Crystal Palace,Premier League,24,2000,34.0,1765,1664,95,76,7,14,13,6,0,0,0,0,1473,6,9,eng ENG,DF,Crystal Palace,Premier League,24,2000,34.0,44,1.29,36,0,0,4,2,2,5,0.15,4,0,0,0,0,1,eng ENG,DF,Crystal Palace,Premier League,24,2000,34.0,61,34,36,23,2,31,47,66.0,16,55,23,32,28,89,163,2,eng ENG,DF,Crystal Palace,Premier League,24,2000,34.0,2131,311,1051,943,148,39,2131,15,12,80.0,2,13.3,1142,5574,2935,22,17,1,16,18,1330,10,eng ENG,DF,Crystal Palace,Premier League,24,2000,34,"3,059",90,89.4,34.0,34,90,33,0,0,0,1.35,42,42,0,0.0,0.0,53.2,40.6,12.5,0.37,0.67,eng ENG,DF,Crystal Palace,Premier League,24,2000,34.0,9,1,1,24,27,1,13,28,34,0,0,3,146,68,58,54.0,Marc,Guehi,Marc Guehi,45000000.0,45000000.0
Kaoru Mitoma,jp JPN,FW,Brighton,Premier League,27,1997,36,28,"2,603",28.9,10,4,14,10,0,0,1,0,9.2,9.2,4.6,13.8,146,89,291,0.35,0.14,0.48,0.35,0.48,0.32,0.16,0.48,0.32,0.48,jp JPN,"FW,MF",Brighton,Premier League,27,1997,28.9,10,57,27,47.4,1.97,0.93,0.18,0.37,13.9,0,0,0,9.2,9.2,0.16,0.8,0.8,jp JPN,"FW,MF",Brighton,Premier League,27,1997,28.9,749,988,75.8,9777,2226,505,579,87.2,189,265,71.3,23,52,44.2,4,4.6,4.0,-0.6,37,36,36,8,89,jp JPN,"FW,MF",Brighton,Premier League,27,1997,28.9,988,965,19,0,9,1,75,19,0,0,0,0,749,4,39,jp JPN,"FW,MF",Brighton,Premier League,27,1997,28.9,87,3.01,73,0,6,3,4,1,10,0.35,9,0,0,0,1,0,jp JPN,"FW,MF",Brighton,Premier League,27,1997,28.9,45,27,15,14,16,19,49,38.8,30,48,3,45,14,59,10,0,jp JPN,"FW,MF",Brighton,Premier League,27,1997,28.9,1375,17,155,468,782,164,1375,131,52,39.7,74,56.5,830,6659,3906,146,82,56,53,23,966,291,jp JPN,"FW,MF",Brighton,Premier League,27,1997,36,"2,603",72,76.1,28.9,28,85,14,8,29,0,1.64,53,40,13,0.45,1.11,44.1,37.1,6.9,0.24,0.55,jp JPN,"FW,MF",Brighton,Premier League,27,1997,28.9,1,0,0,40,24,5,75,14,27,0,0,0,99,26,27,49.1,Kaoru,Mitoma,Kaoru Mitoma,45000000.0,50000000.0
Christopher Nkunku,fr FRA,FW,Chelsea,Premier League,26,1997,27,9,921,10.2,3,2,5,3,0,0,2,0,4.8,4.8,2.1,6.9,17,25,68,0.29,0.2,0.49,0.29,0.49,0.47,0.21,0.68,0.47,0.67,fr FRA,FW,Chelsea,Premier League,26,1997,10.2,3,25,11,44.0,2.44,1.07,0.12,0.27,12.6,0,0,0,4.8,4.8,0.19,-1.8,-1.8,fr FRA,FW,Chelsea,Premier League,26,1997,10.2,299,334,89.5,3928,760,185,202,91.6,95,103,92.2,6,6,100.0,2,2.1,1.0,-0.1,14,26,7,0,25,fr FRA,FW,Chelsea,Premier League,26,1997,10.2,334,327,7,1,2,1,4,0,2,0,0,0,299,0,3,fr FRA,FW,Chelsea,Premier League,26,1997,10.2,34,3.32,21,0,5,5,1,2,4,0.39,1,0,1,1,1,0,fr FRA,FW,Chelsea,Premier League,26,1997,10.2,12,8,3,4,5,6,8,75.0,2,9,2,7,7,19,10,0,fr FRA,FW,Chelsea,Premier League,26,1997,10.2,448,10,52,183,217,52,448,27,10,37.0,14,51.9,280,1368,628,17,16,13,18,17,356,68,fr FRA,FW,Chelsea,Premier League,26,1997,27,921,34,26.9,10.2,9,74,2,18,14,6,1.67,16,16,0,0.0,-0.76,21.2,16.0,5.3,0.51,-0.03,fr FRA,FW,Chelsea,Premier League,26,1997,10.2,2,0,0,16,11,3,4,7,8,0,0,0,29,16,22,42.1,Christopher,Nkunku,Christopher Nkunku,45000000.0,80000000.0
Pedro Porro,es ESP,DF,Tottenham,Premier League,24,1999,33,28,"2,610",29.0,2,6,8,2,0,0,5,0,1.6,1.6,5.0,6.6,65,154,109,0.07,0.21,0.28,0.07,0.28,0.05,0.17,0.23,0.05,0.23,es ESP,DF,Tottenham,Premier League,24,1999,29.0,2,39,8,20.5,1.34,0.28,0.05,0.25,23.0,4,0,0,1.6,1.6,0.04,0.4,0.4,es ESP,DF,Tottenham,Premier League,24,1999,29.0,1385,1892,73.2,24256,9602,674,769,87.6,541,680,79.6,142,327,43.4,6,5.0,4.6,1.0,57,124,57,27,154,es ESP,DF,Tottenham,Premier League,24,1999,29.0,1892,1530,355,53,4,16,196,249,53,4,44,0,1385,7,75,es ESP,DF,Tottenham,Premier League,24,1999,29.0,108,3.72,72,23,3,5,4,1,8,0.28,4,3,1,0,0,0,es ESP,DF,Tottenham,Premier League,24,1999,29.0,66,49,34,22,10,44,77,57.1,33,44,17,27,36,102,84,2,es ESP,DF,Tottenham,Premier League,24,1999,29.0,2237,128,675,812,763,32,2237,40,14,35.0,24,60.0,1187,5444,2841,65,43,5,25,18,1291,109,es ESP,DF,Tottenham,Premier League,24,1999,33,"2,610",79,76.3,29.0,28,89,24,5,26,5,1.12,54,47,7,0.24,1.13,48.6,50.2,-1.6,-0.05,0.27,es ESP,DF,Tottenham,Premier League,24,1999,29.0,5,0,0,25,33,1,196,36,49,0,0,0,152,12,23,34.3,Pedro,Porro,Pedro Porro,45000000.0,45000000.0
Bernardo Silva,pt POR,MF,Manchester City,Premier League,29,1994,33,29,"2,670",29.7,4,4,8,4,0,0,7,0,3.9,3.9,5.1,9.0,101,134,200,0.13,0.13,0.27,0.13,0.27,0.13,0.17,0.3,0.13,0.3,pt POR,"MF,FW",Manchester City,Premier League,29,1994,29.7,4,32,11,34.4,1.08,0.37,0.13,0.36,12.4,0,0,0,3.9,3.9,0.12,0.1,0.1,pt POR,"MF,FW",Manchester City,Premier League,29,1994,29.7,1547,1783,86.8,23646,4501,877,949,92.4,554,634,87.4,82,124,66.1,4,5.1,4.5,-1.1,53,87,40,7,134,pt POR,"MF,FW",Manchester City,Premier League,29,1994,29.7,1783,1654,128,55,4,6,60,44,16,5,0,0,1547,1,35,pt POR,"MF,FW",Manchester City,Premier League,29,1994,29.7,92,3.1,81,3,4,1,3,0,8,0.27,8,0,0,0,0,0,pt POR,"MF,FW",Manchester City,Premier League,29,1994,29.7,56,37,17,30,9,25,56,44.6,31,36,7,29,23,79,32,3,pt POR,"MF,FW",Manchester City,Premier League,29,1994,29.7,2054,50,355,843,876,141,2054,61,28,45.9,26,42.6,1288,8110,4045,101,65,32,25,34,1518,200,pt POR,"MF,FW",Manchester City,Premier League,29,1994,33,"2,670",81,78.1,29.7,29,90,28,4,15,5,1.79,49,36,13,0.44,-1.36,49.0,38.9,10.1,0.34,-0.9,pt POR,"MF,FW",Manchester City,Premier League,29,1994,29.7,7,0,0,27,32,3,60,23,37,0,0,0,107,5,10,33.3,Bernardo,Silva,Bernardo Silva,45000000.0,100000000.0
Dominic Solanke,eng ENG,FW,Tottenham,Premier League,26,1997,27,25,"2,201",24.5,9,3,12,8,1,1,0,0,10.9,10.1,2.9,13.1,31,47,88,0.37,0.12,0.49,0.33,0.45,0.45,0.12,0.57,0.41,0.54,eng ENG,FW,Tottenham,Premier League,26,1997,24.5,9,59,24,40.7,2.41,0.98,0.14,0.33,12.4,0,1,1,10.9,10.1,0.17,-1.9,-2.1,eng ENG,FW,Tottenham,Premier League,26,1997,24.5,255,361,70.6,3429,944,154,205,75.1,68,87,78.2,12,18,66.7,3,2.9,1.2,0.1,14,28,9,0,47,eng ENG,FW,Tottenham,Premier League,26,1997,24.5,361,321,38,0,3,1,4,2,0,0,0,0,255,2,15,eng ENG,FW,Tottenham,Premier League,26,1997,24.5,37,1.51,25,0,0,9,2,1,8,0.33,6,0,0,1,1,0,eng ENG,FW,Tottenham,Premier League,26,1997,24.5,18,11,1,12,5,4,16,25.0,12,20,9,11,1,19,23,0,eng ENG,FW,Tottenham,Premier League,26,1997,24.5,655,33,74,299,288,112,654,51,17,33.3,31,60.8,385,2126,848,31,23,14,69,51,459,88,eng ENG,FW,Tottenham,Premier League,26,1997,27,"2,201",82,64.4,24.5,25,86,18,2,21,1,0.89,45,43,2,0.08,0.3,40.4,40.6,-0.2,-0.01,0.3,eng ENG,FW,Tottenham,Premier League,26,1997,24.5,0,0,0,36,36,5,4,1,11,0,0,1,38,46,60,43.4,Dominic,Solanke,Dominic Solanke,45000000.0,45000000.0
Sven Botman,nl NED,DF,Newcastle Utd,Premier League,24,2000,8,6,412,4.6,0,0,0,0,0,0,1,0,0.5,0.5,0.5,1.1,0,7,0,0.0,0.0,0.0,0.0,0.0,0.12,0.12,0.24,0.12,0.24,nl NED,DF,Newcastle Utd,Premier League,24,2000,4.6,0,5,2,40.0,1.09,0.44,0.0,0.0,7.1,0,0,0,0.5,0.5,0.12,-0.5,-0.5,nl NED,DF,Newcastle Utd,Premier League,24,2000,4.6,220,246,89.4,3768,1437,93,107,86.9,103,107,96.3,15,21,71.4,0,0.5,0.2,-0.5,2,13,0,0,7,nl NED,DF,Newcastle Utd,Premier League,24,2000,4.6,246,238,8,7,1,2,0,1,0,0,0,0,220,0,0,nl NED,DF,Newcastle Utd,Premier League,24,2000,4.6,4,0.87,1,0,0,3,0,0,0,0.0,0,0,0,0,0,0,nl NED,DF,Newcastle Utd,Premier League,24,2000,4.6,12,9,6,5,1,7,9,77.8,2,5,4,1,5,17,25,1,nl NED,DF,Newcastle Utd,Premier League,24,2000,4.6,304,40,132,160,16,11,304,3,1,33.3,1,33.3,145,670,337,0,1,0,5,1,197,0,nl NED,DF,Newcastle Utd,Premier League,24,2000,8,412,52,12.0,4.6,6,67,1,2,5,2,1.63,7,4,3,0.66,0.12,8.0,4.8,3.2,0.71,0.26,nl NED,DF,Newcastle Utd,Premier League,24,2000,4.6,1,0,0,5,4,0,0,5,9,0,0,0,14,17,9,65.4,Sven,Botman,Sven Botman,45000000.0,45000000.0
Jarrod Bowen,eng ENG,FW,West Ham,Premier League,27,1996,34,34,"2,973",33.0,13,8,21,12,1,1,1,0,8.6,7.8,6.8,14.7,109,91,212,0.39,0.24,0.64,0.36,0.61,0.26,0.21,0.47,0.24,0.44,eng ENG,"FW,MF",West Ham,Premier League,27,1996,33.0,13,86,36,41.9,2.6,1.09,0.14,0.33,17.4,1,1,1,8.6,7.8,0.09,4.4,4.2,eng ENG,"FW,MF",West Ham,Premier League,27,1996,33.0,584,815,71.7,9476,2687,326,388,84.0,187,250,74.8,54,94,57.4,8,6.8,6.5,1.2,51,41,46,8,91,eng ENG,"FW,MF",West Ham,Premier League,27,1996,33.0,815,722,87,6,7,4,106,3,44,28,15,0,584,6,44,eng ENG,"FW,MF",West Ham,Premier League,27,1996,33.0,113,3.42,70,13,6,13,9,2,15,0.45,11,2,1,1,0,0,eng ENG,"FW,MF",West Ham,Premier League,27,1996,33.0,41,26,13,12,16,19,40,47.5,21,22,4,18,16,57,25,0,eng ENG,"FW,MF",West Ham,Premier League,27,1996,33.0,1252,28,132,466,678,171,1251,130,44,33.8,76,58.5,741,5306,2501,109,46,61,70,77,834,212,eng ENG,"FW,MF",West Ham,Premier League,27,1996,34,"2,973",87,86.9,33.0,34,87,27,0,0,0,1.15,41,50,-9,-0.27,1.14,41.4,50.6,-9.2,-0.28,0.44,eng ENG,"FW,MF",West Ham,Premier League,27,1996,33.0,1,0,0,20,51,10,106,16,26,0,0,0,129,12,48,20.0,Jarrod,Bowen,Jarrod Bowen,45000000.0,50000000.0
Sandro Tonali,it ITA,MF,Newcastle Utd,Premier League,24,2000,36,28,"2,630",29.2,4,2,6,4,0,0,5,0,4.4,4.4,2.2,6.6,37,128,53,0.14,0.07,0.21,0.14,0.21,0.15,0.07,0.22,0.15,0.22,it ITA,MF,Newcastle Utd,Premier League,24,2000,29.2,4,35,12,34.3,1.2,0.41,0.11,0.33,19.6,3,0,0,4.4,4.4,0.13,-0.4,-0.4,it ITA,MF,Newcastle Utd,Premier League,24,2000,29.2,1285,1535,83.7,20569,5348,672,745,90.2,468,537,87.2,99,157,63.1,2,2.2,2.8,-0.2,28,104,30,5,128,it ITA,MF,Newcastle Utd,Premier League,24,2000,29.2,1535,1468,61,29,7,7,54,12,19,9,8,1,1285,6,27,it ITA,MF,Newcastle Utd,Premier League,24,2000,29.2,78,2.67,50,10,3,6,6,3,9,0.31,8,1,0,0,0,0,it ITA,MF,Newcastle Utd,Premier League,24,2000,29.2,51,32,22,23,6,25,51,49.0,26,34,11,23,34,85,33,2,it ITA,MF,Newcastle Utd,Premier League,24,2000,29.2,1818,64,406,991,450,45,1818,37,20,54.1,14,37.8,979,5567,2334,37,40,6,30,23,1257,53,it ITA,MF,Newcastle Utd,Premier League,24,2000,36,"2,630",73,76.9,29.2,28,86,22,8,27,0,1.72,55,34,21,0.72,0.72,50.7,32.8,17.9,0.61,0.56,it ITA,MF,Newcastle Utd,Premier League,24,2000,29.2,5,0,0,37,49,2,54,34,32,1,0,0,177,12,12,50.0,Sandro,Tonali,Sandro Tonali,45000000.0,60000000.0
Destiny Udogie,it ITA,DF,Tottenham,Premier League,21,2002,25,24,"1,924",21.4,0,1,1,0,0,0,2,0,0.3,0.3,1.5,1.8,54,121,94,0.0,0.05,0.05,0.0,0.05,0.01,0.07,0.08,0.01,0.08,it ITA,DF,Tottenham,Premier League,21,2002,21.4,0,5,1,20.0,0.23,0.05,0.0,0.0,15.1,0,0,0,0.3,0.3,0.06,-0.3,-0.3,it ITA,DF,Tottenham,Premier League,21,2002,21.4,972,1115,87.2,14117,4770,544,597,91.1,371,412,90.0,26,33,78.8,1,1.5,1.2,-0.5,16,89,6,1,121,it ITA,DF,Tottenham,Premier League,21,2002,21.4,1115,944,170,28,0,0,19,142,0,0,0,0,972,1,34,it ITA,DF,Tottenham,Premier League,21,2002,21.4,36,1.68,31,0,0,1,1,3,3,0.14,2,0,0,0,0,1,it ITA,DF,Tottenham,Premier League,21,2002,21.4,75,47,42,26,7,33,48,68.8,15,40,6,34,22,97,36,1,it ITA,DF,Tottenham,Premier League,21,2002,21.4,1376,63,394,609,389,49,1376,32,13,40.6,16,50.0,758,4340,2352,54,40,12,37,19,819,94,it ITA,DF,Tottenham,Premier League,21,2002,25,"1,924",77,56.3,21.4,24,80,14,1,4,5,1.12,36,35,1,0.05,0.17,34.5,33.3,1.2,0.06,0.4,it ITA,DF,Tottenham,Premier League,21,2002,21.4,2,0,0,29,38,3,19,22,47,0,0,1,111,13,13,50.0,Destiny,Udogie,Destiny Udogie,45000000.0,45000000.0
Willian Pacho,ec ECU,DF,Paris S-G,Ligue 1,22,2001,28,23,"2,132",23.7,0,1,1,0,0,0,2,0,0.3,0.3,0.3,0.6,3,53,1,0.0,0.04,0.04,0.0,0.04,0.01,0.01,0.02,0.01,0.02,ec ECU,DF,Paris S-G,Ligue 1,22,2001,23.7,0,4,1,25.0,0.17,0.04,0.0,0.0,8.5,0,0,0,0.3,0.3,0.08,-0.3,-0.3,ec ECU,DF,Paris S-G,Ligue 1,22,2001,23.7,1865,1968,94.8,33030,9702,629,654,96.2,1134,1158,97.9,82,120,68.3,1,0.3,0.4,0.7,3,69,1,0,53,ec ECU,DF,Paris S-G,Ligue 1,22,2001,23.7,1968,1920,46,27,0,3,0,11,0,0,0,0,1865,2,7,ec ECU,DF,Paris S-G,Ligue 1,22,2001,23.7,13,0.55,11,0,0,1,0,1,3,0.13,2,0,0,1,0,0,ec ECU,DF,Paris S-G,Ligue 1,22,2001,23.7,56,32,34,22,0,23,32,71.9,9,35,22,13,40,96,91,1,ec ECU,DF,Paris S-G,Ligue 1,22,2001,23.7,2223,244,921,1269,43,8,2223,7,2,28.6,4,57.1,1399,5986,2592,3,3,0,15,4,1697,1,ec ECU,DF,Paris S-G,Ligue 1,22,2001,28,"2,132",76,69.7,23.7,23,86,20,5,29,3,2.46,64,25,39,1.65,-0.1,64.2,22.2,42.0,1.77,0.25,ec ECU,DF,Paris S-G,Ligue 1,22,2001,23.7,2,0,0,20,7,0,0,40,32,0,0,0,119,29,26,52.7,Willian,Pacho,Willian Pacho,45000000.0,45000000.0
Goncalo Ramos,pt POR,FW,Paris S-G,Ligue 1,23,2001,22,12,"1,066",11.8,10,3,13,8,2,3,1,0,13.6,11.3,2.2,13.4,11,24,63,0.84,0.25,1.1,0.68,0.93,1.15,0.18,1.33,0.95,1.13,pt POR,FW,Paris S-G,Ligue 1,23,2001,11.8,10,52,29,55.8,4.39,2.45,0.15,0.28,11.3,0,2,3,13.6,11.3,0.22,-3.6,-3.3,pt POR,FW,Paris S-G,Ligue 1,23,2001,11.8,193,241,80.1,2279,367,130,155,83.9,44,53,83.0,3,4,75.0,3,2.2,1.4,0.8,15,9,9,0,24,pt POR,FW,Paris S-G,Ligue 1,23,2001,11.8,241,237,3,2,2,0,1,1,0,0,0,0,193,1,8,pt POR,FW,Paris S-G,Ligue 1,23,2001,11.8,30,2.54,23,0,0,5,2,0,6,0.51,4,0,0,1,1,0,pt POR,FW,Paris S-G,Ligue 1,23,2001,11.8,11,6,5,5,1,3,6,50.0,3,5,1,4,0,11,5,0,pt POR,FW,Paris S-G,Ligue 1,23,2001,11.8,353,6,27,108,220,97,350,11,1,9.1,9,81.8,155,755,342,11,6,4,16,11,282,63,pt POR,FW,Paris S-G,Ligue 1,23,2001,22,"1,066",48,34.8,11.8,12,72,5,10,20,0,2.36,33,14,19,1.6,-0.11,32.1,11.4,20.7,1.75,0.08,pt POR,FW,Paris S-G,Ligue 1,23,2001,11.8,1,0,0,8,11,9,1,0,6,1,0,0,18,20,15,57.1,Goncalo,Ramos,Goncalo Ramos,45000000.0,50000000.0
Alessandro Buongiorno,it ITA,DF,Napoli,Serie A,25,1999,22,22,"1,924",21.4,1,0,1,1,0,0,2,0,0.8,0.8,0.6,1.4,27,82,8,0.05,0.0,0.05,0.05,0.05,0.04,0.03,0.07,0.04,0.07,it ITA,DF,Napoli,Serie A,25,1999,21.4,1,8,4,50.0,0.37,0.19,0.13,0.25,11.0,0,0,0,0.8,0.8,0.1,0.2,0.2,it ITA,DF,Napoli,Serie A,25,1999,21.4,1161,1279,90.8,20369,6363,454,487,93.2,634,662,95.8,62,104,59.6,0,0.6,0.6,-0.6,5,67,3,0,82,it ITA,DF,Napoli,Serie A,25,1999,21.4,1279,1223,53,39,0,2,1,3,0,0,0,0,1161,3,8,it ITA,DF,Napoli,Serie A,25,1999,21.4,19,0.89,18,0,0,1,0,0,2,0.09,2,0,0,0,0,0,it ITA,DF,Napoli,Serie A,25,1999,21.4,39,23,26,12,1,24,32,75.0,8,30,18,12,35,74,73,2,it ITA,DF,Napoli,Serie A,25,1999,21.4,1489,125,655,788,55,15,1489,7,1,14.3,3,42.9,902,4549,2741,27,7,1,13,8,1059,8,it ITA,DF,Napoli,Serie A,25,1999,22,"1,924",87,56.3,21.4,22,87,20,0,0,4,2.14,33,14,19,0.89,0.11,31.7,18.1,13.6,0.64,0.05,it ITA,DF,Napoli,Serie A,25,1999,21.4,2,0,0,17,21,1,1,35,23,0,0,0,84,43,21,67.2,Alessandro,Buongiorno,Alessandro Buongiorno,45000000.0,45000000.0
Jonathan David,ca CAN,FW,Lille,Ligue 1,24,2000,32,28,"2,554",28.4,16,5,21,10,6,7,4,0,16.2,10.7,4.4,15.1,40,65,184,0.56,0.18,0.74,0.35,0.53,0.57,0.16,0.73,0.38,0.53,ca CAN,FW,Lille,Ligue 1,24,2000,28.4,16,66,28,42.4,2.33,0.99,0.15,0.36,15.3,0,6,7,16.2,10.7,0.16,-0.2,-0.7,ca CAN,FW,Lille,Ligue 1,24,2000,28.4,563,686,82.1,7502,1225,340,393,86.5,170,193,88.1,17,23,73.9,5,4.4,3.2,0.6,36,29,26,0,65,ca CAN,FW,Lille,Ligue 1,24,2000,28.4,686,646,38,1,4,3,4,2,0,0,0,0,563,2,24,ca CAN,FW,Lille,Ligue 1,24,2000,28.4,74,2.61,59,0,4,6,5,0,8,0.28,5,0,1,1,1,0,ca CAN,FW,Lille,Ligue 1,24,2000,28.4,24,8,3,12,9,9,21,42.9,12,13,2,11,7,31,10,1,ca CAN,FW,Lille,Ligue 1,24,2000,28.4,952,16,56,396,507,145,945,42,20,47.6,20,47.6,518,2432,1154,40,25,20,68,40,717,184,ca CAN,FW,Lille,Ligue 1,24,2000,32,"2,554",80,83.5,28.4,28,86,20,4,33,0,1.78,46,26,20,0.7,1.42,44.6,33.3,11.3,0.4,0.24,ca CAN,FW,Lille,Ligue 1,24,2000,28.4,4,0,0,25,36,10,4,7,8,1,0,0,66,16,42,27.6,Jonathan,David,Jonathan David,45000000.0,60000000.0
Rasmus Hojlund,dk DEN,FW,Manchester Utd,Premier League,21,2003,32,23,"2,004",22.3,4,0,4,4,0,0,2,0,5.3,5.3,1.8,7.1,28,18,101,0.18,0.0,0.18,0.18,0.18,0.24,0.08,0.32,0.24,0.32,dk DEN,FW,Manchester Utd,Premier League,21,2003,22.3,4,32,13,40.6,1.44,0.58,0.13,0.31,12.9,0,0,0,5.3,5.3,0.16,-1.3,-1.3,dk DEN,FW,Manchester Utd,Premier League,21,2003,22.3,251,336,74.7,2741,486,183,226,81.0,42,62,67.7,4,6,66.7,0,1.8,1.1,-1.8,16,14,5,1,18,dk DEN,FW,Manchester Utd,Premier League,21,2003,22.3,336,310,23,0,2,0,8,0,0,0,0,0,251,3,6,dk DEN,FW,Manchester Utd,Premier League,21,2003,22.3,34,1.53,22,0,3,5,4,0,1,0.04,0,0,0,0,1,0,dk DEN,FW,Manchester Utd,Premier League,21,2003,22.3,3,1,0,2,1,0,5,0.0,5,6,0,6,2,5,6,0,dk DEN,FW,Manchester Utd,Premier League,21,2003,22.3,515,6,36,251,237,74,515,33,9,27.3,21,63.6,308,1516,655,28,13,17,63,33,408,101,dk DEN,FW,Manchester Utd,Premier League,21,2003,32,"2,004",63,58.6,22.3,23,78,7,9,24,2,1.03,17,31,-14,-0.63,-0.88,25.9,29.6,-3.8,-0.17,-0.33,dk DEN,FW,Manchester Utd,Premier League,21,2003,22.3,2,0,0,17,28,13,8,2,1,1,0,0,35,31,94,24.8,Rasmus,Hojlund,Rasmus Hojlund,45000000.0,65000000.0
Lisandro Martinez,ar ARG,DF,Manchester Utd,Premier League,26,1998,20,20,"1,751",19.5,2,1,3,2,0,0,7,0,1.3,1.3,1.1,2.4,23,117,7,0.1,0.05,0.15,0.1,0.15,0.07,0.06,0.13,0.07,0.13,ar ARG,DF,Manchester Utd,Premier League,26,1998,19.5,2,17,6,35.3,0.87,0.31,0.12,0.33,15.9,0,0,0,1.3,1.3,0.08,0.7,0.7,ar ARG,DF,Manchester Utd,Premier League,26,1998,19.5,1200,1342,89.4,20292,7055,522,554,94.2,601,646,93.0,64,116,55.2,1,1.1,1.3,-0.1,9,91,18,2,117,ar ARG,DF,Manchester Utd,Premier League,26,1998,19.5,1342,1285,54,15,5,3,9,16,0,0,0,0,1200,3,7,ar ARG,DF,Manchester Utd,Premier League,26,1998,19.5,26,1.34,23,0,0,2,0,1,2,0.1,2,0,0,0,0,0,ar ARG,DF,Manchester Utd,Premier League,26,1998,19.5,40,24,25,12,3,21,36,58.3,15,22,8,14,32,72,57,1,ar ARG,DF,Manchester Utd,Premier League,26,1998,19.5,1524,156,713,697,125,18,1524,7,6,85.7,1,14.3,1017,5141,3129,23,23,2,1,3,1069,7,ar ARG,DF,Manchester Utd,Premier League,26,1998,20,"1,751",88,51.2,19.5,20,88,17,0,0,2,1.35,25,27,-2,-0.1,0.33,29.7,29.7,-0.1,0.0,0.06,ar ARG,DF,Manchester Utd,Premier League,26,1998,19.5,7,0,0,22,7,0,9,32,24,0,0,0,81,16,13,55.2,Lisandro,Martinez,Lisandro Martinez,45000000.0,50000000.0
Dusan Vlahovic,rs SRB,FW,Juventus,Serie A,24,2000,29,21,"1,784",19.8,10,4,14,6,4,4,3,0,12.3,9.2,1.3,10.5,27,22,117,0.5,0.2,0.71,0.3,0.5,0.62,0.07,0.69,0.46,0.53,rs SRB,FW,Juventus,Serie A,24,2000,19.8,10,73,25,34.2,3.68,1.26,0.08,0.24,15.9,7,4,4,12.3,9.2,0.13,-2.3,-3.2,rs SRB,FW,Juventus,Serie A,24,2000,19.8,253,366,69.1,3895,421,144,182,79.1,82,117,70.1,19,27,70.4,4,1.3,0.9,2.7,15,11,7,0,22,rs SRB,FW,Juventus,Serie A,24,2000,19.8,366,326,35,0,3,4,9,0,0,0,0,0,253,5,12,rs SRB,FW,Juventus,Serie A,24,2000,19.8,41,2.07,28,0,6,5,2,0,8,0.4,5,0,3,0,0,0,rs SRB,FW,Juventus,Serie A,24,2000,19.8,4,2,0,1,3,1,5,20.0,4,7,3,4,1,5,9,3,rs SRB,FW,Juventus,Serie A,24,2000,19.8,564,14,28,238,303,125,560,28,9,32.1,18,64.3,308,1398,509,27,10,17,51,28,431,117,rs SRB,FW,Juventus,Serie A,24,2000,29,"1,784",62,52.2,19.8,21,80,11,8,13,3,1.93,36,17,19,0.96,0.74,30.0,15.6,14.4,0.73,0.58,rs SRB,FW,Juventus,Serie A,24,2000,19.8,3,0,0,27,18,12,9,1,2,0,0,0,36,39,42,48.1,Dusan,Vlahovic,Dusan Vlahovic,45000000.0,85000000.0
Kenan Yildiz,tr TUR,FW,Juventus,Serie A,19,2005,35,28,"2,402",26.7,7,4,11,7,0,0,2,1,4.3,4.3,5.0,9.3,115,121,223,0.26,0.15,0.41,0.26,0.41,0.16,0.19,0.35,0.16,0.35,tr TUR,"FW,MF",Juventus,Serie A,19,2005,26.7,7,61,22,36.1,2.29,0.82,0.11,0.32,17.5,0,0,0,4.3,4.3,0.07,2.7,2.7,tr TUR,"FW,MF",Juventus,Serie A,19,2005,26.7,896,1124,79.7,13767,3753,518,579,89.5,307,377,81.4,53,113,46.9,4,5.0,4.8,-1.0,57,70,52,13,121,tr TUR,"FW,MF",Juventus,Serie A,19,2005,26.7,1124,1040,79,6,9,2,115,21,50,24,14,0,896,5,24,tr TUR,"FW,MF",Juventus,Serie A,19,2005,26.7,130,4.87,86,11,13,12,5,3,10,0.37,7,0,2,1,0,0,tr TUR,"FW,MF",Juventus,Serie A,19,2005,26.7,54,30,13,26,15,18,32,56.3,14,25,0,25,5,59,13,3,tr TUR,"FW,MF",Juventus,Serie A,19,2005,26.7,1485,17,161,590,752,103,1485,111,59,53.2,49,44.1,964,6159,3376,115,59,43,86,41,1116,223,tr TUR,"FW,MF",Juventus,Serie A,19,2005,35,"2,402",69,70.2,26.7,28,80,13,7,25,1,1.94,39,15,24,0.9,0.99,34.9,20.1,14.8,0.56,0.37,tr TUR,"FW,MF",Juventus,Serie A,19,2005,26.7,2,1,0,25,48,4,115,5,30,0,0,0,123,8,26,23.5,Kenan,Yildiz,Kenan Yildiz,45000000.0,45000000.0
Dean Huijsen,es ESP,DF,Bournemouth,Premier League,19,2005,32,26,"2,427",27.0,3,2,5,3,0,0,10,0,1.9,1.9,2.0,3.9,41,132,10,0.11,0.07,0.19,0.11,0.19,0.07,0.08,0.14,0.07,0.14,es ESP,DF,Bournemouth,Premier League,19,2005,27.0,3,18,3,16.7,0.67,0.11,0.17,1.0,11.9,0,0,0,1.9,1.9,0.1,1.1,1.1,es ESP,DF,Bournemouth,Premier League,19,2005,27.0,1355,1625,83.4,27219,10928,449,500,89.8,712,781,91.2,181,304,59.5,2,2.0,1.6,0.0,15,180,7,2,132,es ESP,DF,Bournemouth,Premier League,19,2005,27.0,1625,1566,53,32,2,15,12,6,0,0,0,0,1355,6,12,es ESP,DF,Bournemouth,Premier League,19,2005,27.0,43,1.59,40,1,0,1,1,0,3,0.11,3,0,0,0,0,0,es ESP,DF,Bournemouth,Premier League,19,2005,27.0,36,26,19,16,1,18,29,62.1,11,40,29,11,51,87,198,4,es ESP,DF,Bournemouth,Premier League,19,2005,27.0,2021,254,915,971,145,30,2021,5,2,40.0,3,60.0,1118,7072,4349,41,31,0,20,1,1271,10,es ESP,DF,Bournemouth,Premier League,19,2005,32,"2,427",76,71.0,27.0,26,90,26,6,15,6,1.5,42,31,11,0.41,0.32,44.6,37.1,7.6,0.28,-0.44,es ESP,DF,Bournemouth,Premier League,19,2005,27.0,10,0,0,31,10,2,12,51,26,0,0,0,105,68,44,60.7,Dean,Huijsen,Dean Huijsen,42000000.0,42000000.0
Karim Adeyemi,de GER,FW,Dortmund,Bundesliga,22,2002,25,17,"1,433",15.9,7,6,13,7,0,0,4,0,5.5,5.5,6.0,11.5,68,28,153,0.44,0.38,0.82,0.44,0.82,0.34,0.38,0.72,0.34,0.72,de GER,"FW,MF",Dortmund,Bundesliga,22,2002,15.9,7,46,18,39.1,2.89,1.13,0.15,0.39,17.6,0,0,0,5.5,5.5,0.12,1.5,1.5,de GER,"FW,MF",Dortmund,Bundesliga,22,2002,15.9,298,401,74.3,4376,889,164,202,81.2,99,123,80.5,16,23,69.6,6,6.0,4.1,0.0,28,10,19,2,28,de GER,"FW,MF",Dortmund,Bundesliga,22,2002,15.9,401,388,11,1,3,2,26,7,2,2,0,0,298,2,20,de GER,"FW,MF",Dortmund,Bundesliga,22,2002,15.9,57,3.58,35,1,12,6,2,1,11,0.69,7,0,3,1,0,0,de GER,"FW,MF",Dortmund,Bundesliga,22,2002,15.9,20,14,6,6,8,8,20,40.0,12,14,1,13,7,27,5,0,de GER,"FW,MF",Dortmund,Bundesliga,22,2002,15.9,636,9,51,231,365,88,636,94,40,42.6,49,52.1,417,3230,1543,68,36,41,43,31,465,153,de GER,"FW,MF",Dortmund,Bundesliga,22,2002,25,"1,433",57,46.8,15.9,17,72,2,8,25,0,1.84,38,24,14,0.88,0.55,32.8,20.3,12.5,0.78,0.46,de GER,"FW,MF",Dortmund,Bundesliga,22,2002,15.9,4,0,0,27,18,4,26,7,14,0,0,0,48,9,13,40.9,Karim,Adeyemi,Karim Adeyemi,40000000.0,40000000.0
Teun Koopmeiners,nl NED,MF,Juventus,Serie A,26,1998,28,23,"1,994",22.2,3,3,6,3,0,0,3,0,3.8,3.8,2.9,6.7,32,89,127,0.14,0.14,0.27,0.14,0.27,0.17,0.13,0.3,0.17,0.3,nl NED,"MF,FW",Juventus,Serie A,26,1998,22.2,3,42,10,23.8,1.9,0.45,0.07,0.3,18.2,2,0,0,3.8,3.8,0.09,-0.8,-0.8,nl NED,"MF,FW",Juventus,Serie A,26,1998,22.2,761,953,79.9,12045,3133,395,437,90.4,285,328,86.9,57,136,41.9,3,2.9,3.8,0.1,38,63,18,3,89,nl NED,"MF,FW",Juventus,Serie A,26,1998,22.2,953,819,129,34,4,3,113,18,74,44,28,0,761,5,12,nl NED,"MF,FW",Juventus,Serie A,26,1998,22.2,63,2.84,39,17,2,2,2,1,3,0.14,2,1,0,0,0,0,nl NED,"MF,FW",Juventus,Serie A,26,1998,22.2,32,16,6,19,7,10,30,33.3,20,36,14,22,8,40,26,2,nl NED,"MF,FW",Juventus,Serie A,26,1998,22.2,1170,38,180,529,468,50,1170,22,10,45.5,11,50.0,591,2741,1266,32,28,5,40,16,790,127,nl NED,"MF,FW",Juventus,Serie A,26,1998,28,"1,994",71,58.3,22.2,23,80,15,5,33,1,1.75,33,19,14,0.63,0.06,28.5,18.8,9.7,0.44,-0.02,nl NED,"MF,FW",Juventus,Serie A,26,1998,22.2,3,0,0,32,9,3,113,8,16,0,0,0,51,22,22,50.0,Teun,Koopmeiners,Teun Koopmeiners,40000000.0,55000000.0
Khephren Thuram,fr FRA,MF,Juventus,Serie A,23,2001,35,26,"2,326",25.8,4,5,9,4,0,0,5,0,3.5,3.5,3.6,7.1,74,123,52,0.15,0.19,0.35,0.15,0.35,0.13,0.14,0.28,0.13,0.28,fr FRA,MF,Juventus,Serie A,23,2001,25.8,4,36,10,27.8,1.39,0.39,0.11,0.4,20.1,0,0,0,3.5,3.5,0.1,0.5,0.5,fr FRA,MF,Juventus,Serie A,23,2001,25.8,1228,1389,88.4,18876,4695,663,719,92.2,476,522,91.2,56,83,67.5,5,3.6,1.8,1.4,25,124,19,0,123,fr FRA,MF,Juventus,Serie A,23,2001,25.8,1389,1362,23,19,6,1,13,4,0,0,0,0,1228,4,17,fr FRA,MF,Juventus,Serie A,23,2001,25.8,56,2.17,47,0,2,4,2,1,10,0.39,9,0,0,1,0,0,fr FRA,MF,Juventus,Serie A,23,2001,25.8,44,21,16,24,4,18,32,56.3,14,32,10,22,14,58,39,2,fr FRA,MF,Juventus,Serie A,23,2001,25.8,1661,73,353,971,358,44,1661,70,39,55.7,28,40.0,1067,6581,3587,74,59,12,28,23,1258,52,fr FRA,MF,Juventus,Serie A,23,2001,35,"2,326",66,68.0,25.8,26,82,15,9,21,0,1.8,37,23,14,0.54,-0.2,34.1,22.1,12.0,0.47,0.06,fr FRA,MF,Juventus,Serie A,23,2001,25.8,5,0,0,36,22,0,13,14,21,0,0,0,110,28,29,49.1,Khephren,Thuram,Khephren Thuram,40000000.0,40000000.0
Nico Schlotterbeck,de GER,DF,Dortmund,Bundesliga,24,1999,23,23,"1,982",22.0,0,4,4,0,0,0,7,2,1.3,1.3,2.1,3.4,37,195,14,0.0,0.18,0.18,0.0,0.18,0.06,0.09,0.15,0.06,0.15,de GER,DF,Dortmund,Bundesliga,24,1999,22.0,0,17,4,23.5,0.77,0.18,0.0,0.0,17.2,1,0,0,1.3,1.3,0.08,-1.3,-1.3,de GER,DF,Dortmund,Bundesliga,24,1999,22.0,1856,2080,89.2,35474,13457,674,711,94.8,975,1042,93.6,190,282,67.4,4,2.1,2.1,1.9,18,226,10,2,195,de GER,DF,Dortmund,Bundesliga,24,1999,22.0,2080,1941,136,47,3,21,14,29,5,5,0,0,1856,3,22,de GER,DF,Dortmund,Bundesliga,24,1999,22.0,50,2.27,41,4,1,2,1,1,6,0.27,4,2,0,0,0,0,de GER,DF,Dortmund,Bundesliga,24,1999,22.0,38,24,21,16,1,27,45,60.0,18,31,15,16,22,60,79,1,de GER,DF,Dortmund,Bundesliga,24,1999,22.0,2297,193,831,1338,150,21,2297,22,14,63.6,5,22.7,1467,6646,4107,37,30,1,12,10,1674,14,de GER,DF,Dortmund,Bundesliga,24,1999,23,"1,982",86,64.8,22.0,23,86,21,0,0,0,1.39,37,32,5,0.23,-1.03,37.7,26.8,10.8,0.49,-0.13,de GER,DF,Dortmund,Bundesliga,24,1999,22.0,7,2,1,18,19,0,14,22,24,0,1,0,157,52,27,65.8,Nico,Schlotterbeck,Nico Schlotterbeck,40000000.0,40000000.0
Conor Gallagher,eng ENG,MF,Atletico Madrid,La Liga,24,2000,32,19,"1,633",18.1,3,3,6,3,0,0,2,0,2.8,2.8,1.2,3.9,24,64,64,0.17,0.17,0.33,0.17,0.33,0.15,0.06,0.22,0.15,0.22,eng ENG,MF,Atletico Madrid,La Liga,24,2000,18.1,3,22,4,18.2,1.21,0.22,0.14,0.75,19.7,0,0,0,2.8,2.8,0.13,0.2,0.2,eng ENG,MF,Atletico Madrid,La Liga,24,2000,18.1,714,840,85.0,9884,2176,438,477,91.8,219,255,85.9,26,45,57.8,3,1.2,1.1,1.8,12,47,14,1,64,eng ENG,MF,Atletico Madrid,La Liga,24,2000,18.1,840,818,16,6,3,1,13,8,1,1,0,0,714,6,18,eng ENG,MF,Atletico Madrid,La Liga,24,2000,18.1,32,1.76,24,0,4,0,3,1,8,0.44,5,0,1,0,1,1,eng ENG,MF,Atletico Madrid,La Liga,24,2000,18.1,45,32,16,19,10,22,49,44.9,27,23,5,18,20,65,23,0,eng ENG,MF,Atletico Madrid,La Liga,24,2000,18.1,1062,35,232,555,287,38,1062,42,17,40.5,18,42.9,674,2788,1104,24,23,7,25,23,755,64,eng ENG,MF,Atletico Madrid,La Liga,24,2000,32,"1,633",51,47.7,18.1,19,68,4,13,26,5,2.0,34,19,15,0.83,-0.33,28.5,18.4,10.1,0.56,-0.51,eng ENG,MF,Atletico Madrid,La Liga,24,2000,18.1,2,0,0,32,39,1,13,20,32,1,0,0,107,9,21,30.0,Conor,Gallagher,Conor Gallagher,40000000.0,50000000.0
Endrick,br BRA,FW,Real Madrid,La Liga,18,2006,22,3,363,4.0,1,0,1,1,0,0,1,0,2.5,2.5,0.5,3.0,12,8,32,0.25,0.0,0.25,0.25,0.25,0.61,0.12,0.73,0.61,0.73,br BRA,FW,Real Madrid,La Liga,18,2006,4.0,1,24,6,25.0,5.95,1.49,0.04,0.17,16.4,0,0,0,2.5,2.5,0.1,-1.5,-1.5,br BRA,FW,Real Madrid,La Liga,18,2006,4.0,59,75,78.7,939,120,31,37,83.8,18,23,78.3,6,7,85.7,0,0.5,0.2,-0.5,4,1,2,0,8,br BRA,FW,Real Madrid,La Liga,18,2006,4.0,75,69,6,0,0,1,2,2,0,0,0,0,59,0,0,br BRA,FW,Real Madrid,La Liga,18,2006,4.0,8,1.96,6,0,1,0,1,0,2,0.49,0,0,1,0,1,0,br BRA,FW,Real Madrid,La Liga,18,2006,4.0,1,1,1,0,0,1,3,33.3,2,0,0,0,4,5,1,0,br BRA,FW,Real Madrid,La Liga,18,2006,4.0,127,1,7,41,80,23,127,11,4,36.4,6,54.5,83,569,308,12,5,10,10,3,103,32,br BRA,FW,Real Madrid,La Liga,18,2006,22,363,17,10.6,4.0,3,64,0,19,9,15,2.18,6,5,1,0.25,-0.9,8.6,4.2,4.4,1.08,0.25,br BRA,FW,Real Madrid,La Liga,18,2006,4.0,1,0,0,10,9,2,2,4,1,1,0,0,7,6,4,60.0,,Endrick,Endrick,40000000.0,60000000.0
Edmond Tapsoba,bf BFA,DF,Leverkusen,Bundesliga,25,1999,29,29,"2,507",27.9,0,0,0,0,0,0,4,0,1.1,1.1,0.2,1.3,52,164,17,0.0,0.0,0.0,0.0,0.0,0.04,0.01,0.05,0.04,0.05,bf BFA,DF,Leverkusen,Bundesliga,25,1999,27.9,0,21,2,9.5,0.75,0.07,0.0,0.0,19.4,0,0,0,1.1,1.1,0.05,-1.1,-1.1,bf BFA,DF,Leverkusen,Bundesliga,25,1999,27.9,1703,1972,86.4,29215,10275,799,846,94.4,752,838,89.7,134,245,54.7,0,0.2,1.3,-0.2,4,195,9,2,164,bf BFA,DF,Leverkusen,Bundesliga,25,1999,27.9,1972,1841,130,50,1,9,8,67,0,0,0,0,1703,1,14,bf BFA,DF,Leverkusen,Bundesliga,25,1999,27.9,34,1.22,29,1,1,2,1,0,6,0.22,6,0,0,0,0,0,bf BFA,DF,Leverkusen,Bundesliga,25,1999,27.9,39,24,19,16,4,22,39,56.4,17,21,14,7,24,63,89,3,bf BFA,DF,Leverkusen,Bundesliga,25,1999,27.9,2214,145,692,1279,255,23,2214,19,11,57.9,8,42.1,1326,7109,4141,52,39,1,16,5,1564,17,bf BFA,DF,Leverkusen,Bundesliga,25,1999,29,"2,507",86,81.9,27.9,29,86,24,0,0,2,1.93,58,37,21,0.75,-0.55,47.7,30.0,17.6,0.63,0.15,bf BFA,DF,Leverkusen,Bundesliga,25,1999,27.9,4,0,0,34,6,1,8,24,24,0,1,1,124,54,32,62.8,Edmond,Tapsoba,Edmond Tapsoba,40000000.0,45000000.0
Exequiel Palacios,ar ARG,MF,Leverkusen,Bundesliga,25,1998,24,11,"1,155",12.8,1,6,7,1,0,0,2,0,1.5,1.5,2.3,3.8,15,97,40,0.08,0.47,0.55,0.08,0.55,0.12,0.18,0.3,0.12,0.3,ar ARG,MF,Leverkusen,Bundesliga,25,1998,12.8,1,13,8,61.5,1.01,0.62,0.08,0.13,18.6,0,0,0,1.5,1.5,0.12,-0.5,-0.5,ar ARG,MF,Leverkusen,Bundesliga,25,1998,12.8,922,1023,90.1,13196,3782,539,584,92.3,317,347,91.4,36,45,80.0,6,2.3,2.4,3.7,28,97,19,2,97,ar ARG,MF,Leverkusen,Bundesliga,25,1998,12.8,1023,992,30,13,11,2,4,7,1,0,0,0,922,1,15,ar ARG,MF,Leverkusen,Bundesliga,25,1998,12.8,47,3.67,41,0,2,1,0,3,9,0.7,8,0,0,1,0,0,ar ARG,MF,Leverkusen,Bundesliga,25,1998,12.8,22,15,8,10,4,10,18,55.6,8,14,1,13,13,35,15,1,ar ARG,MF,Leverkusen,Bundesliga,25,1998,12.8,1144,19,140,659,348,12,1144,12,8,66.7,4,33.3,660,2279,969,15,17,1,17,20,901,40,ar ARG,MF,Leverkusen,Bundesliga,25,1998,24,"1,155",48,37.7,12.8,11,83,6,13,18,6,2.0,29,17,12,0.94,0.13,20.5,15.5,5.0,0.39,-0.35,ar ARG,MF,Leverkusen,Bundesliga,25,1998,12.8,2,0,0,9,18,0,4,13,15,0,0,0,76,1,8,11.1,Exequiel,Palacios,Exequiel Palacios,40000000.0,45000000.0
Takefusa Kubo,jp JPN,MF,Real Sociedad,La Liga,23,2001,36,27,"2,372",26.4,5,0,5,5,0,0,5,0,3.6,3.6,4.5,8.0,133,110,218,0.19,0.0,0.19,0.19,0.19,0.14,0.17,0.31,0.14,0.31,jp JPN,"MF,FW",Real Sociedad,La Liga,23,2001,26.4,5,43,14,32.6,1.63,0.53,0.12,0.36,16.1,0,0,0,3.6,3.6,0.08,1.4,1.4,jp JPN,"MF,FW",Real Sociedad,La Liga,23,2001,26.4,694,962,72.1,9938,2961,425,500,85.0,185,259,71.4,47,97,48.5,0,4.5,3.8,-4.5,45,59,45,11,110,jp JPN,"MF,FW",Real Sociedad,La Liga,23,2001,26.4,962,907,48,11,7,2,85,8,28,13,8,0,694,7,43,jp JPN,"MF,FW",Real Sociedad,La Liga,23,2001,26.4,114,4.33,72,11,16,2,9,4,8,0.3,2,0,5,0,1,0,jp JPN,"MF,FW",Real Sociedad,La Liga,23,2001,26.4,31,20,11,11,9,16,40,40.0,24,38,1,37,17,48,13,1,jp JPN,"MF,FW",Real Sociedad,La Liga,23,2001,26.4,1341,10,126,537,703,118,1341,157,75,47.8,66,42.0,878,6399,3647,133,63,57,89,48,988,218,jp JPN,"MF,FW",Real Sociedad,La Liga,23,2001,36,"2,372",66,69.4,26.4,27,79,10,9,28,1,1.28,25,28,-3,-0.11,0.57,30.1,27.2,2.9,0.11,0.49,jp JPN,"MF,FW",Real Sociedad,La Liga,23,2001,26.4,5,0,0,21,73,8,85,17,20,1,0,0,118,11,19,36.7,Takefusa,Kubo,Takefusa Kubo,40000000.0,60000000.0
Joao Palhinha,pt POR,MF,Bayern Munich,Bundesliga,29,1995,17,6,673,7.5,0,0,0,0,0,0,2,1,0.7,0.7,0.2,0.9,3,32,7,0.0,0.0,0.0,0.0,0.0,0.09,0.03,0.12,0.09,0.12,pt POR,MF,Bayern Munich,Bundesliga,29,1995,7.5,0,10,3,30.0,1.34,0.4,0.0,0.0,15.2,0,0,0,0.7,0.7,0.07,-0.7,-0.7,pt POR,MF,Bayern Munich,Bundesliga,29,1995,7.5,510,552,92.4,8227,1663,263,272,96.7,210,223,94.2,31,45,68.9,0,0.2,0.5,-0.2,4,47,2,0,32,pt POR,MF,Bayern Munich,Bundesliga,29,1995,7.5,552,544,7,7,0,3,2,0,0,0,0,0,510,1,3,pt POR,MF,Bayern Munich,Bundesliga,29,1995,7.5,13,1.74,11,0,0,2,0,0,1,0.13,0,0,0,1,0,0,pt POR,MF,Bayern Munich,Bundesliga,29,1995,7.5,20,14,6,11,3,11,16,68.8,5,13,1,12,4,24,9,1,pt POR,MF,Bayern Munich,Bundesliga,29,1995,7.5,631,18,94,419,120,13,631,4,2,50.0,2,50.0,330,1107,383,3,3,1,6,7,499,7,pt POR,MF,Bayern Munich,Bundesliga,29,1995,17,673,40,22.0,7.5,6,73,3,11,21,6,2.59,28,10,18,2.41,0.56,20.2,5.7,14.5,1.94,0.37,pt POR,MF,Bayern Munich,Bundesliga,29,1995,7.5,2,1,0,13,10,0,2,4,14,0,1,0,17,20,11,64.5,Joao,Palhinha,Joao Palhinha,40000000.0,60000000.0
Pape Matar Sarr,sn SEN,MF,Tottenham,Premier League,21,2002,36,22,"1,913",21.3,3,2,5,3,0,0,6,0,3.7,3.7,1.6,5.3,33,88,53,0.14,0.09,0.24,0.14,0.24,0.17,0.08,0.25,0.17,0.25,sn SEN,MF,Tottenham,Premier League,21,2002,21.3,3,34,13,38.2,1.6,0.61,0.09,0.23,20.9,0,0,0,3.7,3.7,0.11,-0.7,-0.7,sn SEN,MF,Tottenham,Premier League,21,2002,21.3,889,1029,86.4,13609,3128,462,509,90.8,347,386,89.9,45,62,72.6,2,1.6,0.8,0.4,15,85,12,2,88,sn SEN,MF,Tottenham,Premier League,21,2002,21.3,1029,999,26,9,1,3,14,12,0,0,0,0,889,4,20,sn SEN,MF,Tottenham,Premier League,21,2002,21.3,45,2.12,35,2,2,4,0,2,7,0.33,5,0,1,1,0,0,sn SEN,MF,Tottenham,Premier League,21,2002,21.3,49,36,19,23,7,12,25,48.0,13,26,10,16,30,79,25,1,sn SEN,MF,Tottenham,Premier League,21,2002,21.3,1253,47,274,699,302,28,1253,30,11,36.7,16,53.3,772,4547,1918,33,37,5,29,22,872,53,sn SEN,MF,Tottenham,Premier League,21,2002,36,"1,913",53,55.9,21.3,22,70,6,14,27,2,0.97,34,38,-4,-0.19,-0.37,31.0,36.7,-5.7,-0.27,-0.34,sn SEN,MF,Tottenham,Premier League,21,2002,21.3,6,0,0,34,35,2,14,30,36,0,1,0,115,34,45,43.0,Pape Matar,Sarr,Pape Matar Sarr,40000000.0,45000000.0
Moise Kean,it ITA,FW,Fiorentina,Serie A,24,2000,31,30,"2,615",29.1,17,3,20,16,1,2,5,0,19.4,17.9,1.9,19.7,42,26,143,0.59,0.1,0.69,0.55,0.65,0.65,0.06,0.71,0.59,0.66,it ITA,FW,Fiorentina,Serie A,24,2000,29.1,17,98,45,45.9,3.37,1.55,0.16,0.36,15.0,0,1,2,19.4,17.9,0.18,-0.4,0.1,it ITA,FW,Fiorentina,Serie A,24,2000,29.1,228,326,69.9,3457,552,128,161,79.5,74,110,67.3,14,17,82.4,3,1.9,1.1,1.1,19,15,10,1,26,it ITA,FW,Fiorentina,Serie A,24,2000,29.1,326,295,29,1,1,5,8,3,1,0,0,0,228,2,15,it ITA,FW,Fiorentina,Serie A,24,2000,29.1,57,1.9,26,1,16,8,5,1,7,0.23,2,0,3,2,0,0,it ITA,FW,Fiorentina,Serie A,24,2000,29.1,7,5,1,2,4,3,4,75.0,1,12,0,12,5,12,26,1,it ITA,FW,Fiorentina,Serie A,24,2000,29.1,700,28,49,306,366,132,698,101,44,43.6,49,48.5,454,2460,1078,42,28,32,97,53,541,143,it ITA,FW,Fiorentina,Serie A,24,2000,31,"2,615",84,76.5,29.1,30,86,22,1,35,0,1.56,46,34,12,0.41,-0.37,41.2,36.2,5.0,0.17,0.03,it ITA,FW,Fiorentina,Serie A,24,2000,29.1,5,0,0,40,51,56,8,5,5,0,1,0,52,51,48,51.5,Moise,Kean,Moise Kean,40000000.0,40000000.0
Hugo Larsson,se SWE,MF,Eint Frankfurt,Bundesliga,20,2004,33,28,"2,393",26.6,3,1,4,3,0,0,2,0,3.1,3.1,2.1,5.2,16,121,33,0.11,0.04,0.15,0.11,0.15,0.12,0.08,0.19,0.12,0.19,se SWE,MF,Eint Frankfurt,Bundesliga,20,2004,26.6,3,21,10,47.6,0.79,0.38,0.14,0.3,16.4,0,0,0,3.1,3.1,0.15,-0.1,-0.1,se SWE,MF,Eint Frankfurt,Bundesliga,20,2004,26.6,1080,1243,86.9,16893,4921,542,594,91.2,440,484,90.9,59,93,63.4,1,2.1,1.9,-1.1,21,89,19,3,121,se SWE,MF,Eint Frankfurt,Bundesliga,20,2004,26.6,1243,1212,27,22,2,5,8,5,0,0,0,0,1080,4,17,se SWE,MF,Eint Frankfurt,Bundesliga,20,2004,26.6,57,2.14,48,0,2,5,1,1,5,0.19,2,0,1,2,0,0,se SWE,MF,Eint Frankfurt,Bundesliga,20,2004,26.6,47,27,17,25,5,21,42,50.0,21,42,11,31,30,77,35,1,se SWE,MF,Eint Frankfurt,Bundesliga,20,2004,26.6,1478,79,425,797,265,26,1478,19,12,63.2,7,36.8,803,3137,1382,16,20,4,23,11,1006,33,se SWE,MF,Eint Frankfurt,Bundesliga,20,2004,33,"2,393",73,78.2,26.6,28,81,13,5,26,0,1.79,50,33,17,0.64,-0.04,48.3,37.5,10.8,0.41,-0.44,se SWE,MF,Eint Frankfurt,Bundesliga,20,2004,26.6,2,0,0,21,5,2,8,30,27,0,1,0,121,13,14,48.1,Hugo,Larsson,Hugo Larsson,40000000.0,40000000.0
Mathys Tel,fr FRA,FW,Bayern Munich,Bundesliga,19,2005,8,2,256,2.8,0,1,1,0,0,0,0,0,0.7,0.7,0.3,1.0,6,9,34,0.0,0.35,0.35,0.0,0.35,0.26,0.1,0.36,0.26,0.36,fr FRA,"FW,MF",Bayern Munich,Bundesliga,19,2005,2.8,0,10,3,30.0,3.52,1.05,0.0,0.0,18.1,0,0,0,0.7,0.7,0.07,-0.7,-0.7,fr FRA,"FW,MF",Bayern Munich,Bundesliga,19,2005,2.8,108,128,84.4,1721,329,58,66,87.9,39,43,90.7,8,14,57.1,1,0.3,0.6,0.7,1,5,4,1,9,fr FRA,"FW,MF",Bayern Munich,Bundesliga,19,2005,2.8,128,118,10,3,0,1,5,4,2,0,0,0,108,0,2,fr FRA,"FW,MF",Bayern Munich,Bundesliga,19,2005,2.8,4,1.41,3,1,0,0,0,0,2,0.7,2,0,0,0,0,0,fr FRA,"FW,MF",Bayern Munich,Bundesliga,19,2005,2.8,2,2,0,2,0,0,0,0.0,0,0,0,0,1,3,1,0,fr FRA,"FW,MF",Bayern Munich,Bundesliga,19,2005,2.8,157,0,15,55,89,14,157,12,6,50.0,6,50.0,109,745,198,6,7,3,4,6,135,34,fr FRA,"FW,MF",Bayern Munich,Bundesliga,19,2005,8,256,32,8.4,2.8,2,60,0,6,23,9,2.13,6,3,3,1.05,-1.0,7.4,2.1,5.4,1.88,0.25,fr FRA,"FW,MF",Bayern Munich,Bundesliga,19,2005,2.8,0,0,0,5,6,1,5,1,2,0,0,0,10,1,0,100.0,Mathys,Tel,Mathys Tel,40000000.0,50000000.0
Scott McTominay,sct SCO,MF,Napoli,Serie A,27,1996,34,33,"2,938",32.6,12,4,16,12,0,0,3,0,7.4,7.4,2.7,10.1,56,112,131,0.37,0.12,0.49,0.37,0.49,0.23,0.08,0.31,0.23,0.31,sct SCO,MF,Napoli,Serie A,27,1996,32.6,12,76,33,43.4,2.33,1.01,0.16,0.36,15.3,2,0,0,7.4,7.4,0.1,4.6,4.6,sct SCO,MF,Napoli,Serie A,27,1996,32.6,777,924,84.1,12625,2930,386,435,88.7,299,343,87.2,62,86,72.1,4,2.7,1.7,1.3,26,72,22,1,112,sct SCO,MF,Napoli,Serie A,27,1996,32.6,924,909,13,7,9,8,11,4,0,0,0,0,777,2,20,sct SCO,MF,Napoli,Serie A,27,1996,32.6,69,2.11,45,0,3,14,5,2,10,0.31,6,0,1,2,1,0,sct SCO,MF,Napoli,Serie A,27,1996,32.6,43,25,12,27,4,18,36,50.0,18,22,5,17,24,67,51,0,sct SCO,MF,Napoli,Serie A,27,1996,32.6,1314,52,236,718,384,106,1314,88,39,44.3,35,39.8,726,4108,1993,56,40,15,68,48,944,131,sct SCO,MF,Napoli,Serie A,27,1996,34,"2,938",86,85.9,32.6,33,89,29,1,17,0,2.15,49,22,27,0.83,-0.11,44.1,21.7,22.4,0.69,0.51,sct SCO,MF,Napoli,Serie A,27,1996,32.6,3,0,0,45,60,5,11,24,25,1,0,0,143,66,50,56.9,Scott,McTominay,Scott McTominay,40000000.0,40000000.0
Pau Torres,es ESP,DF,Aston Villa,Premier League,27,1997,24,23,"2,020",22.4,0,0,0,0,0,0,2,0,0.5,0.5,0.1,0.6,40,97,8,0.0,0.0,0.0,0.0,0.0,0.02,0.01,0.03,0.02,0.03,es ESP,DF,Aston Villa,Premier League,27,1997,22.4,0,8,2,25.0,0.36,0.09,0.0,0.0,11.7,0,0,0,0.5,0.5,0.06,-0.5,-0.5,es ESP,DF,Aston Villa,Premier League,27,1997,22.4,1217,1369,88.9,21319,7907,521,547,95.2,602,644,93.5,79,148,53.4,0,0.1,0.4,-0.1,3,110,8,0,97,es ESP,DF,Aston Villa,Premier League,27,1997,22.4,1369,1248,117,67,4,12,3,3,0,0,0,0,1217,4,4,es ESP,DF,Aston Villa,Premier League,27,1997,22.4,14,0.62,11,0,0,3,0,0,2,0.09,1,0,0,1,0,0,es ESP,DF,Aston Villa,Premier League,27,1997,22.4,21,15,11,8,2,10,17,58.8,7,16,11,5,10,31,75,2,es ESP,DF,Aston Villa,Premier League,27,1997,22.4,1518,237,701,726,97,17,1518,17,15,88.2,2,11.8,965,6359,4176,40,27,0,6,5,1090,8,es ESP,DF,Aston Villa,Premier League,27,1997,24,"2,020",84,59.1,22.4,23,87,22,1,21,4,1.58,30,33,-3,-0.13,-0.78,30.7,29.5,1.3,0.06,-0.24,es ESP,DF,Aston Villa,Premier League,27,1997,22.4,2,0,0,8,7,0,3,10,15,0,0,0,62,18,29,38.3,Pau,Torres,Pau Torres,40000000.0,50000000.0
Noni Madueke,eng ENG,FW,Chelsea,Premier League,22,2002,32,27,"2,033",22.6,7,3,10,7,0,0,3,0,9.6,9.6,4.2,13.9,154,69,226,0.31,0.13,0.44,0.31,0.44,0.43,0.19,0.61,0.43,0.61,eng ENG,FW,Chelsea,Premier League,22,2002,22.6,7,80,30,37.5,3.54,1.33,0.09,0.23,14.4,0,0,0,9.6,9.6,0.12,-2.6,-2.6,eng ENG,FW,Chelsea,Premier League,22,2002,22.6,530,685,77.4,7705,1853,325,377,86.2,164,215,76.3,22,41,53.7,3,4.2,3.2,-1.2,32,16,35,8,69,eng ENG,FW,Chelsea,Premier League,22,2002,22.6,685,660,20,1,1,4,63,18,1,0,0,0,530,5,15,eng ENG,FW,Chelsea,Premier League,22,2002,22.6,79,3.5,57,0,10,7,4,1,8,0.35,5,0,0,1,1,1,eng ENG,FW,Chelsea,Premier League,22,2002,22.6,25,18,8,12,5,14,38,36.8,24,17,0,17,10,35,11,0,eng ENG,FW,Chelsea,Premier League,22,2002,22.6,980,22,101,301,595,184,980,102,45,44.1,46,45.1,641,5413,3485,154,50,93,52,25,756,226,eng ENG,FW,Chelsea,Premier League,22,2002,32,"2,033",64,59.4,22.6,27,73,6,5,14,1,1.97,38,28,10,0.44,-0.27,43.1,28.9,14.3,0.63,0.23,eng ENG,FW,Chelsea,Premier League,22,2002,22.6,3,0,0,22,25,5,63,10,18,0,0,0,84,11,19,36.7,Noni,Madueke,Noni Madueke,40000000.0,40000000.0
Amad Diallo,ci CIV,MF,Manchester Utd,Premier League,22,2002,26,20,"1,901",21.1,8,6,14,8,0,0,5,0,4.7,4.7,4.9,9.6,109,60,200,0.38,0.28,0.66,0.38,0.66,0.22,0.23,0.45,0.22,0.45,ci CIV,"MF,FW",Manchester Utd,Premier League,22,2002,21.1,8,47,17,36.2,2.23,0.8,0.17,0.47,17.5,0,0,0,4.7,4.7,0.1,3.3,3.3,ci CIV,"MF,FW",Manchester Utd,Premier League,22,2002,21.1,795,949,83.8,11030,2193,493,542,91.0,227,264,86.0,40,72,55.6,6,4.9,4.2,1.1,49,27,35,7,60,ci CIV,"MF,FW",Manchester Utd,Premier League,22,2002,21.1,949,859,86,5,3,1,42,49,32,23,1,1,795,4,20,ci CIV,"MF,FW",Manchester Utd,Premier League,22,2002,21.1,97,4.59,65,9,10,3,6,4,18,0.85,7,0,4,1,2,4,ci CIV,"MF,FW",Manchester Utd,Premier League,22,2002,21.1,38,31,9,20,9,19,32,59.4,13,15,2,13,11,49,19,1,ci CIV,"MF,FW",Manchester Utd,Premier League,22,2002,21.1,1207,16,175,443,607,131,1207,88,41,46.6,43,48.9,782,5295,2750,109,53,66,42,35,854,200,ci CIV,"MF,FW",Manchester Utd,Premier League,22,2002,26,"1,901",73,55.6,21.1,20,87,14,6,28,2,1.08,28,30,-2,-0.09,0.38,31.8,31.4,0.4,0.02,0.12,ci CIV,"MF,FW",Manchester Utd,Premier League,22,2002,21.1,5,0,0,21,28,9,42,11,31,2,0,0,109,10,15,40.0,Amad,Diallo,Amad Diallo,40000000.0,40000000.0
Romeo Lavia,be BEL,MF,Chelsea,Premier League,20,2004,16,11,797,8.9,0,1,1,0,0,0,4,0,0.3,0.3,0.7,1.0,3,31,7,0.0,0.11,0.11,0.0,0.11,0.03,0.08,0.11,0.03,0.11,be BEL,MF,Chelsea,Premier League,20,2004,8.9,0,2,0,0.0,0.23,0.0,0.0,0.0,18.8,0,0,0,0.3,0.3,0.13,-0.3,-0.3,be BEL,MF,Chelsea,Premier League,20,2004,8.9,389,424,91.7,6552,1692,179,195,91.8,184,194,94.8,21,25,84.0,1,0.7,0.4,0.3,7,49,3,0,31,be BEL,MF,Chelsea,Premier League,20,2004,8.9,424,419,3,3,3,3,0,0,0,0,0,0,389,2,1,be BEL,MF,Chelsea,Premier League,20,2004,8.9,14,1.58,13,0,0,0,0,1,2,0.23,2,0,0,0,0,0,be BEL,MF,Chelsea,Premier League,20,2004,8.9,22,13,5,13,4,10,21,47.6,11,6,0,6,16,38,10,1,be BEL,MF,Chelsea,Premier League,20,2004,8.9,493,17,109,319,71,1,493,16,10,62.5,6,37.5,295,1373,567,3,9,0,3,7,359,7,be BEL,MF,Chelsea,Premier League,20,2004,16,797,50,23.3,8.9,11,66,0,5,14,4,1.88,11,11,0,0.0,-0.72,11.7,14.7,-2.9,-0.33,-1.13,be BEL,MF,Chelsea,Premier League,20,2004,8.9,4,0,0,16,7,0,0,16,13,0,1,0,40,12,6,66.7,Romeo,Lavia,Romeo Lavia,40000000.0,50000000.0
Joelinton,br BRA,MF,Newcastle Utd,Premier League,27,1996,29,29,"2,393",26.6,4,3,7,4,0,0,10,0,3.9,3.9,2.5,6.4,40,116,110,0.15,0.11,0.26,0.15,0.26,0.15,0.09,0.24,0.15,0.24,br BRA,"MF,FW",Newcastle Utd,Premier League,27,1996,26.6,4,45,13,28.9,1.69,0.49,0.09,0.31,14.0,0,0,0,3.9,3.9,0.09,0.1,0.1,br BRA,"MF,FW",Newcastle Utd,Premier League,27,1996,26.6,863,1043,82.7,12199,3384,529,603,87.7,277,320,86.6,33,55,60.0,3,2.5,2.3,0.5,23,80,17,2,116,br BRA,"MF,FW",Newcastle Utd,Premier League,27,1996,26.6,1043,1014,26,11,7,2,16,14,0,0,0,0,863,3,23,br BRA,"MF,FW",Newcastle Utd,Premier League,27,1996,26.6,61,2.29,46,2,1,5,1,6,9,0.34,7,0,0,1,0,1,br BRA,"MF,FW",Newcastle Utd,Premier League,27,1996,26.6,57,35,23,23,11,25,44,56.8,19,37,7,30,23,80,47,2,br BRA,"MF,FW",Newcastle Utd,Premier League,27,1996,26.6,1360,67,256,670,448,83,1360,46,15,32.6,28,60.9,729,3598,1786,40,26,9,39,53,934,110,br BRA,"MF,FW",Newcastle Utd,Premier League,27,1996,29,"2,393",83,70.0,26.6,29,83,18,0,0,0,1.83,51,32,19,0.71,0.54,46.4,31.5,14.9,0.56,0.27,br BRA,"MF,FW",Newcastle Utd,Premier League,27,1996,26.6,10,0,0,58,35,7,16,23,35,0,0,0,149,59,46,56.2,,Joelinton,Joelinton,40000000.0,42000000.0
Riccardo Calafiori,it ITA,DF,Arsenal,Premier League,22,2002,19,11,983,10.9,2,1,3,2,0,0,4,0,0.9,0.9,0.3,1.1,22,54,29,0.18,0.09,0.27,0.18,0.27,0.08,0.03,0.11,0.08,0.11,it ITA,DF,Arsenal,Premier League,22,2002,10.9,2,10,6,60.0,0.92,0.55,0.2,0.33,14.1,0,0,0,0.9,0.9,0.09,1.1,1.1,it ITA,DF,Arsenal,Premier League,22,2002,10.9,470,549,85.6,6903,1705,280,306,91.5,163,188,86.7,19,28,67.9,1,0.3,0.7,0.7,6,41,9,1,54,it ITA,DF,Arsenal,Premier League,22,2002,10.9,549,483,65,7,0,2,11,58,0,0,0,0,470,1,11,it ITA,DF,Arsenal,Premier League,22,2002,10.9,13,1.19,11,0,1,1,0,0,2,0.18,2,0,0,0,0,0,it ITA,DF,Arsenal,Premier League,22,2002,10.9,27,19,15,10,2,18,29,62.1,11,12,6,6,9,36,25,0,it ITA,DF,Arsenal,Premier League,22,2002,10.9,653,30,164,264,229,30,653,13,9,69.2,3,23.1,308,1655,889,22,15,3,12,5,394,29,it ITA,DF,Arsenal,Premier League,22,2002,19,983,52,28.7,10.9,11,72,3,8,25,3,2.05,27,12,15,1.37,0.63,20.6,10.4,10.2,0.93,0.37,it ITA,DF,Arsenal,Premier League,22,2002,10.9,4,0,0,16,6,3,11,9,19,0,0,0,35,22,14,61.1,Riccardo,Calafiori,Riccardo Calafiori,40000000.0,45000000.0
David Raya,es ESP,GK,Arsenal,Premier League,28,1995,38,38,"3,420",38.0,0,0,0,0,0,0,3,0,0.0,0.0,0.0,0.0,0,14,0,0.0,0.0,0.0,0.0,0.0,0.0,0.0,0.0,0.0,0.0,es ESP,GK,Arsenal,Premier League,28,1995,38.0,0,0,0,0.0,0.0,0.0,0.0,0.0,0.0,0,0,0,0.0,0.0,0.0,0.0,0.0,es ESP,GK,Arsenal,Premier League,28,1995,38.0,1040,1413,73.6,24784,17222,285,288,99.0,537,548,98.0,215,570,37.7,0,0.0,0.1,0.0,1,45,3,0,14,es ESP,GK,Arsenal,Premier League,28,1995,38.0,1413,1172,238,91,0,3,0,0,0,0,0,0,1040,3,0,es ESP,GK,Arsenal,Premier League,28,1995,38.0,5,0.13,4,1,0,0,0,0,1,0.03,1,0,0,0,0,0,es ESP,GK,Arsenal,Premier League,28,1995,38.0,0,0,0,0,0,0,2,0.0,2,0,0,0,2,2,21,9,es ESP,GK,Arsenal,Premier League,28,1995,38.0,1480,880,1388,92,0,0,1480,1,1,100.0,0,0.0,921,4542,2729,0,0,0,1,0,841,0,es ESP,GK,Arsenal,Premier League,28,1995,38,"3,420",90,100.0,38.0,38,90,38,0,0,0,1.95,69,34,35,0.92,0.0,59.9,34.4,25.5,0.67,0.0,es ESP,GK,Arsenal,Premier League,28,1995,38.0,3,0,0,1,10,0,0,2,0,0,1,0,41,13,0,100.0,David,Raya,David Raya,40000000.0,40000000.0
Matthijs de Ligt,nl NED,DF,Manchester Utd,Premier League,24,1999,29,25,"2,123",23.6,2,0,2,2,0,0,3,0,2.5,2.5,0.3,2.8,7,55,6,0.08,0.0,0.08,0.08,0.08,0.1,0.01,0.12,0.1,0.12,nl NED,DF,Manchester Utd,Premier League,24,1999,23.6,2,18,9,50.0,0.76,0.38,0.11,0.22,7.9,0,0,0,2.5,2.5,0.14,-0.5,-0.5,nl NED,DF,Manchester Utd,Premier League,24,1999,23.6,1241,1380,89.9,21810,5955,454,482,94.2,728,771,94.4,53,108,49.1,0,0.3,0.3,-0.3,6,63,2,1,55,nl NED,DF,Manchester Utd,Premier League,24,1999,23.6,1380,1350,27,19,0,9,6,1,0,0,0,0,1241,3,11,nl NED,DF,Manchester Utd,Premier League,24,1999,23.6,14,0.59,12,0,0,2,0,0,1,0.04,1,0,0,0,0,0,nl NED,DF,Manchester Utd,Premier League,24,1999,23.6,30,22,17,12,1,23,32,71.9,9,29,21,8,33,63,96,0,nl NED,DF,Manchester Utd,Premier League,24,1999,23.6,1608,184,828,731,56,29,1608,4,2,50.0,2,50.0,1078,4744,2225,7,3,0,5,3,1158,6,nl NED,DF,Manchester Utd,Premier League,24,1999,29,"2,123",73,62.1,23.6,25,82,16,4,19,1,1.28,32,36,-4,-0.17,0.25,30.2,37.4,-7.2,-0.3,-0.72,nl NED,DF,Manchester Utd,Premier League,24,1999,23.6,3,0,0,16,12,2,6,33,22,0,2,0,68,58,29,66.7,Matthijs,de Ligt,Matthijs de Ligt,40000000.0,75000000.0
Andrea Cambiaso,it ITA,DF,Juventus,Serie A,24,2000,33,25,"2,221",24.7,2,3,5,2,0,0,4,0,0.7,0.7,2.6,3.3,78,111,122,0.08,0.12,0.2,0.08,0.2,0.03,0.11,0.13,0.03,0.13,it ITA,"DF,FW",Juventus,Serie A,24,2000,24.7,2,17,6,35.3,0.69,0.24,0.12,0.33,22.1,0,0,0,0.7,0.7,0.04,1.3,1.3,it ITA,"DF,FW",Juventus,Serie A,24,2000,24.7,1476,1667,88.5,24469,5281,732,779,94.0,598,657,91.0,112,150,74.7,3,2.6,2.1,0.4,34,82,31,9,111,it ITA,"DF,FW",Juventus,Serie A,24,2000,24.7,1667,1479,187,24,2,12,66,149,14,6,4,0,1476,1,39,it ITA,"DF,FW",Juventus,Serie A,24,2000,24.7,85,3.45,67,7,4,3,2,2,9,0.36,7,1,0,1,0,0,it ITA,"DF,FW",Juventus,Serie A,24,2000,24.7,46,30,27,13,6,27,44,61.4,17,24,4,20,16,62,34,5,it ITA,"DF,FW",Juventus,Serie A,24,2000,24.7,1911,55,474,939,517,42,1911,50,27,54.0,18,36.0,1195,7318,3868,78,63,13,45,21,1364,122,it ITA,"DF,FW",Juventus,Serie A,24,2000,33,"2,221",67,64.9,24.7,25,81,16,8,25,0,1.79,35,20,15,0.61,0.01,33.2,21.1,12.1,0.49,0.13,it ITA,"DF,FW",Juventus,Serie A,24,2000,24.7,4,0,0,28,23,6,66,16,30,0,0,0,116,6,11,35.3,Andrea,Cambiaso,Andrea Cambiaso,40000000.0,40000000.0
Eder Militao,br BRA,DF,Real Madrid,La Liga,26,1998,12,11,938,10.4,1,1,2,1,0,0,2,0,0.6,0.6,0.5,1.1,7,46,1,0.1,0.1,0.19,0.1,0.19,0.06,0.05,0.11,0.06,0.11,br BRA,DF,Real Madrid,La Liga,26,1998,10.4,1,10,3,30.0,0.96,0.29,0.1,0.33,17.3,0,0,0,0.6,0.6,0.06,0.4,0.4,br BRA,DF,Real Madrid,La Liga,26,1998,10.4,636,712,89.3,13095,4633,189,201,94.0,372,394,94.4,72,110,65.5,1,0.5,0.2,0.5,6,56,3,0,46,br BRA,DF,Real Madrid,La Liga,26,1998,10.4,712,676,34,19,0,15,2,2,0,0,0,0,636,2,3,br BRA,DF,Real Madrid,La Liga,26,1998,10.4,12,1.15,9,0,0,2,0,1,1,0.1,1,0,0,0,0,0,br BRA,DF,Real Madrid,La Liga,26,1998,10.4,19,17,14,5,0,7,12,58.3,5,13,8,5,12,31,35,0,br BRA,DF,Real Madrid,La Liga,26,1998,10.4,819,92,395,395,33,13,819,8,5,62.5,3,37.5,533,2738,1593,7,7,0,6,3,603,1,br BRA,DF,Real Madrid,La Liga,26,1998,12,938,78,27.4,10.4,11,83,9,1,20,0,2.25,20,9,11,1.06,0.0,18.6,11.0,7.6,0.73,-0.17,br BRA,DF,Real Madrid,La Liga,26,1998,10.4,2,0,0,18,8,0,2,12,17,0,0,0,44,21,12,63.6,Eder,Militao,Eder Militao,40000000.0,70000000.0
Robin Le Normand,es ESP,DF,Atletico Madrid,La Liga,27,1996,27,24,"2,151",23.9,1,0,1,1,0,0,8,0,1.5,1.5,0.5,1.9,11,55,6,0.04,0.0,0.04,0.04,0.04,0.06,0.02,0.08,0.06,0.08,es ESP,DF,Atletico Madrid,La Liga,27,1996,23.9,1,11,3,27.3,0.46,0.13,0.09,0.33,8.6,0,0,0,1.5,1.5,0.13,-0.5,-0.5,es ESP,DF,Atletico Madrid,La Liga,27,1996,23.9,1174,1298,90.4,20104,6230,467,496,94.2,623,653,95.4,62,116,53.4,0,0.5,1.0,-0.5,3,41,2,0,55,es ESP,DF,Atletico Madrid,La Liga,27,1996,23.9,1298,1263,34,26,0,5,1,4,0,0,0,0,1174,1,3,es ESP,DF,Atletico Madrid,La Liga,27,1996,23.9,7,0.29,4,0,0,3,0,0,1,0.04,0,0,0,1,0,0,es ESP,DF,Atletico Madrid,La Liga,27,1996,23.9,27,18,23,4,0,12,20,60.0,8,20,9,11,10,37,120,1,es ESP,DF,Atletico Madrid,La Liga,27,1996,23.9,1523,193,805,677,44,19,1523,4,2,50.0,2,50.0,1001,4140,2052,11,7,0,14,6,1100,6,es ESP,DF,Atletico Madrid,La Liga,27,1996,27,"2,151",80,62.9,23.9,24,87,23,3,18,3,1.93,39,17,22,0.92,-0.21,40.9,21.1,19.8,0.83,0.02,es ESP,DF,Atletico Madrid,La Liga,27,1996,23.9,8,0,0,35,24,3,1,10,18,0,1,0,82,54,39,58.1,Robin,Le Normand,Robin Le Normand,40000000.0,40000000.0
Maghnes Akliouche,fr FRA,FW,Monaco,Ligue 1,22,2002,32,27,"2,406",26.7,5,10,15,4,1,1,2,0,9.2,8.4,7.3,15.7,127,173,226,0.19,0.37,0.56,0.15,0.52,0.35,0.27,0.62,0.32,0.59,fr FRA,"FW,MF",Monaco,Ligue 1,22,2002,26.7,5,61,17,27.9,2.28,0.64,0.07,0.24,16.0,2,1,1,9.2,8.4,0.14,-4.2,-4.4,fr FRA,"FW,MF",Monaco,Ligue 1,22,2002,26.7,989,1216,81.3,13887,4098,604,670,90.1,291,356,81.7,54,87,62.1,10,7.3,7.8,2.7,49,90,64,3,173,fr FRA,"FW,MF",Monaco,Ligue 1,22,2002,26.7,1216,1163,43,10,8,8,53,16,17,11,2,0,989,10,34,fr FRA,"FW,MF",Monaco,Ligue 1,22,2002,26.7,119,4.45,87,3,12,6,8,3,19,0.71,17,0,0,2,0,0,fr FRA,"FW,MF",Monaco,Ligue 1,22,2002,26.7,51,31,12,24,15,19,41,46.3,22,21,0,21,15,66,13,0,fr FRA,"FW,MF",Monaco,Ligue 1,22,2002,26.7,1566,22,150,644,794,156,1565,103,50,48.5,50,48.5,999,6581,3653,127,98,47,78,47,1149,226,fr FRA,"FW,MF",Monaco,Ligue 1,22,2002,32,"2,406",75,78.6,26.7,27,86,20,5,19,0,1.78,53,31,22,0.82,0.82,59.5,28.7,30.8,1.15,0.16,fr FRA,"FW,MF",Monaco,Ligue 1,22,2002,26.7,2,0,0,31,38,8,53,15,31,0,0,0,131,5,23,17.9,Maghnes,Akliouche,Maghnes Akliouche,40000000.0,40000000.0
Marquinhos,br BRA,DF,Paris S-G,Ligue 1,30,1994,22,19,"1,725",19.2,2,0,2,2,0,0,3,0,1.1,1.1,0.8,1.9,29,151,4,0.1,0.0,0.1,0.1,0.1,0.06,0.04,0.1,0.06,0.1,br BRA,DF,Paris S-G,Ligue 1,30,1994,19.2,2,8,3,37.5,0.42,0.16,0.25,0.67,9.7,0,0,0,1.1,1.1,0.14,0.9,0.9,br BRA,DF,Paris S-G,Ligue 1,30,1994,19.2,1736,1830,94.9,33775,10072,524,539,97.2,1012,1039,97.4,186,225,82.7,0,0.8,1.0,-0.8,9,184,4,1,151,br BRA,DF,Paris S-G,Ligue 1,30,1994,19.2,1830,1791,36,23,3,13,3,11,0,0,0,0,1736,3,6,br BRA,DF,Paris S-G,Ligue 1,30,1994,19.2,31,1.62,28,0,1,0,0,2,1,0.05,0,0,0,0,0,1,br BRA,DF,Paris S-G,Ligue 1,30,1994,19.2,30,19,8,16,6,25,33,75.8,8,27,15,12,11,41,64,0,br BRA,DF,Paris S-G,Ligue 1,30,1994,19.2,1990,179,610,1271,114,13,1990,4,3,75.0,1,25.0,1335,6601,4472,29,25,0,4,1,1603,4,br BRA,DF,Paris S-G,Ligue 1,30,1994,22,"1,725",78,56.4,19.2,19,87,16,3,25,5,2.41,52,18,34,1.77,0.22,50.0,15.9,34.1,1.78,0.19,br BRA,DF,Paris S-G,Ligue 1,30,1994,19.2,3,0,0,18,7,1,3,11,19,0,1,0,103,32,17,65.3,,Marquinhos,Marquinhos,40000000.0,75000000.0
Joao Gomes,br BRA,MF,Wolves,Premier League,23,2001,36,35,"2,974",33.0,3,1,4,3,0,0,11,1,2.9,2.9,1.2,4.1,59,165,76,0.09,0.03,0.12,0.09,0.12,0.09,0.04,0.12,0.09,0.12,br BRA,MF,Wolves,Premier League,23,2001,33.0,3,35,7,20.0,1.06,0.21,0.09,0.43,18.3,0,0,0,2.9,2.9,0.08,0.1,0.1,br BRA,MF,Wolves,Premier League,23,2001,33.0,1380,1623,85.0,19707,4911,813,896,90.7,430,498,86.3,66,112,58.9,1,1.2,1.9,-0.2,23,122,24,1,165,br BRA,MF,Wolves,Premier League,23,2001,33.0,1623,1564,56,27,5,9,29,17,1,1,0,0,1380,3,24,br BRA,MF,Wolves,Premier League,23,2001,33.0,67,2.03,53,1,5,2,2,4,4,0.12,4,0,0,0,0,0,br BRA,MF,Wolves,Premier League,23,2001,33.0,116,71,55,53,8,48,110,43.6,62,42,4,38,25,141,33,0,br BRA,MF,Wolves,Premier League,23,2001,33.0,1998,62,431,1105,491,45,1998,65,30,46.2,28,43.1,1059,6216,2843,59,51,6,43,51,1335,76,br BRA,MF,Wolves,Premier League,23,2001,36,"2,974",83,87.0,33.0,35,84,18,1,45,0,1.08,45,58,-13,-0.39,0.01,36.2,49.4,-13.2,-0.4,-0.15,br BRA,MF,Wolves,Premier League,23,2001,33.0,11,1,1,70,47,1,29,25,71,0,0,0,200,11,26,29.7,Joao,Gomes,Joao Gomes,40000000.0,40000000.0
Theo Hernandez,fr FRA,DF,Milan,Serie A,26,1997,33,30,"2,696",30.0,4,3,7,4,0,1,4,1,2.7,1.9,4.7,6.6,93,132,148,0.13,0.1,0.23,0.13,0.23,0.09,0.16,0.25,0.06,0.22,fr FRA,DF,Milan,Serie A,26,1997,30.0,4,43,14,32.6,1.44,0.47,0.09,0.29,22.4,3,0,1,2.7,1.9,0.04,1.3,2.1,fr FRA,DF,Milan,Serie A,26,1997,30.0,1373,1639,83.8,21883,6748,728,792,91.9,527,595,88.6,87,175,49.7,3,4.7,4.1,-1.7,47,96,32,12,132,fr FRA,DF,Milan,Serie A,26,1997,30.0,1639,1314,320,70,4,10,111,175,75,52,4,0,1373,5,37,fr FRA,DF,Milan,Serie A,26,1997,30.0,107,3.57,66,22,6,8,4,1,12,0.4,8,1,0,1,1,1,fr FRA,DF,Milan,Serie A,26,1997,30.0,36,28,23,10,3,21,39,53.8,18,25,10,15,17,53,75,3,fr FRA,DF,Milan,Serie A,26,1997,30.0,1901,84,510,850,565,59,1900,55,24,43.6,23,41.8,1046,6314,3910,93,58,25,32,20,1186,148,fr FRA,DF,Milan,Serie A,26,1997,33,"2,696",82,78.8,30.0,30,86,25,3,37,2,1.7,52,34,18,0.6,0.6,53.0,33.9,19.2,0.64,0.23,fr FRA,DF,Milan,Serie A,26,1997,30.0,4,1,0,17,43,3,111,17,28,1,1,0,129,37,16,69.8,Theo,Hernandez,Theo Hernandez,40000000.0,60000000.0
Serhou Guirassy,gn GUI,FW,Dortmund,Bundesliga,28,1996,30,29,"2,598",28.9,21,4,25,18,3,4,4,0,22.7,19.6,3.9,23.5,25,43,128,0.73,0.14,0.87,0.62,0.76,0.79,0.14,0.92,0.68,0.81,gn GUI,FW,Dortmund,Bundesliga,28,1996,28.9,21,86,33,38.4,2.98,1.14,0.21,0.55,12.1,1,3,4,22.7,19.6,0.23,-1.7,-1.6,gn GUI,FW,Dortmund,Bundesliga,28,1996,28.9,456,627,72.7,5726,933,305,375,81.3,105,147,71.4,16,23,69.6,4,3.9,3.1,0.1,25,28,14,0,43,gn GUI,FW,Dortmund,Bundesliga,28,1996,28.9,627,578,48,0,9,3,1,0,0,0,0,0,456,1,12,gn GUI,FW,Dortmund,Bundesliga,28,1996,28.9,53,1.84,36,0,1,10,6,0,10,0.35,5,0,0,3,2,0,gn GUI,FW,Dortmund,Bundesliga,28,1996,28.9,7,6,2,2,3,2,5,40.0,3,10,3,7,4,11,38,0,gn GUI,FW,Dortmund,Bundesliga,28,1996,28.9,965,40,76,485,410,160,961,39,11,28.2,21,53.8,528,2195,904,25,22,12,76,30,747,128,gn GUI,FW,Dortmund,Bundesliga,28,1996,30,"2,598",87,84.9,28.9,29,89,24,1,30,0,1.57,58,49,9,0.31,-1.83,52.8,37.1,15.7,0.54,0.03,gn GUI,FW,Dortmund,Bundesliga,28,1996,28.9,4,0,0,16,53,12,1,4,6,2,0,0,45,109,97,52.9,Serhou,Guirassy,Serhou Guirassy,40000000.0,40000000.0
Gregor Kobel,ch SUI,GK,Dortmund,Bundesliga,26,1997,32,32,"2,880",32.0,0,0,0,0,0,0,1,0,0.0,0.0,0.0,0.0,0,1,0,0.0,0.0,0.0,0.0,0.0,0.0,0.0,0.0,0.0,0.0,ch SUI,GK,Dortmund,Bundesliga,26,1997,32.0,0,0,0,0.0,0.0,0.0,0.0,0.0,0.0,0,0,0,0.0,0.0,0.0,0.0,0.0,ch SUI,GK,Dortmund,Bundesliga,26,1997,32.0,993,1241,80.0,24180,16099,240,242,99.2,525,528,99.4,226,465,48.6,0,0.0,0.0,0.0,1,5,0,0,1,ch SUI,GK,Dortmund,Bundesliga,26,1997,32.0,1241,1043,195,74,0,0,0,0,0,0,0,0,993,3,0,ch SUI,GK,Dortmund,Bundesliga,26,1997,32.0,4,0.12,3,0,0,0,1,0,0,0.0,0,0,0,0,0,0,ch SUI,GK,Dortmund,Bundesliga,26,1997,32.0,0,0,0,0,0,0,0,0.0,0,0,0,0,1,1,23,3,ch SUI,GK,Dortmund,Bundesliga,26,1997,32.0,1312,992,1300,12,0,0,1312,2,2,100.0,0,0.0,831,4028,2240,0,0,0,0,1,776,0,ch SUI,GK,Dortmund,Bundesliga,26,1997,32,"2,880",90,94.1,32.0,32,90,32,0,0,0,1.69,68,47,21,0.66,1.16,58.3,40.3,18.0,0.56,0.36,ch SUI,GK,Dortmund,Bundesliga,26,1997,32.0,1,0,0,0,2,0,0,1,0,0,0,0,61,5,0,100.0,Gregor,Kobel,Gregor Kobel,40000000.0,40000000.0
Gabriel Jesus,br BRA,FW,Arsenal,Premier League,27,1997,17,6,608,6.8,3,0,3,3,0,0,4,0,3.0,3.0,0.7,3.7,15,19,57,0.44,0.0,0.44,0.44,0.44,0.44,0.1,0.54,0.44,0.54,br BRA,FW,Arsenal,Premier League,27,1997,6.8,3,20,7,35.0,2.96,1.04,0.15,0.43,11.1,0,0,0,3.0,3.0,0.15,0.0,0.0,br BRA,FW,Arsenal,Premier League,27,1997,6.8,156,203,76.8,2030,378,103,128,80.5,41,47,87.2,4,6,66.7,0,0.7,0.5,-0.7,8,10,9,1,19,br BRA,FW,Arsenal,Premier League,27,1997,6.8,203,197,3,0,1,0,7,3,0,0,0,0,156,3,12,br BRA,FW,Arsenal,Premier League,27,1997,6.8,18,2.66,10,0,1,5,1,1,4,0.59,1,0,0,3,0,0,br BRA,FW,Arsenal,Premier League,27,1997,6.8,10,6,4,3,3,4,9,44.4,5,10,1,9,4,14,8,0,br BRA,FW,Arsenal,Premier League,27,1997,6.8,299,9,28,108,165,48,299,22,9,40.9,10,45.5,179,953,432,15,6,11,13,13,217,57,br BRA,FW,Arsenal,Premier League,27,1997,17,608,36,17.8,6.8,6,81,2,11,11,1,1.94,15,5,10,1.48,0.68,11.4,5.7,5.7,0.85,0.21,br BRA,FW,Arsenal,Premier League,27,1997,6.8,4,0,0,14,10,9,7,4,6,0,0,0,28,9,18,33.3,Gabriel,Jesus,Gabriel Jesus,40000000.0,80000000.0
Rico Lewis,eng ENG,DF,Manchester City,Premier League,19,2004,28,21,"1,893",21.0,1,2,3,1,0,0,5,1,1.4,1.4,0.3,1.7,39,107,78,0.05,0.1,0.14,0.05,0.14,0.07,0.02,0.08,0.07,0.08,eng ENG,"DF,MF",Manchester City,Premier League,19,2004,21.0,1,10,2,20.0,0.48,0.1,0.1,0.5,15.8,0,0,0,1.4,1.4,0.14,-0.4,-0.4,eng ENG,"DF,MF",Manchester City,Premier League,19,2004,21.0,1201,1312,91.5,17279,3228,721,762,94.6,438,466,94.0,28,44,63.6,2,0.3,1.0,1.7,7,92,14,0,107,eng ENG,"DF,MF",Manchester City,Premier League,19,2004,21.0,1312,1185,127,25,3,0,6,102,0,0,0,0,1201,0,22,eng ENG,"DF,MF",Manchester City,Premier League,19,2004,21.0,31,1.47,30,0,0,0,1,0,3,0.14,3,0,0,0,0,0,eng ENG,"DF,MF",Manchester City,Premier League,19,2004,21.0,30,19,13,12,5,13,21,61.9,8,28,7,21,13,43,45,1,eng ENG,"DF,MF",Manchester City,Premier League,19,2004,21.0,1477,53,289,727,477,46,1477,21,9,42.9,11,52.4,865,4215,2155,39,41,8,20,19,1061,78,eng ENG,"DF,MF",Manchester City,Premier League,19,2004,28,"1,893",68,55.4,21.0,21,85,14,7,16,8,1.82,41,27,14,0.67,-0.16,37.0,27.2,9.8,0.46,-0.16,eng ENG,"DF,MF",Manchester City,Premier League,19,2004,21.0,5,1,1,12,34,0,6,13,19,0,0,0,95,6,14,30.0,Rico,Lewis,Rico Lewis,40000000.0,40000000.0
Douglas Luiz,br BRA,MF,Juventus,Serie A,26,1998,19,3,529,5.9,0,0,0,0,0,0,2,0,0.6,0.6,1.0,1.6,16,35,12,0.0,0.0,0.0,0.0,0.0,0.11,0.16,0.27,0.11,0.27,br BRA,MF,Juventus,Serie A,26,1998,5.9,0,8,2,25.0,1.36,0.34,0.0,0.0,19.8,0,0,0,0.6,0.6,0.08,-0.6,-0.6,br BRA,MF,Juventus,Serie A,26,1998,5.9,379,438,86.5,6855,1625,177,194,91.2,146,163,89.6,50,72,69.4,0,1.0,1.3,-1.0,15,19,9,1,35,br BRA,MF,Juventus,Serie A,26,1998,5.9,438,400,37,15,1,4,26,4,18,6,11,0,379,1,1,br BRA,MF,Juventus,Serie A,26,1998,5.9,28,4.75,18,7,0,3,0,0,1,0.17,0,1,0,0,0,0,br BRA,MF,Juventus,Serie A,26,1998,5.9,13,8,7,5,1,6,9,66.7,3,5,2,3,4,17,5,0,br BRA,MF,Juventus,Serie A,26,1998,5.9,487,14,95,261,135,8,487,14,11,78.6,3,21.4,276,1686,916,16,10,0,8,7,347,12,br BRA,MF,Juventus,Serie A,26,1998,19,529,28,15.5,5.9,3,82,2,16,18,6,1.74,7,5,2,0.34,-0.31,8.4,4.8,3.6,0.61,0.19,br BRA,MF,Juventus,Serie A,26,1998,5.9,2,0,0,14,7,0,26,4,8,0,1,0,31,5,4,55.6,,Douglas Luiz,Douglas Luiz,38000000.0,70000000.0
Angelo Stiller,de GER,MF,Stuttgart,Bundesliga,23,2001,32,31,"2,741",30.5,1,8,9,1,0,0,6,0,1.8,1.8,7.2,9.0,39,289,69,0.03,0.26,0.3,0.03,0.3,0.06,0.24,0.29,0.06,0.29,de GER,MF,Stuttgart,Bundesliga,23,2001,30.5,1,21,4,19.0,0.69,0.13,0.05,0.25,20.6,1,0,0,1.8,1.8,0.08,-0.8,-0.8,de GER,MF,Stuttgart,Bundesliga,23,2001,30.5,2219,2540,87.4,37222,12647,1035,1105,93.7,967,1072,90.2,170,278,61.2,8,7.2,8.6,0.8,59,271,50,10,289,de GER,MF,Stuttgart,Bundesliga,23,2001,30.5,2540,2352,177,83,15,6,95,9,48,24,10,0,2219,11,15,de GER,MF,Stuttgart,Bundesliga,23,2001,30.5,111,3.64,88,17,2,0,3,1,10,0.33,8,2,0,0,0,0,de GER,MF,Stuttgart,Bundesliga,23,2001,30.5,49,27,18,25,6,14,30,46.7,16,29,9,20,26,75,50,4,de GER,MF,Stuttgart,Bundesliga,23,2001,30.5,2781,75,486,1752,556,35,2781,30,20,66.7,10,33.3,1588,7214,3723,39,39,3,21,25,2112,69,de GER,MF,Stuttgart,Bundesliga,23,2001,32,"2,741",86,89.6,30.5,31,87,28,1,34,0,1.38,52,51,1,0.03,-2.79,52.8,43.9,8.9,0.29,-1.55,de GER,MF,Stuttgart,Bundesliga,23,2001,30.5,6,0,0,21,48,1,95,26,27,1,0,1,140,18,28,39.1,Angelo,Stiller,Angelo Stiller,38000000.0,38000000.0
Boubacar Kamara,fr FRA,MF,Aston Villa,Premier League,24,1999,26,20,"1,726",19.2,1,0,1,1,0,0,2,0,0.8,0.8,0.9,1.7,19,85,7,0.05,0.0,0.05,0.05,0.05,0.04,0.05,0.09,0.04,0.09,fr FRA,MF,Aston Villa,Premier League,24,1999,19.2,1,10,3,30.0,0.52,0.16,0.1,0.33,19.6,0,0,0,0.8,0.8,0.08,0.2,0.2,fr FRA,MF,Aston Villa,Premier League,24,1999,19.2,825,931,88.6,13054,4037,421,454,92.7,357,390,91.5,34,62,54.8,0,0.9,0.8,-0.9,11,91,10,0,85,fr FRA,MF,Aston Villa,Premier League,24,1999,19.2,931,904,27,25,5,0,1,0,0,0,0,0,825,0,8,fr FRA,MF,Aston Villa,Premier League,24,1999,19.2,27,1.41,20,1,1,2,1,2,2,0.1,2,0,0,0,0,0,fr FRA,MF,Aston Villa,Premier League,24,1999,19.2,50,21,28,18,4,29,56,51.8,27,19,7,12,19,69,51,3,fr FRA,MF,Aston Villa,Premier League,24,1999,19.2,1113,95,344,637,141,12,1113,27,9,33.3,9,33.3,591,2976,1370,19,13,2,12,17,754,7,fr FRA,MF,Aston Villa,Premier League,24,1999,26,"1,726",66,50.5,19.2,20,81,12,6,16,1,1.69,28,22,6,0.31,0.26,25.3,22.9,2.5,0.13,-0.06,fr FRA,MF,Aston Villa,Premier League,24,1999,19.2,2,0,0,30,35,0,1,19,21,0,0,0,87,21,26,44.7,Boubacar,Kamara,Boubacar Kamara,38000000.0,38000000.0
Leroy Sane,de GER,FW,Bayern Munich,Bundesliga,28,1996,30,17,"1,637",18.2,11,5,16,11,0,0,2,0,10.2,10.2,5.5,15.8,75,64,266,0.6,0.27,0.88,0.6,0.88,0.56,0.3,0.87,0.56,0.87,de GER,FW,Bayern Munich,Bundesliga,28,1996,18.2,11,67,29,43.3,3.68,1.59,0.16,0.38,16.6,2,0,0,10.2,10.2,0.15,0.8,0.8,de GER,FW,Bayern Munich,Bundesliga,28,1996,18.2,750,909,82.5,10629,1878,438,490,89.4,253,298,84.9,29,45,64.4,5,5.5,6.1,-0.5,36,24,35,7,64,de GER,FW,Bayern Munich,Bundesliga,28,1996,18.2,909,865,42,3,5,2,51,8,15,6,0,0,750,2,28,de GER,FW,Bayern Munich,Bundesliga,28,1996,18.2,76,4.18,55,1,8,5,5,2,9,0.49,7,0,1,0,0,1,de GER,FW,Bayern Munich,Bundesliga,28,1996,18.2,23,15,4,8,11,12,23,52.2,11,8,0,8,7,30,3,0,de GER,FW,Bayern Munich,Bundesliga,28,1996,18.2,1184,8,68,399,736,121,1184,100,39,39.0,55,55.0,787,5003,2266,75,47,38,65,27,953,266,de GER,FW,Bayern Munich,Bundesliga,28,1996,30,"1,637",55,53.5,18.2,17,79,7,13,23,2,2.4,53,21,32,1.76,-0.45,44.7,13.0,31.7,1.74,0.19,de GER,FW,Bayern Munich,Bundesliga,28,1996,18.2,2,0,0,16,25,6,51,7,15,1,0,0,82,7,6,53.8,Leroy,Sane,Leroy Sane,38000000.0,100000000.0
Charles De Ketelaere,be BEL,MF,Atalanta,Serie A,23,2001,36,25,"2,070",23.0,7,7,14,7,0,0,1,0,7.3,7.3,6.0,13.2,108,140,211,0.3,0.3,0.61,0.3,0.61,0.32,0.26,0.57,0.32,0.57,be BEL,"MF,FW",Atalanta,Serie A,23,2001,23.0,7,48,20,41.7,2.09,0.87,0.15,0.35,12.2,0,0,0,7.3,7.3,0.15,-0.3,-0.3,be BEL,"MF,FW",Atalanta,Serie A,23,2001,23.0,754,995,75.8,11207,3089,436,514,84.8,249,326,76.4,46,77,59.7,7,6.0,4.8,1.0,39,81,53,9,140,be BEL,"MF,FW",Atalanta,Serie A,23,2001,23.0,995,932,56,11,14,5,56,26,2,1,0,0,754,7,26,be BEL,"MF,FW",Atalanta,Serie A,23,2001,23.0,88,3.83,73,0,5,7,3,0,14,0.61,11,0,1,2,0,0,be BEL,"MF,FW",Atalanta,Serie A,23,2001,23.0,13,9,2,9,2,4,15,26.7,11,14,3,11,3,16,9,1,be BEL,"MF,FW",Atalanta,Serie A,23,2001,23.0,1238,10,75,530,657,135,1238,95,43,45.3,45,47.4,832,5658,3023,108,75,41,52,50,1008,211,be BEL,"MF,FW",Atalanta,Serie A,23,2001,36,"2,070",58,60.5,23.0,25,70,5,11,28,0,1.89,49,22,27,1.17,0.24,38.0,23.7,14.3,0.62,-0.18,be BEL,"MF,FW",Atalanta,Serie A,23,2001,23.0,1,0,0,22,39,2,56,3,9,0,0,0,78,36,38,48.6,Charles,De Ketelaere,Charles De Ketelaere,38000000.0,38000000.0
Santiago Gimenez,mx MEX,FW,Milan,Serie A,23,2001,14,7,669,7.4,5,2,7,5,0,1,3,1,4.8,4.0,0.9,4.9,13,6,38,0.67,0.27,0.94,0.67,0.94,0.64,0.13,0.77,0.54,0.66,mx MEX,FW,Milan,Serie A,23,2001,7.4,5,22,9,40.9,2.96,1.21,0.23,0.56,13.5,0,0,1,4.8,4.0,0.18,0.2,1.0,mx MEX,FW,Milan,Serie A,23,2001,7.4,79,98,80.6,962,169,47,55,85.5,22,28,78.6,0,1,0.0,2,0.9,0.5,1.1,6,5,2,1,6,mx MEX,FW,Milan,Serie A,23,2001,7.4,98,82,16,0,1,0,2,2,1,0,0,0,79,0,2,mx MEX,FW,Milan,Serie A,23,2001,7.4,16,2.15,11,0,4,1,0,0,4,0.54,2,0,2,0,0,0,mx MEX,FW,Milan,Serie A,23,2001,7.4,5,3,0,4,1,3,4,75.0,1,3,1,2,1,6,13,0,mx MEX,FW,Milan,Serie A,23,2001,7.4,189,13,24,71,97,37,188,19,7,36.8,12,63.2,101,526,282,13,5,5,22,2,121,38,mx MEX,FW,Milan,Serie A,23,2001,14,669,48,19.6,7.4,7,69,1,7,27,0,1.57,15,9,6,0.81,0.41,15.7,9.3,6.4,0.87,0.34,mx MEX,FW,Milan,Serie A,23,2001,7.4,3,1,0,11,4,7,2,1,3,0,0,0,14,7,11,38.9,Santiago,Gimenez,Santiago Gimenez,37000000.0,50000000.0
Francisco Conceicao,pt POR,FW,Juventus,Serie A,21,2002,26,12,"1,340",14.9,3,3,6,3,0,0,5,1,2.3,2.3,4.3,6.6,95,35,143,0.2,0.2,0.4,0.2,0.4,0.16,0.29,0.45,0.16,0.45,pt POR,"FW,MF",Juventus,Serie A,21,2002,14.9,3,40,13,32.5,2.69,0.87,0.08,0.23,18.1,1,0,0,2.3,2.3,0.06,0.7,0.7,pt POR,"FW,MF",Juventus,Serie A,21,2002,14.9,427,545,78.3,7032,1122,220,262,84.0,167,190,87.9,30,56,53.6,3,4.3,4.4,-1.3,28,16,20,10,35,pt POR,"FW,MF",Juventus,Serie A,21,2002,14.9,545,513,32,4,0,4,62,10,18,8,3,0,427,0,21,pt POR,"FW,MF",Juventus,Serie A,21,2002,14.9,64,4.3,45,4,10,4,1,0,9,0.6,5,1,1,1,1,0,pt POR,"FW,MF",Juventus,Serie A,21,2002,14.9,23,14,6,9,8,13,30,43.3,17,7,0,7,6,29,6,0,pt POR,"FW,MF",Juventus,Serie A,21,2002,14.9,739,11,87,244,425,92,739,79,35,44.3,37,46.8,548,4309,2292,95,32,59,35,22,581,143,pt POR,"FW,MF",Juventus,Serie A,21,2002,26,"1,340",52,39.2,14.9,12,84,4,14,24,2,1.81,28,16,12,0.81,0.33,25.5,14.8,10.7,0.72,0.45,pt POR,"FW,MF",Juventus,Serie A,21,2002,14.9,5,1,1,24,36,4,62,6,14,1,0,0,55,2,9,18.2,Francisco,Conceicao,Francisco Conceicao,36000000.0,36000000.0
Giorgio Scalvini,it ITA,DF,Atalanta,Serie A,20,2003,6,4,272,3.0,0,0,0,0,0,0,2,0,0.1,0.1,0.0,0.1,5,20,7,0.0,0.0,0.0,0.0,0.0,0.05,0.0,0.05,0.05,0.05,it ITA,DF,Atalanta,Serie A,20,2003,3.0,0,4,0,0.0,1.32,0.0,0.0,0.0,18.6,0,0,0,0.1,0.1,0.04,-0.1,-0.1,it ITA,DF,Atalanta,Serie A,20,2003,3.0,165,195,84.6,2779,1088,78,87,89.7,67,75,89.3,13,20,65.0,0,0.0,0.1,0.0,0,14,2,0,20,it ITA,DF,Atalanta,Serie A,20,2003,3.0,195,191,4,3,1,2,0,1,0,0,0,0,165,0,3,it ITA,DF,Atalanta,Serie A,20,2003,3.0,1,0.33,1,0,0,0,0,0,0,0.0,0,0,0,0,0,0,it ITA,DF,Atalanta,Serie A,20,2003,3.0,8,4,5,3,0,5,9,55.6,4,0,0,0,4,12,7,0,it ITA,DF,Atalanta,Serie A,20,2003,3.0,228,11,87,116,29,4,228,7,5,71.4,2,28.6,158,685,380,5,1,0,2,0,171,7,it ITA,DF,Atalanta,Serie A,20,2003,6,272,45,8.0,3.0,4,66,0,2,5,2,1.83,3,5,-2,-0.66,-1.89,2.6,3.9,-1.3,-0.44,-1.23,it ITA,DF,Atalanta,Serie A,20,2003,3.0,2,0,0,7,1,0,0,4,4,0,0,0,13,8,6,57.1,Giorgio,Scalvini,Giorgio Scalvini,35000000.0,45000000.0
Carlos Baleba,cm CMR,MF,Brighton,Premier League,20,2004,34,31,"2,661",29.6,3,1,4,3,0,0,8,1,3.1,3.1,1.3,4.4,43,118,29,0.1,0.03,0.14,0.1,0.14,0.1,0.05,0.15,0.1,0.15,cm CMR,MF,Brighton,Premier League,20,2004,29.6,3,44,11,25.0,1.49,0.37,0.07,0.27,25.5,1,0,0,3.1,3.1,0.07,-0.1,-0.1,cm CMR,MF,Brighton,Premier League,20,2004,29.6,1149,1314,87.4,19305,4741,544,591,92.0,487,528,92.2,94,148,63.5,1,1.3,1.2,-0.3,21,109,23,3,118,cm CMR,MF,Brighton,Premier League,20,2004,29.6,1314,1289,23,10,7,3,9,3,0,0,0,0,1149,2,14,cm CMR,MF,Brighton,Premier League,20,2004,29.6,66,2.23,55,0,2,5,1,3,4,0.14,2,0,0,0,1,1,cm CMR,MF,Brighton,Premier League,20,2004,29.6,79,46,26,37,16,48,80,60.0,32,47,11,36,46,125,44,1,cm CMR,MF,Brighton,Premier League,20,2004,29.6,1697,94,410,994,339,12,1697,57,33,57.9,20,35.1,971,5692,2810,43,45,3,39,42,1035,29,cm CMR,MF,Brighton,Premier League,20,2004,34,"2,661",78,77.8,29.6,31,83,15,3,27,2,1.68,55,39,16,0.54,1.61,47.0,39.6,7.4,0.25,0.64,cm CMR,MF,Brighton,Premier League,20,2004,29.6,8,1,1,40,48,0,9,46,46,0,2,0,197,39,26,60.0,Carlos,Baleba,Carlos Baleba,35000000.0,35000000.0
Lionel Messi,ar ARG,FW,Inter Miami,MLS,36,1987,19,15,"1,489",16.5,20,11,31,19,1,1,2,0,11.8,11.0,4.0,15.1,70,166,120,1.21,0.66,1.87,1.15,1.81,0.71,0.24,0.96,0.67,0.91,ar ARG,"FW,MF",Inter Miami,MLS,36,1987,16.5,20,83,39,47.0,5.02,2.36,0.23,0.49,19.0,15,1,1,11.8,11.0,0.13,8.2,8.0,ar ARG,"FW,MF",Inter Miami,MLS,36,1987,16.5,674,874,77.1,11127,4115,364,410,88.8,222,274,81.0,68,122,55.7,11,4.0,5.5,7.0,30,97,66,1,166,ar ARG,"FW,MF",Inter Miami,MLS,36,1987,16.5,874,789,69,26,18,6,29,3,39,13,5,2,674,16,28,ar ARG,"FW,MF",Inter Miami,MLS,36,1987,16.5,104,6.29,63,8,17,6,9,1,26,1.57,20,1,4,1,0,0,ar ARG,"FW,MF",Inter Miami,MLS,36,1987,16.5,15,6,0,6,9,5,9,55.6,4,4,0,4,2,17,0,0,ar ARG,"FW,MF",Inter Miami,MLS,36,1987,16.5,1090,0,42,546,519,92,1089,100,54,54.0,43,43.0,755,4560,2444,70,61,27,29,35,900,120,ar ARG,"FW,MF",Inter Miami,MLS,36,1987,19,"1,489",78,48.7,16.5,15,90,15,4,35,0,2.05,47,22,25,1.51,1.22,29.3,27.0,2.3,0.14,0.23,ar ARG,"FW,MF",Inter Miami,MLS,36,1987,16.5,2,0,0,8,26,8,29,2,6,0,0,0,46,2,4,33.3,Lionel,Messi,Lionel Messi,35000000.0,180000000.0
Manu Kone,fr FRA,MF,Roma,Serie A,23,2001,34,31,"2,572",28.6,2,1,3,2,0,0,6,0,3.4,3.4,1.7,5.0,70,144,50,0.07,0.03,0.1,0.07,0.1,0.12,0.06,0.18,0.12,0.18,fr FRA,MF,Roma,Serie A,23,2001,28.6,2,34,8,23.5,1.19,0.28,0.06,0.25,19.9,0,0,0,3.4,3.4,0.1,-1.4,-1.4,fr FRA,MF,Roma,Serie A,23,2001,28.6,1160,1273,91.1,18915,4440,554,604,91.7,496,525,94.5,77,89,86.5,1,1.7,1.6,-0.7,19,113,15,1,144,fr FRA,MF,Roma,Serie A,23,2001,28.6,1273,1241,30,29,4,5,2,1,0,0,0,0,1160,2,14,fr FRA,MF,Roma,Serie A,23,2001,28.6,67,2.34,46,1,5,6,6,3,6,0.21,3,0,1,0,1,1,fr FRA,MF,Roma,Serie A,23,2001,28.6,41,26,17,17,7,19,40,47.5,21,27,4,23,24,65,28,0,fr FRA,MF,Roma,Serie A,23,2001,28.6,1555,34,244,969,374,40,1555,72,30,41.7,27,37.5,1006,6125,2923,70,66,13,54,45,1181,50,fr FRA,MF,Roma,Serie A,23,2001,34,"2,572",76,75.2,28.6,31,80,20,3,29,1,1.82,41,29,12,0.42,-0.54,38.5,29.4,9.1,0.32,0.0,fr FRA,MF,Roma,Serie A,23,2001,28.6,6,0,0,28,86,2,2,24,26,0,1,0,131,20,33,37.7,Manu,Kone,Manu Kone,35000000.0,40000000.0
Mohamed Simakan,fr FRA,DF,RB Leipzig,Bundesliga,24,2000,1,1,54,0.6,0,0,0,0,0,0,0,0,0.0,0.0,0.3,0.3,3,7,4,0.0,0.0,0.0,0.0,0.0,0.0,0.46,0.46,0.0,0.46,fr FRA,DF,RB Leipzig,Bundesliga,24,2000,0.6,0,0,0,0.0,0.0,0.0,0.0,0.0,0.0,0,0,0,0.0,0.0,0.0,0.0,0.0,fr FRA,DF,RB Leipzig,Bundesliga,24,2000,0.6,42,50,84.0,779,306,15,19,78.9,21,23,91.3,5,5,100.0,0,0.3,0.2,-0.3,3,5,2,1,7,fr FRA,DF,RB Leipzig,Bundesliga,24,2000,0.6,50,44,6,0,0,0,1,6,0,0,0,0,42,0,1,fr FRA,DF,RB Leipzig,Bundesliga,24,2000,0.6,3,5.0,3,0,0,0,0,0,0,0.0,0,0,0,0,0,0,fr FRA,DF,RB Leipzig,Bundesliga,24,2000,0.6,0,0,0,0,0,0,0,0.0,0,0,0,0,2,2,0,0,fr FRA,DF,RB Leipzig,Bundesliga,24,2000,0.6,52,0,9,35,9,2,52,1,0,0.0,0,0.0,27,130,70,3,1,0,0,0,39,4,fr FRA,DF,RB Leipzig,Bundesliga,24,2000,1,54,54,1.8,0.6,1,54,0,0,0,0,3.0,0,0,0,0.0,-0.15,0.9,0.8,0.1,0.13,0.33,fr FRA,DF,RB Leipzig,Bundesliga,24,2000,0.6,0,0,0,0,1,0,1,2,0,0,0,0,3,3,1,75.0,Mohamed,Simakan,Mohamed Simakan,35000000.0,35000000.0
Jonathan Burkardt,de GER,FW,Mainz 05,Bundesliga,24,2000,29,28,"2,109",23.4,18,2,20,16,2,2,0,0,14.8,13.2,3.1,16.3,32,42,157,0.77,0.09,0.85,0.68,0.77,0.63,0.13,0.76,0.56,0.7,de GER,FW,Mainz 05,Bundesliga,24,2000,23.4,18,70,28,40.0,2.99,1.19,0.23,0.57,13.6,0,2,2,14.8,13.2,0.19,3.2,2.8,de GER,FW,Mainz 05,Bundesliga,24,2000,23.4,379,523,72.5,6262,854,197,258,76.4,127,156,81.4,37,52,71.2,2,3.1,2.7,-1.1,20,25,16,4,42,de GER,FW,Mainz 05,Bundesliga,24,2000,23.4,523,475,47,0,2,8,27,6,0,0,0,0,379,1,24,de GER,FW,Mainz 05,Bundesliga,24,2000,23.4,54,2.31,41,0,3,6,4,0,8,0.34,6,0,0,1,1,0,de GER,FW,Mainz 05,Bundesliga,24,2000,23.4,15,8,1,7,7,6,10,60.0,4,11,1,10,1,16,14,0,de GER,FW,Mainz 05,Bundesliga,24,2000,23.4,788,19,49,364,378,121,786,39,16,41.0,23,59.0,447,1868,747,32,26,13,76,33,562,157,de GER,FW,Mainz 05,Bundesliga,24,2000,29,"2,109",73,68.9,23.4,28,74,9,1,24,0,1.59,42,32,10,0.43,0.24,36.5,31.9,4.5,0.19,0.43,de GER,FW,Mainz 05,Bundesliga,24,2000,23.4,0,0,0,23,24,11,27,1,8,1,0,0,73,20,85,19.0,Jonathan,Burkardt,Jonathan Burkardt,35000000.0,35000000.0
Antoine Semenyo,gh GHA,FW,Bournemouth,Premier League,24,2000,37,36,"3,203",35.6,11,5,16,11,0,0,9,0,10.0,10.0,5.8,15.8,140,109,282,0.31,0.14,0.45,0.31,0.45,0.28,0.16,0.44,0.28,0.44,gh GHA,FW,Bournemouth,Premier League,24,2000,35.6,11,125,40,32.0,3.51,1.12,0.09,0.28,17.0,0,0,0,10.0,10.0,0.08,1.0,1.0,gh GHA,FW,Bournemouth,Premier League,24,2000,35.6,821,1119,73.4,11674,2915,501,586,85.5,252,334,75.4,37,97,38.1,5,5.8,4.3,-0.8,46,49,45,8,109,gh GHA,FW,Bournemouth,Premier League,24,2000,35.6,1119,1049,60,4,9,6,59,53,3,0,1,0,821,10,40,gh GHA,FW,Bournemouth,Premier League,24,2000,35.6,132,3.71,85,4,21,15,5,2,13,0.37,7,1,2,1,2,0,gh GHA,FW,Bournemouth,Premier League,24,2000,35.6,55,35,17,25,13,16,43,37.2,27,67,9,58,11,66,39,2,gh GHA,FW,Bournemouth,Premier League,24,2000,35.6,1653,46,206,573,909,191,1653,135,69,51.1,57,42.2,979,7353,3581,140,69,67,84,77,1140,282,gh GHA,FW,Bournemouth,Premier League,24,2000,37,"3,203",87,93.7,35.6,36,88,28,1,26,0,1.43,53,41,12,0.34,0.34,57.8,43.8,14.0,0.39,-0.25,gh GHA,FW,Bournemouth,Premier League,24,2000,35.6,9,0,0,73,37,15,59,11,35,1,0,0,158,66,76,46.5,Antoine,Semenyo,Antoine Semenyo,35000000.0,35000000.0
Mason Greenwood,eng ENG,FW,Marseille,Ligue 1,22,2001,34,32,"2,804",31.2,21,5,26,14,7,9,3,0,16.3,9.1,5.7,14.8,126,157,295,0.67,0.16,0.83,0.45,0.61,0.52,0.18,0.71,0.29,0.48,eng ENG,"FW,MF",Marseille,Ligue 1,22,2001,31.2,21,111,45,40.5,3.56,1.44,0.13,0.31,19.8,3,7,9,16.3,9.1,0.08,4.7,4.9,eng ENG,"FW,MF",Marseille,Ligue 1,22,2001,31.2,1089,1389,78.4,18128,4250,555,646,85.9,395,475,83.2,104,186,55.9,5,5.7,7.8,-0.7,47,78,70,14,157,eng ENG,"FW,MF",Marseille,Ligue 1,22,2001,31.2,1389,1313,71,13,13,25,110,8,43,29,4,0,1089,5,26,eng ENG,"FW,MF",Marseille,Ligue 1,22,2001,31.2,123,3.95,78,13,12,12,7,1,19,0.61,15,0,1,2,1,0,eng ENG,"FW,MF",Marseille,Ligue 1,22,2001,31.2,35,18,10,14,11,16,39,41.0,23,7,0,7,12,47,5,2,eng ENG,"FW,MF",Marseille,Ligue 1,22,2001,31.2,1746,4,107,726,929,151,1737,129,54,41.9,66,51.2,1214,7040,3609,126,71,67,63,44,1451,295,eng ENG,"FW,MF",Marseille,Ligue 1,22,2001,34,"2,804",82,91.6,31.2,32,85,15,2,37,0,1.91,68,41,27,0.87,0.87,57.1,37.9,19.2,0.62,0.86,eng ENG,"FW,MF",Marseille,Ligue 1,22,2001,31.2,3,0,0,24,37,2,110,12,18,2,0,0,88,8,7,53.3,Mason,Greenwood,Mason Greenwood,35000000.0,50000000.0
Abdukodir Khusanov,uz UZB,DF,Lens,Ligue 1,20,2004,13,11,975,10.8,0,0,0,0,0,0,2,1,0.2,0.2,0.3,0.6,2,43,6,0.0,0.0,0.0,0.0,0.0,0.02,0.03,0.05,0.02,0.05,uz UZB,DF,Lens,Ligue 1,20,2004,10.8,0,6,4,66.7,0.55,0.37,0.0,0.0,24.6,2,0,0,0.2,0.2,0.04,-0.2,-0.2,uz UZB,DF,Lens,Ligue 1,20,2004,10.8,483,548,88.1,8942,3769,174,188,92.6,255,276,92.4,43,64,67.2,0,0.3,0.2,-0.3,2,39,4,1,43,uz UZB,DF,Lens,Ligue 1,20,2004,10.8,548,521,26,13,0,3,5,8,0,0,0,0,483,1,3,uz UZB,DF,Lens,Ligue 1,20,2004,10.8,11,1.02,9,0,0,2,0,0,0,0.0,0,0,0,0,0,0,uz UZB,DF,Lens,Ligue 1,20,2004,10.8,15,11,9,5,1,7,11,63.6,4,17,11,6,26,41,57,0,uz UZB,DF,Lens,Ligue 1,20,2004,10.8,683,90,335,322,34,4,683,1,1,100.0,0,0.0,339,1452,642,2,4,0,5,1,392,6,uz UZB,DF,Lens,Ligue 1,20,2004,13,975,75,31.9,10.8,11,87,10,2,9,0,1.62,12,9,3,0.28,0.28,14.3,13.1,1.3,0.12,-0.11,uz UZB,DF,Lens,Ligue 1,20,2004,10.8,2,1,0,13,3,0,5,26,11,0,1,0,50,27,12,69.2,Abdukodir,Khusanov,Abdukodir Khusanov,35000000.0,35000000.0
Mikel Merino,es ESP,MF,Arsenal,Premier League,28,1996,28,17,"1,586",17.6,7,2,9,7,0,0,4,1,5.9,5.9,2.0,7.9,11,69,94,0.4,0.11,0.51,0.4,0.51,0.34,0.11,0.45,0.34,0.45,es ESP,"MF,FW",Arsenal,Premier League,28,1996,17.6,7,38,13,34.2,2.16,0.74,0.18,0.54,10.7,0,0,0,5.9,5.9,0.16,1.1,1.1,es ESP,"MF,FW",Arsenal,Premier League,28,1996,17.6,451,577,78.2,6182,1776,285,328,86.9,128,165,77.6,17,31,54.8,2,2.0,1.2,0.0,17,40,24,4,69,es ESP,"MF,FW",Arsenal,Premier League,28,1996,17.6,577,567,5,4,5,1,13,1,0,0,0,0,451,5,12,es ESP,"MF,FW",Arsenal,Premier League,28,1996,17.6,43,2.44,35,0,0,6,2,0,4,0.23,3,0,0,1,0,0,es ESP,"MF,FW",Arsenal,Premier League,28,1996,17.6,46,28,7,26,13,20,36,55.6,16,18,5,13,15,61,26,2,es ESP,"MF,FW",Arsenal,Premier League,28,1996,17.6,783,37,140,330,323,79,783,23,9,39.1,10,43.5,388,1518,747,11,13,4,24,27,504,94,es ESP,"MF,FW",Arsenal,Premier League,28,1996,28,"1,586",57,46.4,17.6,17,83,11,11,16,0,1.79,28,17,11,0.62,-0.55,28.9,15.5,13.4,0.76,0.17,es ESP,"MF,FW",Arsenal,Premier League,28,1996,17.6,4,1,1,41,23,7,13,15,28,0,0,0,86,59,55,51.8,Mikel,Merino,Mikel Merino,35000000.0,50000000.0
Kingsley Coman,fr FRA,FW,Bayern Munich,Bundesliga,28,1996,28,14,"1,282",14.2,5,4,9,5,0,0,0,0,4.3,4.3,3.3,7.6,66,45,215,0.35,0.28,0.63,0.35,0.63,0.3,0.23,0.53,0.3,0.53,fr FRA,FW,Bayern Munich,Bundesliga,28,1996,14.2,5,44,17,38.6,3.09,1.19,0.11,0.29,16.7,0,0,0,4.3,4.3,0.1,0.7,0.7,fr FRA,FW,Bayern Munich,Bundesliga,28,1996,14.2,624,740,84.3,9720,1512,337,373,90.3,250,287,87.1,27,48,56.3,4,3.3,4.2,0.7,32,26,28,5,45,fr FRA,FW,Bayern Munich,Bundesliga,28,1996,14.2,740,718,20,0,0,2,45,9,0,0,0,0,624,2,13,fr FRA,FW,Bayern Munich,Bundesliga,28,1996,14.2,81,5.68,60,0,14,5,2,0,11,0.77,6,0,3,1,1,0,fr FRA,FW,Bayern Munich,Bundesliga,28,1996,14.2,17,12,6,6,5,8,12,66.7,4,12,0,12,8,25,15,0,fr FRA,FW,Bayern Munich,Bundesliga,28,1996,14.2,934,13,84,323,537,85,934,74,39,52.7,31,41.9,606,3834,1867,66,33,28,28,18,733,215,fr FRA,FW,Bayern Munich,Bundesliga,28,1996,28,"1,282",46,41.9,14.2,14,69,2,14,23,0,2.57,50,5,45,3.16,2.05,33.9,8.7,25.2,1.77,0.2,fr FRA,FW,Bayern Munich,Bundesliga,28,1996,14.2,0,0,0,9,12,8,45,8,12,0,0,0,59,11,16,40.7,Kingsley,Coman,Kingsley Coman,35000000.0,65000000.0
Gianluigi Donnarumma,it ITA,GK,Paris S-G,Ligue 1,25,1999,24,24,"2,091",23.2,0,0,0,0,0,0,2,0,0.0,0.0,0.0,0.0,0,0,0,0.0,0.0,0.0,0.0,0.0,0.0,0.0,0.0,0.0,0.0,it ITA,GK,Paris S-G,Ligue 1,25,1999,23.2,0,0,0,0.0,0.0,0.0,0.0,0.0,0.0,0,0,0,0.0,0.0,0.0,0.0,0.0,it ITA,GK,Paris S-G,Ligue 1,25,1999,23.2,552,632,87.3,12174,7092,118,118,100.0,332,336,98.8,101,177,57.1,0,0.0,0.0,0.0,0,3,0,0,0,it ITA,GK,Paris S-G,Ligue 1,25,1999,23.2,632,508,124,35,0,0,0,0,0,0,0,0,552,0,0,it ITA,GK,Paris S-G,Ligue 1,25,1999,23.2,2,0.09,1,1,0,0,0,0,0,0.0,0,0,0,0,0,0,it ITA,GK,Paris S-G,Ligue 1,25,1999,23.2,1,1,1,0,0,1,2,50.0,1,0,0,0,0,1,14,0,it ITA,GK,Paris S-G,Ligue 1,25,1999,23.2,677,559,665,12,0,0,677,0,0,0.0,0,0.0,349,1664,1055,0,0,0,0,0,366,0,it ITA,GK,Paris S-G,Ligue 1,25,1999,24,"2,091",87,68.3,23.2,24,87,23,0,0,5,2.46,62,25,37,1.59,-0.27,62.9,19.8,43.1,1.86,0.5,it ITA,GK,Paris S-G,Ligue 1,25,1999,23.2,2,0,0,0,3,0,0,0,1,0,0,0,40,4,0,100.0,Gianluigi,Donnarumma,Gianluigi Donnarumma,35000000.0,65000000.0
Archie Gray,eng ENG,DF,Tottenham,Premier League,18,2006,28,19,"1,751",19.5,0,0,0,0,0,0,1,0,0.0,0.0,0.1,0.2,7,40,17,0.0,0.0,0.0,0.0,0.0,0.0,0.01,0.01,0.0,0.01,eng ENG,"DF,MF",Tottenham,Premier League,18,2006,19.5,0,1,1,100.0,0.05,0.05,0.0,0.0,24.6,0,0,0,0.0,0.0,0.02,0.0,0.0,eng ENG,"DF,MF",Tottenham,Premier League,18,2006,19.5,1001,1145,87.4,17440,5370,389,423,92.0,537,584,92.0,59,103,57.3,0,0.1,0.2,-0.1,3,43,0,0,40,eng ENG,"DF,MF",Tottenham,Premier League,18,2006,19.5,1145,1053,88,30,1,3,17,45,4,0,4,0,1001,4,18,eng ENG,"DF,MF",Tottenham,Premier League,18,2006,19.5,6,0.31,5,1,0,0,0,0,0,0.0,0,0,0,0,0,0,eng ENG,"DF,MF",Tottenham,Premier League,18,2006,19.5,16,8,4,8,4,7,17,41.2,10,22,11,11,19,35,50,2,eng ENG,"DF,MF",Tottenham,Premier League,18,2006,19.5,1286,150,609,582,106,3,1286,13,7,53.8,5,38.5,878,4023,1678,7,5,0,12,11,941,17,eng ENG,"DF,MF",Tottenham,Premier League,18,2006,28,"1,751",63,51.2,19.5,19,88,17,9,10,10,1.11,30,41,-11,-0.57,-1.1,25.2,38.2,-12.9,-0.66,-1.12,eng ENG,"DF,MF",Tottenham,Premier League,18,2006,19.5,1,0,0,17,11,0,17,19,8,0,0,1,69,11,11,50.0,Archie,Gray,Archie Gray,35000000.0,35000000.0
Jack Grealish,eng ENG,FW,Manchester City,Premier League,28,1995,20,7,721,8.0,1,1,2,1,0,0,3,0,1.1,1.1,1.8,3.0,69,52,118,0.12,0.12,0.25,0.12,0.25,0.14,0.23,0.37,0.14,0.37,eng ENG,"FW,MF",Manchester City,Premier League,28,1995,8.0,1,15,5,33.3,1.87,0.62,0.07,0.2,16.3,0,0,0,1.1,1.1,0.08,-0.1,-0.1,eng ENG,"FW,MF",Manchester City,Premier League,28,1995,8.0,382,436,87.6,5685,986,247,265,93.2,115,131,87.8,18,26,69.2,1,1.8,1.7,-0.8,24,23,16,0,52,eng ENG,"FW,MF",Manchester City,Premier League,28,1995,8.0,436,418,18,5,0,0,20,4,9,4,0,0,382,0,11,eng ENG,"FW,MF",Manchester City,Premier League,28,1995,8.0,47,5.86,41,1,3,0,1,1,2,0.25,1,0,0,0,0,1,eng ENG,"FW,MF",Manchester City,Premier League,28,1995,8.0,9,5,4,2,3,2,5,40.0,3,12,2,10,2,11,6,1,eng ENG,"FW,MF",Manchester City,Premier League,28,1995,8.0,521,15,42,162,324,71,521,29,13,44.8,9,31.0,376,2881,1714,69,23,46,10,16,423,118,eng ENG,"FW,MF",Manchester City,Premier League,28,1995,20,721,36,21.1,8.0,7,81,2,13,12,12,2.0,17,10,7,0.87,0.17,14.8,11.2,3.6,0.45,-0.11,eng ENG,"FW,MF",Manchester City,Premier League,28,1995,8.0,3,0,0,5,25,0,20,2,5,0,0,0,26,1,7,12.5,Jack,Grealish,Jack Grealish,35000000.0,100000000.0
Hakan Calhanoglu,tr TUR,MF,Inter,Serie A,30,1994,28,25,"1,879",20.9,5,6,11,2,3,4,5,0,4.4,1.3,5.6,6.9,52,173,51,0.24,0.29,0.53,0.1,0.38,0.2,0.26,0.46,0.06,0.32,tr TUR,MF,Inter,Serie A,30,1994,20.9,5,41,12,29.3,1.96,0.57,0.05,0.17,27.2,6,3,4,4.4,1.3,0.03,0.6,0.7,tr TUR,MF,Inter,Serie A,30,1994,20.9,1464,1690,86.6,27437,8326,592,641,92.4,662,727,91.1,182,269,67.7,6,5.6,5.6,0.4,49,144,28,11,173,tr TUR,MF,Inter,Serie A,30,1994,20.9,1690,1532,155,62,7,17,112,4,88,30,47,1,1464,3,12,tr TUR,MF,Inter,Serie A,30,1994,20.9,99,4.58,58,33,1,5,0,2,14,0.65,7,6,0,1,0,0,tr TUR,MF,Inter,Serie A,30,1994,20.9,43,22,7,23,13,21,36,58.3,15,17,8,9,17,60,24,0,tr TUR,MF,Inter,Serie A,30,1994,20.9,1881,45,380,1010,500,23,1877,7,3,42.9,4,57.1,1150,5984,3106,52,53,6,21,9,1353,51,tr TUR,MF,Inter,Serie A,30,1994,28,"1,879",67,55.0,20.9,25,72,6,3,25,1,2.07,46,18,28,1.34,0.41,38.0,20.7,17.3,0.8,-0.01,tr TUR,MF,Inter,Serie A,30,1994,20.9,5,0,0,20,13,0,112,17,22,0,1,0,110,16,18,47.1,Hakan,Calhanoglu,Hakan Calhanoglu,35000000.0,45000000.0
Santiago Castro,ar ARG,FW,Bologna,Serie A,19,2004,36,27,"2,294",25.5,8,4,12,8,0,1,7,0,7.7,6.9,2.9,9.8,17,39,136,0.31,0.16,0.47,0.31,0.47,0.3,0.11,0.41,0.27,0.38,ar ARG,FW,Bologna,Serie A,19,2004,25.5,8,62,20,32.3,2.43,0.78,0.13,0.4,15.8,0,0,1,7.7,6.9,0.11,0.3,1.1,ar ARG,FW,Bologna,Serie A,19,2004,25.5,354,461,76.8,6386,993,145,179,81.0,149,176,84.7,40,54,74.1,4,2.9,1.5,1.1,28,23,8,0,39,ar ARG,FW,Bologna,Serie A,19,2004,25.5,461,401,57,1,5,9,8,9,0,0,0,0,354,3,10,ar ARG,FW,Bologna,Serie A,19,2004,25.5,69,2.71,45,1,6,7,8,2,11,0.43,8,0,2,1,0,0,ar ARG,FW,Bologna,Serie A,19,2004,25.5,18,10,4,9,5,6,17,35.3,11,13,2,11,3,21,20,0,ar ARG,FW,Bologna,Serie A,19,2004,25.5,722,23,55,312,363,101,721,43,18,41.9,22,51.2,428,1867,599,17,23,8,70,64,519,136,ar ARG,FW,Bologna,Serie A,19,2004,36,"2,294",64,67.1,25.5,27,78,9,9,21,1,1.64,37,32,5,0.2,-0.2,33.8,26.2,7.6,0.3,-0.11,ar ARG,FW,Bologna,Serie A,19,2004,25.5,7,0,0,49,52,9,8,3,10,0,0,1,69,37,68,35.2,Santiago,Castro,Santiago Castro,35000000.0,35000000.0
Enzo Millot,fr FRA,MF,Stuttgart,Bundesliga,22,2002,29,22,"1,843",20.5,6,5,11,6,0,1,9,0,7.6,6.7,3.1,9.8,44,118,123,0.29,0.24,0.54,0.29,0.54,0.37,0.15,0.52,0.33,0.48,fr FRA,"MF,FW",Stuttgart,Bundesliga,22,2002,20.5,6,43,17,39.5,2.1,0.83,0.14,0.35,16.6,0,0,1,7.6,6.7,0.16,-1.6,-0.7,fr FRA,"MF,FW",Stuttgart,Bundesliga,22,2002,20.5,967,1140,84.8,13665,3306,611,668,91.5,290,336,86.3,43,81,53.1,5,3.1,3.5,1.9,23,89,30,3,118,fr FRA,"MF,FW",Stuttgart,Bundesliga,22,2002,20.5,1140,1092,47,9,5,6,41,10,20,3,10,1,967,1,26,fr FRA,"MF,FW",Stuttgart,Bundesliga,22,2002,20.5,66,3.22,49,2,5,7,3,0,10,0.49,8,0,1,1,0,0,fr FRA,"MF,FW",Stuttgart,Bundesliga,22,2002,20.5,30,13,10,15,5,12,35,34.3,23,27,0,27,13,43,6,1,fr FRA,"MF,FW",Stuttgart,Bundesliga,22,2002,20.5,1397,9,180,760,470,75,1396,67,31,46.3,35,52.2,848,4659,1826,44,34,12,46,36,1067,123,fr FRA,"MF,FW",Stuttgart,Bundesliga,22,2002,29,"1,843",64,60.2,20.5,22,76,7,7,24,2,1.52,42,32,10,0.49,0.41,35.6,27.8,7.8,0.38,-0.19,fr FRA,"MF,FW",Stuttgart,Bundesliga,22,2002,20.5,9,0,0,25,37,3,41,13,13,0,1,0,99,8,19,29.6,Enzo,Millot,Enzo Millot,35000000.0,42000000.0
Joshua Zirkzee,nl NED,FW,Manchester Utd,Premier League,23,2001,32,14,"1,402",15.6,3,1,4,3,0,0,2,0,4.8,4.8,1.5,6.3,14,44,69,0.19,0.06,0.26,0.19,0.26,0.31,0.1,0.41,0.31,0.41,nl NED,"FW,MF",Manchester Utd,Premier League,23,2001,15.6,3,28,11,39.3,1.8,0.71,0.11,0.27,13.1,0,0,0,4.8,4.8,0.17,-1.8,-1.8,nl NED,"FW,MF",Manchester Utd,Premier League,23,2001,15.6,292,410,71.2,3600,901,196,251,78.1,61,82,74.4,9,18,50.0,1,1.5,1.1,-0.5,12,26,6,0,44,nl NED,"FW,MF",Manchester Utd,Premier League,23,2001,15.6,410,400,9,1,6,2,4,0,0,0,0,0,292,1,15,nl NED,"FW,MF",Manchester Utd,Premier League,23,2001,15.6,31,1.99,28,0,0,2,1,0,3,0.19,1,0,0,1,1,0,nl NED,"FW,MF",Manchester Utd,Premier League,23,2001,15.6,14,8,3,8,3,5,10,50.0,5,15,4,11,6,20,8,1,nl NED,"FW,MF",Manchester Utd,Premier League,23,2001,15.6,587,16,71,303,219,56,587,35,11,31.4,24,68.6,327,1483,523,14,21,4,41,30,418,69,nl NED,"FW,MF",Manchester Utd,Premier League,23,2001,32,"1,402",44,41.0,15.6,14,72,4,18,22,0,1.19,26,24,2,0.13,0.66,22.8,24.4,-1.6,-0.1,-0.12,nl NED,"FW,MF",Manchester Utd,Premier League,23,2001,15.6,2,0,0,9,13,3,4,6,8,1,0,0,57,21,54,28.0,Joshua,Zirkzee,Joshua Zirkzee,35000000.0,50000000.0
Rayan Cherki,fr FRA,FW,Lyon,Ligue 1,20,2003,30,22,"2,041",22.7,8,11,19,8,0,0,3,0,5.0,5.0,11.1,16.1,106,206,184,0.35,0.49,0.84,0.35,0.84,0.22,0.49,0.71,0.22,0.71,fr FRA,"FW,MF",Lyon,Ligue 1,20,2003,22.7,8,45,19,42.2,1.98,0.84,0.18,0.42,16.8,3,0,0,5.0,5.0,0.11,3.0,3.0,fr FRA,"FW,MF",Lyon,Ligue 1,20,2003,22.7,1079,1375,78.5,17006,5140,597,667,89.5,373,453,82.3,80,165,48.5,11,11.1,11.7,-0.1,75,97,77,3,206,fr FRA,"FW,MF",Lyon,Ligue 1,20,2003,22.7,1375,1200,163,31,22,15,118,29,98,26,55,0,1079,12,32,fr FRA,"FW,MF",Lyon,Ligue 1,20,2003,22.7,146,6.44,101,21,11,9,4,0,20,0.88,15,2,1,2,0,0,fr FRA,"FW,MF",Lyon,Ligue 1,20,2003,22.7,15,12,3,8,4,6,28,21.4,22,6,0,6,7,22,6,0,fr FRA,"FW,MF",Lyon,Ligue 1,20,2003,22.7,1573,6,120,653,826,132,1573,97,48,49.5,43,44.3,1021,6454,3610,106,91,41,48,43,1234,184,fr FRA,"FW,MF",Lyon,Ligue 1,20,2003,30,"2,041",68,66.7,22.7,22,81,8,8,32,0,1.77,48,28,20,0.88,0.97,41.2,28.5,12.7,0.56,0.4,fr FRA,"FW,MF",Lyon,Ligue 1,20,2003,22.7,3,0,0,16,34,3,118,7,12,0,0,0,83,4,8,33.3,Rayan,Cherki,Rayan Cherki,35000000.0,35000000.0
Rayan Ait-Nouri,dz ALG,DF,Wolves,Premier League,23,2001,37,37,"3,109",34.5,4,7,11,4,0,0,7,1,2.7,2.7,5.5,8.2,89,108,176,0.12,0.2,0.32,0.12,0.32,0.08,0.16,0.24,0.08,0.24,dz ALG,DF,Wolves,Premier League,23,2001,34.5,4,36,10,27.8,1.04,0.29,0.11,0.4,14.9,0,0,0,2.7,2.7,0.08,1.3,1.3,dz ALG,DF,Wolves,Premier League,23,2001,34.5,1449,1721,84.2,19837,5926,897,959,93.5,435,499,87.2,48,118,40.7,7,5.5,4.0,1.5,46,77,30,10,108,dz ALG,DF,Wolves,Premier League,23,2001,34.5,1721,1397,320,44,3,4,94,246,30,24,1,0,1449,4,42,dz ALG,DF,Wolves,Premier League,23,2001,34.5,91,2.63,56,15,8,7,4,1,12,0.35,10,1,0,0,0,1,dz ALG,DF,Wolves,Premier League,23,2001,34.5,89,57,52,28,9,43,70,61.4,27,42,6,36,26,115,75,2,dz ALG,DF,Wolves,Premier League,23,2001,34.5,2148,96,577,916,685,96,2148,137,63,46.0,56,40.9,1129,6166,3205,89,62,28,52,47,1321,176,dz ALG,DF,Wolves,Premier League,23,2001,37,"3,109",84,90.9,34.5,37,84,18,0,0,0,1.05,46,67,-21,-0.61,-2.34,38.7,52.6,-13.9,-0.4,-0.25,dz ALG,DF,Wolves,Premier League,23,2001,34.5,7,1,1,30,46,6,94,26,57,0,0,0,145,22,30,42.3,Rayan,Ait-Nouri,Rayan Ait-Nouri,35000000.0,35000000.0
Justin Kluivert,nl NED,MF,Bournemouth,Premier League,25,1999,34,29,"2,340",26.0,12,6,18,6,6,6,8,0,10.3,5.6,4.8,10.5,81,105,173,0.46,0.23,0.69,0.23,0.46,0.4,0.19,0.58,0.22,0.4,nl NED,MF,Bournemouth,Premier League,25,1999,26.0,12,57,23,40.4,2.19,0.88,0.11,0.26,20.0,0,6,6,10.3,5.6,0.1,1.7,0.4,nl NED,MF,Bournemouth,Premier League,25,1999,26.0,582,782,74.4,8844,2330,322,382,84.3,189,248,76.2,45,87,51.7,6,4.8,3.7,1.2,45,45,35,6,105,nl NED,MF,Bournemouth,Premier League,25,1999,26.0,782,683,92,8,5,6,85,10,35,30,0,0,582,7,18,nl NED,MF,Bournemouth,Premier League,25,1999,26.0,101,3.88,73,8,7,7,5,1,12,0.46,11,0,0,0,1,0,nl NED,MF,Bournemouth,Premier League,25,1999,26.0,23,11,4,11,8,4,22,18.2,18,24,0,24,14,37,24,1,nl NED,MF,Bournemouth,Premier League,25,1999,26.0,1086,24,99,366,641,134,1080,87,36,41.4,40,46.0,646,4198,2364,81,55,38,55,27,710,173,nl NED,MF,Bournemouth,Premier League,25,1999,34,"2,340",69,68.4,26.0,29,74,5,5,40,0,1.5,38,29,9,0.35,0.1,43.0,32.5,10.5,0.41,-0.01,nl NED,MF,Bournemouth,Premier League,25,1999,26.0,8,0,0,47,33,5,85,14,11,1,0,0,78,8,28,22.2,Justin,Kluivert,Justin Kluivert,35000000.0,35000000.0
Milos Kerkez,hu HUN,DF,Bournemouth,Premier League,20,2003,38,38,"3,336",37.1,2,5,7,2,0,0,4,0,0.6,0.5,3.9,4.4,106,159,197,0.05,0.13,0.19,0.05,0.19,0.02,0.1,0.12,0.01,0.12,hu HUN,DF,Bournemouth,Premier League,20,2003,37.1,2,19,5,26.3,0.51,0.13,0.11,0.4,20.2,0,0,0,0.6,0.5,0.03,1.4,1.5,hu HUN,DF,Bournemouth,Premier League,20,2003,37.1,1346,1776,75.8,20911,6878,747,832,89.8,481,617,78.0,84,218,38.5,5,3.9,2.6,1.1,35,87,41,27,159,hu HUN,DF,Bournemouth,Premier League,20,2003,37.1,1776,1466,305,18,2,3,142,279,7,5,1,0,1346,5,55,hu HUN,DF,Bournemouth,Premier League,20,2003,37.1,83,2.24,67,4,2,2,5,3,9,0.24,7,0,1,0,0,1,hu HUN,DF,Bournemouth,Premier League,20,2003,37.1,52,26,25,20,7,24,38,63.2,14,38,11,27,45,97,106,4,hu HUN,DF,Bournemouth,Premier League,20,2003,37.1,2158,112,552,900,731,69,2158,48,22,45.8,16,33.3,1094,6388,3711,106,73,16,49,22,1196,197,hu HUN,DF,Bournemouth,Premier League,20,2003,38,"3,336",88,97.5,37.1,38,88,32,0,0,0,1.47,52,45,7,0.19,-5.17,59.3,48.0,11.3,0.3,-4.23,hu HUN,DF,Bournemouth,Premier League,20,2003,37.1,4,0,0,30,50,3,142,45,26,0,0,0,169,28,49,36.4,Milos,Kerkez,Milos Kerkez,35000000.0,35000000.0
Lucas Paqueta,br BRA,MF,West Ham,Premier League,26,1997,33,27,"2,380",26.4,4,0,4,2,2,2,10,0,5.3,3.7,3.1,6.8,26,155,85,0.15,0.0,0.15,0.08,0.08,0.2,0.12,0.32,0.14,0.26,br BRA,"MF,FW",West Ham,Premier League,26,1997,26.4,4,39,3,7.7,1.47,0.11,0.05,0.67,19.5,4,2,2,5.3,3.7,0.1,-1.3,-1.7,br BRA,"MF,FW",West Ham,Premier League,26,1997,26.4,1126,1456,77.3,18683,6014,590,700,84.3,389,494,78.7,119,184,64.7,0,3.1,3.3,-3.1,36,132,44,4,155,br BRA,"MF,FW",West Ham,Premier League,26,1997,26.4,1456,1367,81,35,18,12,29,12,4,1,3,0,1126,8,26,br BRA,"MF,FW",West Ham,Premier League,26,1997,26.4,82,3.1,68,2,2,4,5,1,6,0.23,3,0,0,2,1,0,br BRA,"MF,FW",West Ham,Premier League,26,1997,26.4,66,37,25,30,11,27,55,49.1,28,29,4,25,18,84,37,6,br BRA,"MF,FW",West Ham,Premier League,26,1997,26.4,1796,62,367,989,454,59,1794,47,21,44.7,21,44.7,921,3358,1416,26,34,2,54,51,1268,85,br BRA,"MF,FW",West Ham,Premier League,26,1997,33,"2,380",72,69.6,26.4,27,82,16,6,29,1,0.94,34,50,-16,-0.61,-0.61,28.7,42.9,-14.2,-0.54,-0.67,br BRA,"MF,FW",West Ham,Premier League,26,1997,26.4,10,0,0,53,62,6,29,18,37,0,1,0,149,48,57,45.7,,Lucas Paqueta,Lucas Paqueta,35000000.0,65000000.0
Harvey Elliott,eng ENG,MF,Liverpool,Premier League,21,2003,18,2,371,4.1,1,2,3,1,0,0,1,0,1.8,1.8,1.1,2.8,10,44,30,0.24,0.49,0.73,0.24,0.73,0.43,0.26,0.69,0.43,0.69,eng ENG,MF,Liverpool,Premier League,21,2003,4.1,1,17,4,23.5,4.12,0.97,0.06,0.25,16.9,1,0,0,1.8,1.8,0.1,-0.8,-0.8,eng ENG,MF,Liverpool,Premier League,21,2003,4.1,240,292,82.2,4164,1016,120,130,92.3,91,108,84.3,22,33,66.7,2,1.1,0.7,0.9,10,26,6,0,44,eng ENG,MF,Liverpool,Premier League,21,2003,4.1,292,267,22,2,1,3,12,8,6,3,1,0,240,3,4,eng ENG,MF,Liverpool,Premier League,21,2003,4.1,21,5.11,17,3,1,0,0,0,3,0.73,3,0,0,0,0,0,eng ENG,MF,Liverpool,Premier League,21,2003,4.1,5,3,3,1,1,2,8,25.0,6,7,2,5,1,6,3,1,eng ENG,MF,Liverpool,Premier League,21,2003,4.1,339,5,32,164,144,21,339,9,4,44.4,4,44.4,188,872,408,10,11,5,5,4,253,30,eng ENG,MF,Liverpool,Premier League,21,2003,18,371,21,10.8,4.1,2,79,1,16,13,12,2.06,11,6,5,1.21,0.03,11.2,6.1,5.1,1.23,0.09,eng ENG,MF,Liverpool,Premier League,21,2003,4.1,1,0,0,0,1,1,12,1,3,0,0,0,15,1,2,33.3,Harvey,Elliott,Harvey Elliott,35000000.0,35000000.0
Evanilson,br BRA,FW,Bournemouth,Premier League,24,1999,31,28,"2,319",25.8,10,1,11,10,0,1,1,1,12.5,11.7,1.9,13.6,29,28,99,0.39,0.04,0.43,0.39,0.43,0.48,0.07,0.56,0.45,0.53,br BRA,FW,Bournemouth,Premier League,24,1999,25.8,10,72,31,43.1,2.79,1.2,0.14,0.32,12.8,0,0,1,12.5,11.7,0.16,-2.5,-1.7,br BRA,FW,Bournemouth,Premier League,24,1999,25.8,244,342,71.3,3038,622,154,202,76.2,54,72,75.0,11,16,68.8,1,1.9,1.8,-0.9,26,14,6,0,28,br BRA,FW,Bournemouth,Premier League,24,1999,25.8,342,337,4,1,4,4,0,0,0,0,0,0,244,1,11,br BRA,FW,Bournemouth,Premier League,24,1999,25.8,61,2.37,39,0,3,10,9,0,8,0.31,2,0,1,1,4,0,br BRA,FW,Bournemouth,Premier League,24,1999,25.8,16,10,6,5,5,8,12,66.7,4,11,2,9,1,17,21,0,br BRA,FW,Bournemouth,Premier League,24,1999,25.8,558,23,56,208,299,127,557,21,7,33.3,8,38.1,333,1822,861,29,18,15,38,24,400,99,br BRA,FW,Bournemouth,Premier League,24,1999,31,"2,319",75,67.8,25.8,28,80,7,3,23,1,1.45,34,29,5,0.19,-0.38,44.1,26.6,17.5,0.68,0.84,br BRA,FW,Bournemouth,Premier League,24,1999,25.8,1,1,0,37,53,20,0,1,10,5,0,0,67,42,62,40.4,,Evanilson,Evanilson,35000000.0,35000000.0
Anthony Elanga,se SWE,FW,Nott'ham Forest,Premier League,22,2002,38,31,"2,501",27.8,6,11,17,6,0,0,1,0,4.5,4.5,5.7,10.1,102,63,229,0.22,0.4,0.61,0.22,0.61,0.16,0.2,0.36,0.16,0.36,se SWE,"FW,MF",Nott'ham Forest,Premier League,22,2002,27.8,6,44,24,54.5,1.58,0.86,0.14,0.25,17.6,6,0,0,4.5,4.5,0.1,1.5,1.5,se SWE,"FW,MF",Nott'ham Forest,Premier League,22,2002,27.8,540,827,65.3,8021,2660,318,387,82.2,150,232,64.7,46,131,35.1,11,5.7,5.1,5.3,50,32,26,8,63,se SWE,"FW,MF",Nott'ham Forest,Premier League,22,2002,27.8,827,697,126,31,3,0,185,6,86,43,39,0,540,4,24,se SWE,"FW,MF",Nott'ham Forest,Premier League,22,2002,27.8,102,3.67,56,23,5,7,11,0,18,0.65,10,4,1,0,3,0,se SWE,"FW,MF",Nott'ham Forest,Premier League,22,2002,27.8,19,14,8,8,3,5,17,29.4,12,11,1,10,6,25,25,0,se SWE,"FW,MF",Nott'ham Forest,Premier League,22,2002,27.8,1115,29,136,319,679,110,1115,83,25,30.1,39,47.0,600,4509,2544,102,45,48,79,43,764,229,se SWE,"FW,MF",Nott'ham Forest,Premier League,22,2002,38,"2,501",66,73.1,27.8,31,76,12,7,22,0,1.71,45,35,10,0.36,0.16,33.9,37.6,-3.6,-0.13,-0.15,se SWE,"FW,MF",Nott'ham Forest,Premier League,22,2002,27.8,1,0,0,9,47,18,185,6,14,0,0,0,89,24,37,39.3,Anthony,Elanga,Anthony Elanga,35000000.0,35000000.0
Adam Wharton,eng ENG,MF,Crystal Palace,Premier League,20,2004,20,16,"1,318",14.6,0,2,2,0,0,0,2,0,0.4,0.4,3.0,3.4,14,107,11,0.0,0.14,0.14,0.0,0.14,0.03,0.21,0.23,0.03,0.23,eng ENG,MF,Crystal Palace,Premier League,20,2004,14.6,0,13,5,38.5,0.89,0.34,0.0,0.0,25.4,0,0,0,0.4,0.4,0.03,-0.4,-0.4,eng ENG,MF,Crystal Palace,Premier League,20,2004,14.6,548,725,75.6,10271,3780,208,252,82.5,258,322,80.1,70,107,65.4,2,3.0,2.2,-1.0,26,78,18,5,107,eng ENG,MF,Crystal Palace,Premier League,20,2004,14.6,725,678,40,14,5,1,39,0,26,19,1,0,548,7,12,eng ENG,MF,Crystal Palace,Premier League,20,2004,14.6,59,4.03,45,11,0,2,0,1,6,0.41,4,2,0,0,0,0,eng ENG,MF,Crystal Palace,Premier League,20,2004,14.6,34,14,14,16,4,17,44,38.6,27,11,2,9,20,54,27,0,eng ENG,MF,Crystal Palace,Premier League,20,2004,14.6,872,30,204,463,212,11,872,10,2,20.0,8,80.0,430,2014,1078,14,23,2,17,13,533,11,eng ENG,MF,Crystal Palace,Premier League,20,2004,20,"1,318",66,38.5,14.6,16,77,3,4,23,1,1.25,18,21,-3,-0.2,-0.33,21.1,19.2,1.9,0.13,-0.27,eng ENG,MF,Crystal Palace,Premier League,20,2004,14.6,2,0,0,12,21,0,39,20,14,0,0,0,102,7,16,30.4,Adam,Wharton,Adam Wharton,35000000.0,35000000.0
Youri Tielemans,be BEL,MF,Aston Villa,Premier League,27,1997,36,35,"3,026",33.6,3,7,10,3,0,1,4,0,3.3,2.5,7.0,9.5,39,235,48,0.09,0.21,0.3,0.09,0.3,0.1,0.21,0.31,0.07,0.28,be BEL,MF,Aston Villa,Premier League,27,1997,33.6,3,40,12,30.0,1.19,0.36,0.08,0.25,20.1,0,0,1,3.3,2.5,0.06,-0.3,0.5,be BEL,MF,Aston Villa,Premier League,27,1997,33.6,1694,2061,82.2,29049,10244,787,876,89.8,737,844,87.3,140,259,54.1,7,7.0,5.7,0.0,60,229,38,4,235,be BEL,MF,Aston Villa,Premier League,27,1997,33.6,2061,1847,207,98,24,8,119,2,85,63,8,1,1694,7,37,be BEL,MF,Aston Villa,Premier League,27,1997,33.6,122,3.63,79,31,3,6,2,1,12,0.36,9,3,0,0,0,0,be BEL,MF,Aston Villa,Premier League,27,1997,33.6,84,58,32,44,8,40,73,54.8,33,38,16,22,23,107,47,4,be BEL,MF,Aston Villa,Premier League,27,1997,33.6,2385,103,479,1366,565,45,2384,61,31,50.8,19,31.1,1288,5561,2551,39,26,9,31,29,1667,48,be BEL,MF,Aston Villa,Premier League,27,1997,36,"3,026",84,88.5,33.6,35,86,27,1,29,0,1.67,53,46,7,0.21,0.21,51.2,43.6,7.5,0.22,0.59,be BEL,MF,Aston Villa,Premier League,27,1997,33.6,4,0,0,41,56,0,119,23,58,0,0,0,145,22,18,55.0,Youri,Tielemans,Youri Tielemans,35000000.0,55000000.0
Guglielmo Vicario,it ITA,GK,Tottenham,Premier League,27,1996,24,24,"2,160",24.0,0,0,0,0,0,0,1,0,0.0,0.0,0.0,0.0,0,1,0,0.0,0.0,0.0,0.0,0.0,0.0,0.0,0.0,0.0,0.0,it ITA,GK,Tottenham,Premier League,27,1996,24.0,0,0,0,0.0,0.0,0.0,0.0,0.0,0.0,0,0,0,0.0,0.0,0.0,0.0,0.0,it ITA,GK,Tottenham,Premier League,27,1996,24.0,764,874,87.4,15137,8856,237,239,99.2,431,446,96.6,89,180,49.4,0,0.0,0.0,0.0,0,2,0,0,1,it ITA,GK,Tottenham,Premier League,27,1996,24.0,874,773,101,36,0,1,0,0,0,0,0,0,764,0,2,it ITA,GK,Tottenham,Premier League,27,1996,24.0,4,0.17,4,0,0,0,0,0,0,0.0,0,0,0,0,0,0,it ITA,GK,Tottenham,Premier League,27,1996,24.0,0,0,0,0,0,0,0,0.0,0,0,0,0,1,1,14,6,it ITA,GK,Tottenham,Premier League,27,1996,24.0,928,626,910,18,0,0,928,1,1,100.0,0,0.0,661,3067,1700,0,0,0,0,0,597,0,it ITA,GK,Tottenham,Premier League,27,1996,24,"2,160",90,63.2,24.0,24,90,24,0,0,2,1.25,43,37,6,0.25,0.75,41.8,33.2,8.6,0.36,1.29,it ITA,GK,Tottenham,Premier League,27,1996,24.0,1,0,0,0,2,0,0,1,0,0,0,0,32,9,0,100.0,Guglielmo,Vicario,Guglielmo Vicario,35000000.0,35000000.0
Ezri Konsa,eng ENG,DF,Aston Villa,Premier League,26,1997,34,33,"2,936",32.6,2,0,2,2,0,0,1,0,1.3,1.3,0.4,1.7,24,90,11,0.06,0.0,0.06,0.06,0.06,0.04,0.01,0.05,0.04,0.05,eng ENG,DF,Aston Villa,Premier League,26,1997,32.6,2,11,5,45.5,0.34,0.15,0.18,0.4,8.8,0,0,0,1.3,1.3,0.12,0.7,0.7,eng ENG,DF,Aston Villa,Premier League,26,1997,32.6,1555,1673,92.9,26299,8781,669,692,96.7,807,844,95.6,62,95,65.3,0,0.4,0.6,-0.4,6,106,2,0,90,eng ENG,DF,Aston Villa,Premier League,26,1997,32.6,1673,1538,134,84,6,0,5,34,0,0,0,0,1555,1,21,eng ENG,DF,Aston Villa,Premier League,26,1997,32.6,24,0.74,19,2,1,2,0,0,3,0.09,3,0,0,0,0,0,eng ENG,DF,Aston Villa,Premier League,26,1997,32.6,34,18,20,10,4,20,25,80.0,5,20,11,9,24,58,114,4,eng ENG,DF,Aston Villa,Premier League,26,1997,32.6,1915,250,883,934,107,22,1915,18,8,44.4,7,38.9,1132,5817,3008,24,15,2,17,10,1338,11,eng ENG,DF,Aston Villa,Premier League,26,1997,34,"2,936",86,85.8,32.6,33,88,32,1,45,1,1.76,48,45,3,0.09,-0.65,46.5,43.4,3.1,0.1,-0.43,eng ENG,DF,Aston Villa,Premier League,26,1997,32.6,1,0,0,9,47,1,5,24,18,0,0,0,97,31,23,57.4,Ezri,Konsa,Ezri Konsa,35000000.0,35000000.0
Matheus Nunes,pt POR,DF,Manchester City,Premier League,25,1998,26,19,"1,674",18.6,1,6,7,1,0,0,4,0,1.2,1.2,4.4,5.6,63,79,175,0.05,0.32,0.38,0.05,0.38,0.07,0.23,0.3,0.07,0.3,pt POR,"DF,MF",Manchester City,Premier League,25,1998,18.6,1,9,4,44.4,0.48,0.22,0.11,0.25,19.0,0,0,0,1.2,1.2,0.14,-0.2,-0.2,pt POR,"DF,MF",Manchester City,Premier League,25,1998,18.6,1065,1234,86.3,16409,2994,598,651,91.9,398,458,86.9,53,81,65.4,6,4.4,3.3,1.6,23,53,26,7,79,pt POR,"DF,MF",Manchester City,Premier League,25,1998,18.6,1234,1103,130,13,3,8,45,109,7,5,0,0,1065,1,24,pt POR,"DF,MF",Manchester City,Premier League,25,1998,18.6,46,2.47,35,2,3,3,3,0,8,0.43,5,0,1,2,0,0,pt POR,"DF,MF",Manchester City,Premier League,25,1998,18.6,35,22,15,14,6,16,38,42.1,22,17,4,13,15,50,38,2,pt POR,"DF,MF",Manchester City,Premier League,25,1998,18.6,1416,47,251,560,614,62,1416,41,19,46.3,14,34.1,866,4503,2315,63,37,24,32,13,1013,175,pt POR,"DF,MF",Manchester City,Premier League,25,1998,26,"1,674",64,48.9,18.6,19,86,16,7,5,9,2.08,33,19,14,0.75,0.03,31.9,24.4,7.5,0.41,-0.26,pt POR,"DF,MF",Manchester City,Premier League,25,1998,18.6,4,0,0,30,20,6,45,15,22,0,1,0,70,14,19,42.4,Matheus,Nunes,Matheus Nunes,35000000.0,55000000.0
Malo Gusto,fr FRA,DF,Chelsea,Premier League,21,2003,32,19,"1,862",20.7,0,1,1,0,0,0,4,0,1.7,1.7,1.4,3.1,50,119,85,0.0,0.05,0.05,0.0,0.05,0.08,0.07,0.15,0.08,0.15,fr FRA,DF,Chelsea,Premier League,21,2003,20.7,0,22,4,18.2,1.06,0.19,0.0,0.0,21.3,0,0,0,1.7,1.7,0.08,-1.7,-1.7,fr FRA,DF,Chelsea,Premier League,21,2003,20.7,1198,1385,86.5,19538,4892,585,628,93.2,517,585,88.4,68,112,60.7,1,1.4,1.9,-0.4,22,111,19,7,119,fr FRA,DF,Chelsea,Premier League,21,2003,20.7,1385,1230,153,37,2,3,53,116,0,0,0,0,1198,2,26,fr FRA,DF,Chelsea,Premier League,21,2003,20.7,58,2.8,57,0,0,1,0,0,4,0.19,4,0,0,0,0,0,fr FRA,DF,Chelsea,Premier League,21,2003,20.7,45,29,27,15,3,25,48,52.1,23,29,8,21,24,69,49,5,fr FRA,DF,Chelsea,Premier League,21,2003,20.7,1595,64,387,772,451,43,1595,16,4,25.0,11,68.8,882,4513,2248,50,36,8,18,17,1072,85,fr FRA,DF,Chelsea,Premier League,21,2003,32,"1,862",58,54.4,20.7,19,84,14,13,20,1,1.66,40,26,14,0.68,0.27,40.5,27.2,13.4,0.65,0.24,fr FRA,DF,Chelsea,Premier League,21,2003,20.7,4,0,0,20,20,2,53,24,29,0,0,0,119,9,15,37.5,Malo,Gusto,Malo Gusto,35000000.0,35000000.0
Antonee Robinson,us USA,DF,Fulham,Premier League,26,1997,36,35,"3,167",35.2,0,10,10,0,0,0,8,0,0.7,0.7,4.2,4.9,118,131,274,0.0,0.28,0.28,0.0,0.28,0.02,0.12,0.14,0.02,0.14,us USA,DF,Fulham,Premier League,26,1997,35.2,0,16,2,12.5,0.45,0.06,0.0,0.0,22.1,0,0,0,0.7,0.7,0.04,-0.7,-0.7,us USA,DF,Fulham,Premier League,26,1997,35.2,1595,2076,76.8,27385,10017,763,881,86.6,678,853,79.5,134,239,56.1,10,4.2,4.1,5.8,43,115,56,29,131,us USA,DF,Fulham,Premier League,26,1997,35.2,2076,1781,289,17,1,5,170,272,0,0,0,0,1595,6,47,us USA,DF,Fulham,Premier League,26,1997,35.2,80,2.27,74,1,2,2,0,1,11,0.31,11,0,0,0,0,0,us USA,DF,Fulham,Premier League,26,1997,35.2,95,61,57,31,7,45,95,47.4,50,43,9,34,62,157,133,2,us USA,DF,Fulham,Premier League,26,1997,35.2,2523,139,828,942,788,70,2523,83,38,45.8,34,41.0,1343,7361,4230,118,61,30,44,20,1509,274,us USA,DF,Fulham,Premier League,26,1997,36,"3,167",88,92.6,35.2,35,90,34,1,19,0,1.42,49,49,0,0.0,0.0,44.8,44.3,0.4,0.01,-0.48,us USA,DF,Fulham,Premier League,26,1997,35.2,8,0,0,31,20,7,170,62,61,0,0,0,157,50,26,65.8,Antonee,Robinson,Antonee Robinson,35000000.0,35000000.0
Liam Delap,eng ENG,FW,Ipswich Town,Premier League,21,2003,37,32,"2,593",28.8,12,2,14,10,2,2,12,0,9.3,7.8,1.9,9.7,61,30,110,0.42,0.07,0.49,0.35,0.42,0.32,0.07,0.39,0.27,0.34,eng ENG,FW,Ipswich Town,Premier League,21,2003,28.8,12,66,29,43.9,2.29,1.01,0.15,0.34,16.0,0,2,2,9.3,7.8,0.12,2.7,2.2,eng ENG,FW,Ipswich Town,Premier League,21,2003,28.8,219,357,61.3,3011,657,123,174,70.7,69,108,63.9,9,24,37.5,2,1.9,1.4,0.1,21,17,6,0,30,eng ENG,FW,Ipswich Town,Premier League,21,2003,28.8,357,350,5,0,8,1,5,2,0,0,0,0,219,2,16,eng ENG,FW,Ipswich Town,Premier League,21,2003,28.8,62,2.15,28,0,12,7,13,2,7,0.24,3,0,2,0,2,0,eng ENG,FW,Ipswich Town,Premier League,21,2003,28.8,11,8,3,3,5,2,15,13.3,13,8,0,8,2,13,28,0,eng ENG,FW,Ipswich Town,Premier League,21,2003,28.8,682,29,78,291,335,92,680,86,40,46.5,37,43.0,445,3283,1586,61,46,30,104,60,537,110,eng ENG,FW,Ipswich Town,Premier League,21,2003,37,"2,593",70,75.8,28.8,32,78,3,5,18,0,0.59,25,58,-33,-1.15,0.27,25.7,52.1,-26.5,-0.92,0.37,eng ENG,FW,Ipswich Town,Premier League,21,2003,28.8,12,0,0,72,51,14,5,2,8,2,0,0,68,55,74,42.6,Liam,Delap,Liam Delap,35000000.0,35000000.0
Diogo Dalot,pt POR,DF,Manchester Utd,Premier League,25,1999,33,31,"2,814",31.3,0,3,3,0,0,0,5,0,2.0,2.0,2.0,4.1,62,103,168,0.0,0.1,0.1,0.0,0.1,0.07,0.07,0.13,0.07,0.13,pt POR,DF,Manchester Utd,Premier League,25,1999,31.3,0,25,5,20.0,0.8,0.16,0.0,0.0,16.1,0,0,0,2.0,2.0,0.08,-2.0,-2.0,pt POR,DF,Manchester Utd,Premier League,25,1999,31.3,1347,1673,80.5,21723,6617,694,773,89.8,525,641,81.9,95,170,55.9,3,2.0,2.5,1.0,26,61,25,8,103,pt POR,DF,Manchester Utd,Premier League,25,1999,31.3,1673,1426,242,13,4,8,66,229,0,0,0,0,1347,5,36,pt POR,DF,Manchester Utd,Premier League,25,1999,31.3,74,2.37,57,5,7,4,0,1,5,0.16,3,0,1,1,0,0,pt POR,DF,Manchester Utd,Premier League,25,1999,31.3,68,40,40,22,6,34,52,65.4,18,22,9,13,37,105,72,0,pt POR,DF,Manchester Utd,Premier League,25,1999,31.3,1983,113,661,773,566,68,1983,53,27,50.9,22,41.5,1126,4953,2699,62,37,16,38,21,1200,168,pt POR,DF,Manchester Utd,Premier League,25,1999,33,"2,814",85,82.3,31.3,31,89,30,2,29,0,1.15,34,45,-11,-0.35,-0.5,39.9,46.1,-6.2,-0.2,-0.93,pt POR,DF,Manchester Utd,Premier League,25,1999,31.3,5,0,0,40,9,4,66,37,40,0,1,0,167,38,21,64.4,Diogo,Dalot,Diogo Dalot,35000000.0,40000000.0
Noussair Mazraoui,ma MAR,DF,Manchester Utd,Premier League,26,1997,37,34,"2,838",31.5,0,1,1,0,0,0,3,0,0.7,0.7,1.5,2.2,42,115,58,0.0,0.03,0.03,0.0,0.03,0.02,0.05,0.07,0.02,0.07,ma MAR,DF,Manchester Utd,Premier League,26,1997,31.5,0,13,3,23.1,0.41,0.1,0.0,0.0,20.6,0,0,0,0.7,0.7,0.05,-0.7,-0.7,ma MAR,DF,Manchester Utd,Premier League,26,1997,31.5,1526,1781,85.7,23059,8056,834,913,91.3,574,644,89.1,73,130,56.2,1,1.5,1.9,-0.5,20,125,20,5,115,ma MAR,DF,Manchester Utd,Premier League,26,1997,31.5,1781,1578,202,24,7,6,23,168,0,0,0,0,1526,1,35,ma MAR,DF,Manchester Utd,Premier League,26,1997,31.5,56,1.78,46,2,1,2,3,2,1,0.03,1,0,0,0,0,0,ma MAR,DF,Manchester Utd,Premier League,26,1997,31.5,115,68,58,42,15,59,94,62.8,35,36,9,27,34,149,95,1,ma MAR,DF,Manchester Utd,Premier League,26,1997,31.5,2139,167,839,976,349,30,2139,48,26,54.2,18,37.5,1172,5481,2884,42,32,3,25,17,1289,58,ma MAR,DF,Manchester Utd,Premier League,26,1997,37,"2,838",77,83.0,31.5,34,81,20,3,24,0,1.14,23,43,-20,-0.63,-2.18,38.6,45.5,-6.9,-0.22,-1.08,ma MAR,DF,Manchester Utd,Premier League,26,1997,31.5,3,0,0,38,25,4,23,34,68,0,1,0,149,50,30,62.5,Noussair,Mazraoui,Noussair Mazraoui,32000000.0,32000000.0
Joachim Andersen,dk DEN,DF,Fulham,Premier League,28,1996,29,29,"2,583",28.7,0,0,0,0,0,0,6,1,1.0,1.0,0.5,1.5,16,112,2,0.0,0.0,0.0,0.0,0.0,0.04,0.02,0.05,0.04,0.05,dk DEN,DF,Fulham,Premier League,28,1996,28.7,0,19,4,21.1,0.66,0.14,0.0,0.0,15.1,0,0,0,1.0,1.0,0.05,-1.0,-1.0,dk DEN,DF,Fulham,Premier League,28,1996,28.7,1654,2000,82.7,36471,14436,456,497,91.8,918,985,93.2,269,487,55.2,0,0.5,0.5,-0.5,4,196,6,3,112,dk DEN,DF,Fulham,Premier League,28,1996,28.7,2000,1891,102,81,0,35,12,9,0,0,0,0,1654,7,8,dk DEN,DF,Fulham,Premier League,28,1996,28.7,35,1.23,27,1,0,7,0,0,2,0.07,1,1,0,0,0,0,dk DEN,DF,Fulham,Premier League,28,1996,28.7,27,18,20,6,1,15,24,62.5,9,37,28,9,34,61,188,1,dk DEN,DF,Fulham,Premier League,28,1996,28.7,2336,340,1233,1013,102,22,2336,6,4,66.7,0,0.0,1350,6505,3435,16,14,1,6,3,1621,2,dk DEN,DF,Fulham,Premier League,28,1996,29,"2,583",89,75.5,28.7,29,89,28,0,0,2,1.45,43,42,1,0.03,0.14,39.5,35.8,3.7,0.13,0.33,dk DEN,DF,Crystal Palace,Premier League,28,1996,1.0,1,0,0,2,0,0,1,0,1,0,0,0,7,2,0,100.0,Joachim,Andersen,Joachim Andersen,32000000.0,35000000.0
Davide Frattesi,it ITA,MF,Inter,Serie A,24,1999,27,9,"1,158",12.9,5,1,6,5,0,0,1,0,4.0,4.0,0.8,4.8,23,31,50,0.39,0.08,0.47,0.39,0.47,0.29,0.06,0.35,0.29,0.35,it ITA,MF,Inter,Serie A,24,1999,12.9,5,26,7,26.9,2.02,0.54,0.19,0.71,13.0,0,0,0,4.0,4.0,0.14,1.0,1.0,it ITA,MF,Inter,Serie A,24,1999,12.9,297,360,82.5,4304,880,174,193,90.2,105,125,84.0,13,16,81.3,1,0.8,0.8,0.2,7,20,5,1,31,it ITA,MF,Inter,Serie A,24,1999,12.9,360,344,14,10,5,0,8,4,0,0,0,0,297,2,10,it ITA,MF,Inter,Serie A,24,1999,12.9,19,1.4,13,0,2,2,2,0,2,0.15,1,0,0,0,1,0,it ITA,MF,Inter,Serie A,24,1999,12.9,17,8,6,10,1,10,18,55.6,8,12,4,8,5,22,14,1,it ITA,MF,Inter,Serie A,24,1999,12.9,499,20,96,261,152,44,499,18,7,38.9,7,38.9,296,1650,858,23,15,7,20,4,345,50,it ITA,MF,Inter,Serie A,24,1999,27,"1,158",43,33.9,12.9,9,83,5,18,23,8,2.07,25,14,11,0.85,-0.46,21.9,14.3,7.7,0.56,-0.37,it ITA,MF,Inter,Serie A,24,1999,12.9,1,0,0,11,29,2,8,5,8,1,0,0,48,10,13,43.5,Davide,Frattesi,Davide Frattesi,32000000.0,35000000.0
Evan Ferguson,ie IRL,FW,Brighton,Premier League,19,2004,13,2,246,2.7,1,0,1,1,0,0,0,0,0.5,0.5,0.4,1.0,2,1,9,0.37,0.0,0.37,0.37,0.37,0.2,0.15,0.35,0.2,0.35,ie IRL,FW,Brighton,Premier League,19,2004,2.7,1,7,2,28.6,2.56,0.73,0.14,0.5,19.2,1,0,0,0.5,0.5,0.08,0.5,0.5,ie IRL,FW,Brighton,Premier League,19,2004,2.7,43,58,74.1,484,44,31,36,86.1,8,11,72.7,1,4,25.0,0,0.4,0.4,-0.4,3,1,0,0,1,ie IRL,FW,Brighton,Premier League,19,2004,2.7,58,52,5,0,0,0,0,0,0,0,0,0,43,1,1,ie IRL,FW,Brighton,Premier League,19,2004,2.7,4,1.47,3,0,1,0,0,0,0,0.0,0,0,0,0,0,0,ie IRL,FW,West Ham,Premier League,19,2004,1.7,3,1,0,1,2,0,0,0.0,0,2,1,1,1,4,1,0,ie IRL,FW,West Ham,Premier League,19,2004,1.7,66,1,6,30,31,10,66,5,3,60.0,2,40.0,31,123,41,1,1,1,8,5,42,7,ie IRL,FW,Brighton,Premier League,19,2004,13,246,19,7.2,2.7,2,65,0,11,11,2,0.92,4,7,-3,-1.1,-1.38,2.9,4.8,-1.9,-0.71,-0.88,ie IRL,FW,Brighton,Premier League,19,2004,2.7,0,0,0,3,1,0,0,0,3,0,0,0,10,4,9,30.8,Evan,Ferguson,Evan Ferguson,32000000.0,65000000.0
Andre Onana,cm CMR,GK,Manchester Utd,Premier League,28,1996,34,34,"3,060",34.0,0,0,0,0,0,0,0,0,0.0,0.0,0.2,0.2,0,1,0,0.0,0.0,0.0,0.0,0.0,0.0,0.0,0.0,0.0,0.0,cm CMR,GK,Manchester Utd,Premier League,28,1996,34.0,0,0,0,0.0,0.0,0.0,0.0,0.0,0.0,0,0,0,0.0,0.0,0.0,0.0,0.0,cm CMR,GK,Manchester Utd,Premier League,28,1996,34.0,948,1306,72.6,22819,13922,220,222,99.1,524,529,99.1,199,544,36.6,0,0.2,0.2,-0.2,1,28,0,0,1,cm CMR,GK,Manchester Utd,Premier League,28,1996,34.0,1306,1066,235,86,1,2,0,0,0,0,0,0,948,5,0,cm CMR,GK,Manchester Utd,Premier League,28,1996,34.0,4,0.12,3,1,0,0,0,0,0,0.0,0,0,0,0,0,0,cm CMR,GK,Manchester Utd,Premier League,28,1996,34.0,2,2,2,0,0,2,4,50.0,2,0,0,0,0,2,11,4,cm CMR,GK,Manchester Utd,Premier League,28,1996,34.0,1371,1046,1350,22,0,0,1371,1,1,100.0,0,0.0,961,4851,2676,0,0,0,1,0,832,0,cm CMR,GK,Manchester Utd,Premier League,28,1996,34,"3,060",90,89.5,34.0,34,90,34,0,0,0,1.15,38,44,-6,-0.18,0.82,45.3,46.8,-1.5,-0.04,-0.11,cm CMR,GK,Manchester Utd,Premier League,28,1996,34.0,0,0,0,0,2,0,0,0,2,0,0,0,34,6,0,100.0,Andre,Onana,Andre Onana,32000000.0,45000000.0
Jacob Ramsey,eng ENG,FW,Aston Villa,Premier League,23,2001,29,19,"1,623",18.0,1,3,4,1,0,0,4,1,1.6,1.6,2.3,3.9,61,68,114,0.06,0.17,0.22,0.06,0.22,0.09,0.13,0.22,0.09,0.22,eng ENG,"FW,MF",Aston Villa,Premier League,23,2001,18.0,1,19,4,21.1,1.05,0.22,0.05,0.25,16.8,0,0,0,1.6,1.6,0.08,-0.6,-0.6,eng ENG,"FW,MF",Aston Villa,Premier League,23,2001,18.0,497,586,84.8,6645,1578,334,366,91.3,133,159,83.6,15,20,75.0,3,2.3,2.2,0.7,21,31,21,1,68,eng ENG,"FW,MF",Aston Villa,Premier League,23,2001,18.0,586,581,2,0,3,3,12,2,0,0,0,0,497,3,15,eng ENG,"FW,MF",Aston Villa,Premier League,23,2001,18.0,51,2.83,40,0,4,1,6,0,8,0.44,7,0,0,0,1,0,eng ENG,"FW,MF",Aston Villa,Premier League,23,2001,18.0,30,15,14,10,6,10,20,50.0,10,23,4,19,8,38,8,1,eng ENG,"FW,MF",Aston Villa,Premier League,23,2001,18.0,762,12,146,272,359,74,762,46,25,54.3,13,28.3,496,3441,1766,61,31,21,42,23,577,114,eng ENG,"FW,MF",Aston Villa,Premier League,23,2001,29,"1,623",56,47.5,18.0,19,68,2,10,34,0,1.79,25,26,-1,-0.06,-0.46,24.7,23.9,0.8,0.04,-0.22,eng ENG,"FW,MF",Aston Villa,Premier League,23,2001,18.0,4,1,1,13,28,5,12,8,15,1,0,0,83,7,13,35.0,Jacob,Ramsey,Jacob Ramsey,32000000.0,42000000.0
Manuel Akanji,ch SUI,DF,Manchester City,Premier League,29,1995,26,23,"2,014",22.4,0,0,0,0,0,0,3,0,1.6,1.6,0.4,1.9,46,158,7,0.0,0.0,0.0,0.0,0.0,0.07,0.02,0.09,0.07,0.09,ch SUI,DF,Manchester City,Premier League,29,1995,22.4,0,15,2,13.3,0.67,0.09,0.0,0.0,14.7,0,0,0,1.6,1.6,0.1,-1.6,-1.6,ch SUI,DF,Manchester City,Premier League,29,1995,22.4,1632,1744,93.6,27046,7578,776,812,95.6,757,795,95.2,84,113,74.3,0,0.4,1.3,-0.4,9,177,11,2,158,ch SUI,DF,Manchester City,Premier League,29,1995,22.4,1744,1707,36,18,4,10,11,10,0,0,0,0,1632,1,6,ch SUI,DF,Manchester City,Premier League,29,1995,22.4,37,1.65,37,0,0,0,0,0,3,0.13,3,0,0,0,0,0,ch SUI,DF,Manchester City,Premier League,29,1995,22.4,19,12,12,4,3,11,17,64.7,6,11,8,3,9,28,64,3,ch SUI,DF,Manchester City,Premier League,29,1995,22.4,1881,119,559,920,405,19,1881,2,2,100.0,0,0.0,1254,6953,4234,46,64,0,5,5,1483,7,ch SUI,DF,Manchester City,Premier League,29,1995,26,"2,014",77,58.9,22.4,23,86,20,3,12,2,2.04,46,28,18,0.8,0.16,43.7,29.1,14.6,0.65,0.28,ch SUI,DF,Manchester City,Premier League,29,1995,22.4,3,0,0,17,9,0,11,9,12,0,0,0,103,30,33,47.6,Manuel,Akanji,Manuel Akanji,32000000.0,45000000.0
Nathan Ake,nl NED,DF,Manchester City,Premier League,29,1995,10,8,678,7.5,0,0,0,0,0,0,0,0,0.2,0.2,0.0,0.2,12,50,2,0.0,0.0,0.0,0.0,0.0,0.03,0.0,0.03,0.03,0.03,nl NED,DF,Manchester City,Premier League,29,1995,7.5,0,3,0,0.0,0.4,0.0,0.0,0.0,10.0,0,0,0,0.2,0.2,0.07,-0.2,-0.2,nl NED,DF,Manchester City,Premier League,29,1995,7.5,509,542,93.9,8321,2950,248,253,98.0,237,244,97.1,20,34,58.8,0,0.0,0.2,0.0,1,42,1,0,50,nl NED,DF,Manchester City,Premier League,29,1995,7.5,542,514,26,13,0,0,1,7,0,0,0,0,509,2,3,nl NED,DF,Manchester City,Premier League,29,1995,7.5,8,1.06,8,0,0,0,0,0,0,0.0,0,0,0,0,0,0,nl NED,DF,Manchester City,Premier League,29,1995,7.5,9,7,7,2,0,4,6,66.7,2,7,2,5,3,12,22,1,nl NED,DF,Manchester City,Premier League,29,1995,7.5,596,51,205,331,61,5,596,1,1,100.0,0,0.0,403,2244,1501,12,12,1,4,3,449,2,nl NED,DF,Manchester City,Premier League,29,1995,10,678,68,19.8,7.5,8,79,2,2,24,9,1.4,11,11,0,0.0,-0.92,12.6,13.5,-0.9,-0.12,-0.82,nl NED,DF,Manchester City,Premier League,29,1995,7.5,0,0,0,2,0,0,1,3,7,0,0,0,24,13,10,56.5,Nathan,Ake,Nathan Ake,32000000.0,42000000.0
Georginio Rutter,fr FRA,MF,Brighton,Premier League,22,2002,28,19,"1,656",18.4,5,3,8,5,0,0,2,0,4.6,4.6,2.5,7.1,42,67,79,0.27,0.16,0.43,0.27,0.43,0.25,0.14,0.39,0.25,0.39,fr FRA,"MF,FW",Brighton,Premier League,22,2002,18.4,5,50,12,24.0,2.72,0.65,0.1,0.42,15.5,0,0,0,4.6,4.6,0.09,0.4,0.4,fr FRA,"MF,FW",Brighton,Premier League,22,2002,18.4,237,355,66.8,3344,1174,144,187,77.0,74,111,66.7,10,16,62.5,3,2.5,1.7,0.5,19,30,16,1,67,fr FRA,"MF,FW",Brighton,Premier League,22,2002,18.4,355,344,9,0,12,0,9,0,0,0,0,0,237,2,14,fr FRA,"MF,FW",Brighton,Premier League,22,2002,18.4,64,3.47,37,0,9,7,9,2,8,0.43,3,0,3,1,1,0,fr FRA,"MF,FW",Brighton,Premier League,22,2002,18.4,39,15,13,18,8,14,36,38.9,22,20,3,17,10,49,13,2,fr FRA,"MF,FW",Brighton,Premier League,22,2002,18.4,641,20,83,246,326,79,641,71,27,38.0,34,47.9,361,2467,1405,42,36,16,45,37,411,79,fr FRA,"MF,FW",Brighton,Premier League,22,2002,28,"1,656",59,48.4,18.4,19,76,3,9,24,0,1.57,32,29,3,0.16,-0.04,27.1,27.3,-0.3,-0.01,-0.24,fr FRA,"MF,FW",Brighton,Premier League,22,2002,18.4,2,0,0,34,45,7,9,10,15,0,1,0,66,25,46,35.2,Georginio,Rutter,Georginio Rutter,32000000.0,32000000.0
Emile Smith Rowe,eng ENG,MF,Fulham,Premier League,24,2000,34,25,"2,043",22.7,6,3,9,6,0,0,3,0,4.5,4.5,1.4,6.0,53,126,127,0.26,0.13,0.4,0.26,0.4,0.2,0.06,0.26,0.2,0.26,eng ENG,MF,Fulham,Premier League,24,2000,22.7,6,37,11,29.7,1.63,0.48,0.16,0.55,16.0,0,0,0,4.5,4.5,0.12,1.5,1.5,eng ENG,MF,Fulham,Premier League,24,2000,22.7,922,1023,90.1,13141,2429,548,592,92.6,330,348,94.8,21,29,72.4,3,1.4,2.0,1.6,24,80,15,1,126,eng ENG,MF,Fulham,Premier League,24,2000,22.7,1023,985,35,6,2,2,16,3,1,0,0,0,922,3,18,eng ENG,MF,Fulham,Premier League,24,2000,22.7,73,3.22,57,0,3,8,2,3,12,0.53,10,0,1,0,0,1,eng ENG,MF,Fulham,Premier League,24,2000,22.7,31,18,7,14,10,8,24,33.3,16,22,2,20,11,42,16,0,eng ENG,MF,Fulham,Premier League,24,2000,22.7,1223,20,166,591,476,60,1223,35,16,45.7,16,45.7,779,3728,1932,53,40,12,36,18,940,127,eng ENG,MF,Fulham,Premier League,24,2000,34,"2,043",60,59.7,22.7,25,73,0,9,24,0,1.38,29,28,1,0.04,0.11,29.5,25.0,4.5,0.2,0.38,eng ENG,MF,Fulham,Premier League,24,2000,22.7,3,0,0,19,14,4,16,11,18,0,0,0,75,6,20,23.1,Emile,Smith Rowe,Emile Smith Rowe,32000000.0,40000000.0
Jan Paul van Hecke,nl NED,DF,Brighton,Premier League,24,2000,34,33,"2,958",32.9,1,1,2,1,0,0,8,1,1.3,1.3,1.5,2.8,55,228,5,0.03,0.03,0.06,0.03,0.06,0.04,0.05,0.09,0.04,0.09,nl NED,DF,Brighton,Premier League,24,2000,32.9,1,17,5,29.4,0.52,0.15,0.06,0.2,13.9,0,0,0,1.3,1.3,0.08,-0.3,-0.3,nl NED,DF,Brighton,Premier League,24,2000,32.9,2016,2286,88.2,39486,15217,703,752,93.5,1077,1156,93.2,219,334,65.6,1,1.5,1.4,-0.5,15,226,17,4,228,nl NED,DF,Brighton,Premier League,24,2000,32.9,2286,2146,138,104,4,19,11,8,0,0,0,0,2016,2,7,nl NED,DF,Brighton,Premier League,24,2000,32.9,52,1.58,46,2,0,3,1,0,3,0.09,3,0,0,0,0,0,nl NED,DF,Brighton,Premier League,24,2000,32.9,45,29,24,19,2,23,41,56.1,18,37,22,15,24,69,142,2,nl NED,DF,Brighton,Premier League,24,2000,32.9,2589,272,1094,1350,166,33,2589,11,5,45.5,4,36.4,1715,10633,7191,55,46,0,12,7,1820,5,nl NED,DF,Brighton,Premier League,24,2000,34,"2,958",87,86.5,32.9,33,89,30,1,9,0,1.59,55,47,8,0.24,0.44,49.7,44.3,5.4,0.17,0.42,nl NED,DF,Brighton,Premier League,24,2000,32.9,8,1,1,25,24,0,11,24,29,0,0,0,131,82,50,62.1,Jan Paul,van Hecke,Jan Paul van Hecke,32000000.0,32000000.0
Leon Bailey,jm JAM,FW,Aston Villa,Premier League,26,1997,24,14,"1,139",12.7,1,2,3,1,0,0,3,0,1.7,1.7,1.5,3.3,58,35,121,0.08,0.16,0.24,0.08,0.24,0.14,0.12,0.26,0.14,0.26,jm JAM,"FW,MF",Aston Villa,Premier League,26,1997,12.7,1,28,6,21.4,2.21,0.47,0.04,0.17,17.3,2,0,0,1.7,1.7,0.06,-0.7,-0.7,jm JAM,"FW,MF",Aston Villa,Premier League,26,1997,12.7,277,390,71.0,4313,1055,152,186,81.7,100,123,81.3,18,38,47.4,2,1.5,3.0,0.5,16,16,20,2,35,jm JAM,"FW,MF",Aston Villa,Premier League,26,1997,12.7,390,369,18,0,5,1,34,1,17,9,0,0,277,3,24,jm JAM,"FW,MF",Aston Villa,Premier League,26,1997,12.7,38,3.01,23,1,8,3,3,0,4,0.32,4,0,0,0,0,0,jm JAM,"FW,MF",Aston Villa,Premier League,26,1997,12.7,7,5,2,3,2,3,11,27.3,8,6,0,6,3,10,12,0,jm JAM,"FW,MF",Aston Villa,Premier League,26,1997,12.7,545,18,77,155,323,70,545,57,22,38.6,24,42.1,348,2582,1371,58,23,34,35,25,390,121,jm JAM,"FW,MF",Aston Villa,Premier League,26,1997,24,"1,139",47,33.3,12.7,14,65,2,10,23,5,1.54,22,19,3,0.24,0.08,20.3,13.7,6.7,0.53,0.55,jm JAM,"FW,MF",Aston Villa,Premier League,26,1997,12.7,3,0,0,12,18,3,34,3,5,1,0,0,59,6,9,40.0,Leon,Bailey,Leon Bailey,32000000.0,45000000.0
Mohamed Amoura,dz ALG,FW,Wolfsburg,Bundesliga,24,2000,31,29,"2,467",27.4,10,9,19,8,2,2,6,0,8.7,7.2,4.0,11.2,81,61,244,0.36,0.33,0.69,0.29,0.62,0.32,0.15,0.46,0.26,0.41,dz ALG,FW,Wolfsburg,Bundesliga,24,2000,27.4,10,73,25,34.2,2.66,0.91,0.11,0.32,16.8,0,2,2,8.7,7.2,0.1,1.3,0.8,dz ALG,FW,Wolfsburg,Bundesliga,24,2000,27.4,532,757,70.3,8149,1608,292,395,73.9,163,204,79.9,45,64,70.3,9,4.0,3.7,5.0,35,29,26,5,61,dz ALG,FW,Wolfsburg,Bundesliga,24,2000,27.4,757,714,38,0,9,14,35,16,0,0,0,0,532,5,42,dz ALG,FW,Wolfsburg,Bundesliga,24,2000,27.4,80,2.92,56,2,6,10,4,2,13,0.47,12,0,1,0,0,0,dz ALG,FW,Wolfsburg,Bundesliga,24,2000,27.4,29,22,14,5,10,14,37,37.8,23,42,2,40,9,38,24,0,dz ALG,FW,Wolfsburg,Bundesliga,24,2000,27.4,1106,17,119,385,629,127,1104,91,37,40.7,48,52.7,628,4108,2067,81,46,35,86,18,733,244,dz ALG,FW,Wolfsburg,Bundesliga,24,2000,31,"2,467",80,80.6,27.4,29,83,9,2,33,0,1.29,47,43,4,0.15,0.45,37.6,40.5,-2.9,-0.1,0.23,dz ALG,FW,Wolfsburg,Bundesliga,24,2000,27.4,6,0,0,30,20,24,35,9,22,1,0,0,92,19,45,29.7,Mohamed,Amoura,Mohamed Amoura,32000000.0,32000000.0
Matteo Guendouzi,fr FRA,MF,Lazio,Serie A,25,1999,37,37,"3,270",36.3,1,3,4,1,0,0,7,0,1.4,1.4,3.2,4.6,89,316,64,0.03,0.08,0.11,0.03,0.11,0.04,0.09,0.13,0.04,0.13,fr FRA,MF,Lazio,Serie A,25,1999,36.3,1,27,8,29.6,0.74,0.22,0.04,0.13,20.5,0,0,0,1.4,1.4,0.05,-0.4,-0.4,fr FRA,MF,Lazio,Serie A,25,1999,36.3,1961,2183,89.8,36189,9790,778,830,93.7,980,1042,94.0,186,242,76.9,3,3.2,2.8,-0.2,43,287,33,3,316,fr FRA,MF,Lazio,Serie A,25,1999,36.3,2183,2074,103,62,6,25,21,29,9,0,0,0,1961,6,23,fr FRA,MF,Lazio,Serie A,25,1999,36.3,118,3.25,106,4,2,4,1,1,7,0.19,7,0,0,0,0,0,fr FRA,MF,Lazio,Serie A,25,1999,36.3,37,21,13,19,5,20,47,42.6,27,34,9,25,32,69,50,2,fr FRA,MF,Lazio,Serie A,25,1999,36.3,2437,70,395,1531,538,39,2437,25,15,60.0,10,40.0,1549,9683,5432,89,81,9,28,18,1836,64,fr FRA,MF,Lazio,Serie A,25,1999,37,"3,270",88,95.6,36.3,37,88,32,0,0,0,1.68,59,47,12,0.33,0.33,54.4,36.5,17.9,0.49,-0.47,fr FRA,MF,Lazio,Serie A,25,1999,36.3,7,0,0,28,35,1,21,32,21,0,1,0,173,18,22,45.0,Matteo,Guendouzi,Matteo Guendouzi,32000000.0,50000000.0
