Squad,# Pl,Age,Poss,MP,Starts,Min,90s,Gls,Ast,G+A,G-PK,PK,PKatt,CrdY,CrdR,xG,npxG,xAG,npxG+xAG,PrgC,PrgP,Gls.1,Ast.1,G+A.1,G-PK.1,G+A-PK,xG.1,xAG.1,xG+xAG,npxG.1,npxG+xAG.1,Squad.1,# Pl.1,MP.1,Starts.1,Min.1,90s.1,GA,GA90,SoTA,Saves,Save%,W,D,L,CS,CS%,PKatt.1,PKA,PKsv,PKm,Save%.1,Squad.2,# Pl.2,90s.2,GA.1,PKA.1,FK,CK,OG,PSxG,PSxG/SoT,PSxG+/-,/90,Cmp,Att,Cmp%,Att (GK),Thr,Launch%,AvgLen,Att.1,Launch%.1,AvgLen.1,Opp,Stp,Stp%,#OPA,#OPA/90,AvgDist,Squad.3,# Pl.3,90s.3,Gls.2,Sh,SoT,SoT%,Sh/90,SoT/90,G/Sh,G/SoT,Dist,FK.1,PK.1,PKatt.2,xG.2,npxG.2,npxG/Sh,G-xG,np:G-xG,Squad.4,# Pl.4,90s.4,Cmp.1,Att.2,Cmp%.1,TotDist,PrgDist,Cmp.2,Att.3,Cmp%.2,Cmp.3,Att.4,Cmp%.3,Cmp.4,Att.5,Cmp%.4,Ast.2,xAG.2,xA,A-xAG,KP,1/3,PPA,CrsPA,PrgP.1,Squad.5,# Pl.5,90s.5,Att.6,Live,Dead,FK.2,TB,Sw,Crs,TI,CK.1,In,Out,Str,Cmp.5,Off,Blocks,Squad.6,# Pl.6,90s.6,SCA,SCA90,PassLive,PassDead,TO,Sh.1,Fld,Def,GCA,GCA90,PassLive.1,PassDead.1,TO.1,Sh.2,Fld.1,Def.1,Squad.7,# Pl.7,90s.7,Tkl,TklW,Def 3rd,Mid 3rd,Att 3rd,Tkl.1,Att.7,Tkl%,Lost,Blocks.1,Sh.3,Pass,Int,Tkl+Int,Clr,Err,Squad.8,# Pl.8,Poss.1,90s.8,Touches,Def Pen,Def 3rd.1,Mid 3rd.1,Att 3rd.1,Att Pen,Live.1,Att.8,Succ,Succ%,Tkld,Tkld%,Carries,TotDist.1,PrgDist.1,PrgC.1,1/3.1,CPA,Mis,Dis,Rec,PrgR,Squad.9,# Pl.9,Age.1,MP.2,Min.2,Mn/MP,Min%,90s.9,Starts.2,Mn/Start,Compl,Subs,Mn/Sub,unSub,PPM,onG,onGA,+/-,+/-90,onxG,onxGA,xG+/-,xG+/-90,Squad.10,# Pl.10,90s.10,CrdY.1,CrdR.1,2CrdY,Fls,Fld.2,Off.1,Crs.1,Int.1,TklW.1,PKwon,PKcon,OG.1,Recov,Won,Lost.1,Won%
Arsenal,25,25.8,56.9,38,418,3420,38.0,67,55,122,65,2,2,70,6,59.9,58.4,45.3,103.6,852,1826,1.76,1.45,3.21,1.71,3.16,1.58,1.19,2.77,1.54,2.73,Arsenal,1,38,38,3420,38.0,34,0.89,120,86,74.2,20,14,4,13,34.2,3,3,0,0,0.0,Arsenal,1,38.0,34,3,2,8,0,35.1,0.28,1.1,0.03,149,478,31.2,1210,178,31.2,29.9,200,50.0,38.6,402,53,13.2,66,1.74,17.2,Arsenal,25,38.0,67,544,178,32.7,14.32,4.68,0.12,0.37,15.1,10,2,2,59.9,58.4,0.11,7.1,6.6,Arsenal,25,38.0,17066,20241,84.3,278808,87055,8591,9363,91.8,7129,7999,89.1,1031,2022,51.0,55,45.3,45.7,9.7,428,1397,437,75,1826,Arsenal,25,38.0,20241,18608,1553,432,80,74,766,598,251,211,3,2,17066,80,278,Arsenal,25,38.0,969,25.5,726,82,52,64,34,11,119,3.13,86,11,6,11,4,1,Arsenal,25,38.0,598,348,220,249,129,260,515,50.5,255,328,106,222,225,823,680,33,Arsenal,25,56.9,38.0,24056,1844,6064,10362,7808,1282,24054,726,320,44.1,316,43.5,14234,75544,40246,852,540,286,483,382,16894,1801,Arsenal,25,25.8,38,3420,90,100,38.0,418,83,272,142,18,200,1.95,69,34,35,0.92,59.9,34.4,25.5,0.67,Arsenal,25,38.0,70,6,3,401,405,80,766,225,348,2,3,0,1436,471,465,50.3
Aston Villa,28,27.0,50.5,38,418,3420,38.0,56,45,101,53,3,6,76,4,56.1,51.3,41.7,93.0,720,1344,1.47,1.18,2.66,1.39,2.58,1.48,1.1,2.57,1.35,2.45,Aston Villa,2,38,38,3420,38.0,51,1.34,156,104,68.6,19,9,10,9,23.7,3,2,1,0,33.3,Aston Villa,2,38.0,51,2,1,2,0,52.1,0.32,1.1,0.03,181,474,38.2,1182,133,29.5,30.4,299,41.8,35.1,538,59,11.0,35,0.92,13.7,Aston Villa,28,38.0,56,478,159,33.3,12.58,4.18,0.11,0.33,16.3,12,3,6,56.1,51.3,0.11,-0.1,1.7,Aston Villa,28,38.0,14701,17797,82.6,252637,88182,6778,7510,90.3,6555,7386,88.7,1088,2065,52.7,45,41.7,36.9,3.3,358,1137,319,56,1344,Aston Villa,28,38.0,17797,16044,1698,583,95,58,604,497,230,148,24,1,14701,55,346,Aston Villa,28,38.0,849,22.34,602,85,51,58,39,14,102,2.68,80,7,3,6,4,2,Aston Villa,28,38.0,637,372,293,249,95,310,546,56.8,236,329,107,222,240,877,788,43,Aston Villa,28,50.5,38.0,21699,2646,7301,9257,5362,951,21693,726,327,45.0,299,41.2,12334,68906,36242,720,448,212,508,386,14423,1331,Aston Villa,28,27.0,38,3420,90,100,38.0,418,80,246,170,23,170,1.74,58,51,7,0.18,56.1,50.1,5.9,0.16,Aston Villa,28,38.0,76,4,2,406,499,55,604,240,372,6,3,0,1418,378,423,47.2
Bournemouth,29,25.1,48.5,38,418,3420,38.0,57,41,98,51,6,7,97,3,64.0,58.5,43.8,102.3,754,1489,1.5,1.08,2.58,1.34,2.42,1.68,1.15,2.84,1.54,2.69,Bournemouth,3,38,38,3420,38.0,46,1.21,172,126,75.6,15,11,12,9,23.7,4,4,0,0,0.0,Bournemouth,3,38.0,46,4,1,5,0,54.8,0.3,8.8,0.23,174,465,37.4,960,158,35.2,32.9,266,47.7,39.4,460,25,5.4,62,1.63,16.0,Bournemouth,29,38.0,57,574,192,33.4,15.11,5.05,0.09,0.27,16.7,10,6,7,64.0,58.5,0.1,-7.0,-7.5,Bournemouth,29,38.0,12977,16900,76.8,233955,86767,5648,6514,86.7,5659,6670,84.8,1365,2819,48.4,41,43.8,36.5,-2.8,437,1242,339,106,1489,Bournemouth,29,38.0,16900,15136,1694,430,59,78,832,686,228,166,18,4,12977,70,314,Bournemouth,29,38.0,1012,26.63,767,68,44,70,42,21,93,2.45,62,6,5,8,10,2,Bournemouth,29,38.0,691,399,290,299,102,301,627,48.0,326,459,136,323,351,1042,1013,22,Bournemouth,29,48.5,38.0,21618,2217,6444,9314,6128,1005,21611,672,294,43.8,300,44.6,11733,69030,36709,754,534,228,597,350,12855,1474,Bournemouth,29,25.1,38,3420,90,100,38.0,418,83,254,162,18,180,1.47,58,46,12,0.32,64.0,48.5,15.5,0.41,Bournemouth,29,38.0,97,3,0,525,400,70,832,351,399,7,4,0,1821,573,606,48.6
Brentford,28,25.8,47.9,38,418,3420,38.0,65,44,109,60,5,6,62,1,59.0,54.4,42.4,96.8,598,1356,1.71,1.16,2.87,1.58,2.74,1.55,1.12,2.67,1.43,2.55,Brentford,2,38,38,3420,38.0,57,1.5,207,153,72.9,16,8,14,8,21.1,1,1,0,0,0.0,Brentford,2,38.0,57,1,0,2,3,53.3,0.26,-0.7,-0.02,264,697,37.9,1453,129,36.3,34.4,327,51.7,41.3,597,48,8.0,34,0.89,11.5,Brentford,28,38.0,65,434,173,39.9,11.42,4.55,0.14,0.35,14.9,10,5,6,59.0,54.4,0.13,6.0,5.6,Brentford,28,38.0,13358,17100,78.1,245539,93263,5849,6739,86.8,5826,6875,84.7,1449,2741,52.9,44,42.4,38.1,1.6,330,1104,325,91,1356,Brentford,28,38.0,17100,15453,1584,386,69,71,674,602,174,139,2,0,13358,63,288,Brentford,28,38.0,780,20.53,569,74,40,51,35,11,113,2.97,78,11,5,9,9,1,Brentford,28,38.0,633,380,289,223,121,314,596,52.7,282,480,199,281,285,918,1040,28,Brentford,28,47.9,38.0,21491,3282,8328,8055,5310,987,21485,627,265,42.3,293,46.7,11412,61938,31661,598,380,213,549,300,13153,1339,Brentford,28,25.8,38,3420,90,100,38.0,418,85,277,142,15,200,1.47,66,57,9,0.24,59.0,55.4,3.6,0.09,Brentford,28,38.0,62,1,0,320,339,63,674,285,380,6,1,3,1644,624,567,52.4
Brighton,32,24.8,52.3,38,418,3420,38.0,64,41,105,57,7,7,78,3,58.7,53.3,40.4,93.7,816,1539,1.68,1.08,2.76,1.5,2.58,1.54,1.06,2.61,1.4,2.47,Brighton,2,38,38,3420,38.0,59,1.55,147,90,66.0,16,13,9,8,21.1,9,9,0,0,0.0,Brighton,2,38.0,59,9,1,4,2,51.5,0.3,-5.5,-0.15,129,402,32.1,1178,129,29.3,25.1,243,23.5,23.1,436,29,6.7,50,1.32,15.4,Brighton,32,38.0,64,526,183,34.8,13.84,4.82,0.11,0.31,17.2,25,7,7,58.7,53.3,0.1,5.3,3.7,Brighton,32,38.0,15820,19188,82.4,268916,90984,7629,8443,90.4,6541,7472,87.5,1313,2397,54.8,41,40.4,39.1,0.6,377,1189,339,87,1539,Brighton,32,38.0,19188,17527,1615,482,77,76,704,605,188,107,48,7,15820,46,310,Brighton,32,38.0,933,24.55,685,70,56,53,55,14,113,2.97,78,7,10,6,10,2,Brighton,32,38.0,705,431,287,297,121,350,703,49.8,353,439,122,317,315,1020,762,29,Brighton,32,52.3,38.0,23677,2601,7503,10292,6153,1085,23670,797,338,42.4,382,47.9,13919,76882,41746,816,576,263,583,344,15637,1522,Brighton,32,24.8,38,3420,90,100,38.0,418,82,231,184,18,158,1.61,66,59,7,0.18,58.7,54.6,4.1,0.11,Brighton,32,38.0,78,3,2,438,411,46,704,315,431,6,9,2,1624,518,463,52.8
Chelsea,29,23.7,57.1,38,418,3420,38.0,61,47,108,57,4,5,101,2,67.8,63.8,52.7,116.5,861,1595,1.61,1.24,2.84,1.5,2.74,1.78,1.39,3.17,1.68,3.07,Chelsea,2,38,38,3420,38.0,43,1.13,155,111,75.5,20,9,9,11,28.9,6,5,1,0,16.7,Chelsea,2,38.0,43,5,0,5,0,45.0,0.26,2.0,0.05,105,457,23.0,1207,209,34.5,33.4,224,17.9,20.9,423,49,11.6,59,1.55,14.5,Chelsea,29,38.0,61,590,203,34.4,15.53,5.34,0.1,0.28,16.7,17,4,5,67.8,63.8,0.11,-6.8,-6.8,Chelsea,29,38.0,18033,21320,84.6,311166,98339,8067,8802,91.6,8244,9120,90.4,1369,2547,53.7,47,52.7,41.8,-5.7,457,1488,346,73,1595,Chelsea,29,38.0,21320,19613,1642,516,79,95,663,587,234,121,37,8,18033,65,304,Chelsea,29,38.0,1061,27.92,811,60,58,70,39,23,109,2.87,75,5,9,9,7,4,Chelsea,29,38.0,588,371,243,244,101,273,536,50.9,263,356,103,253,272,860,695,45,Chelsea,29,57.1,38.0,25217,2410,7564,11375,6497,1115,25212,783,326,41.6,336,42.9,14501,78314,41394,861,493,317,466,297,17888,1576,Chelsea,29,23.7,38,3420,90,100,38.0,418,83,277,140,19,202,1.82,64,43,21,0.55,67.8,47.3,20.5,0.54,Chelsea,29,38.0,101,2,1,436,444,65,663,272,371,5,6,0,1577,402,390,50.8
Crystal Palace,29,26.2,42.8,38,418,3420,38.0,49,38,87,46,3,4,80,4,60.4,57.3,46.4,103.7,510,1158,1.29,1.0,2.29,1.21,2.21,1.59,1.22,2.81,1.51,2.73,Crystal Palace,1,38,38,3420,38.0,51,1.34,150,101,66.7,13,14,11,11,28.9,2,1,1,0,50.0,Crystal Palace,1,38.0,51,1,1,5,3,51.2,0.35,3.2,0.08,157,600,26.2,922,115,48.5,38.5,293,52.2,42.4,559,30,5.4,40,1.05,14.3,Crystal Palace,29,38.0,49,512,175,34.2,13.47,4.61,0.09,0.26,16.8,19,3,4,60.4,57.3,0.11,-11.4,-11.3,Crystal Palace,29,38.0,11875,15754,75.4,213257,80237,5198,6077,85.5,5285,6317,83.7,1137,2545,44.7,38,46.4,36.6,-8.4,379,886,272,69,1158,Crystal Palace,29,38.0,15754,14066,1614,440,71,59,605,621,171,115,18,0,11875,74,302,Crystal Palace,29,38.0,877,23.08,633,76,33,71,48,16,89,2.34,60,8,6,8,6,1,Crystal Palace,29,38.0,767,450,374,299,94,324,643,50.4,319,485,144,341,334,1101,1088,19,Crystal Palace,29,42.8,38.0,20389,2570,7689,8441,4456,797,20385,500,209,41.8,241,48.2,10275,51887,25304,510,354,126,491,339,11783,1140,Crystal Palace,29,26.2,38,3420,90,100,38.0,418,83,268,148,18,192,1.39,51,51,0,0.0,60.4,49.1,11.3,0.3,Crystal Palace,29,38.0,80,4,3,417,403,74,605,334,450,4,2,3,1698,511,636,44.6
Everton,26,28.0,40.9,38,418,3420,38.0,39,27,66,37,2,2,82,2,41.8,40.2,32.2,72.4,486,1041,1.03,0.71,1.74,0.97,1.68,1.1,0.85,1.95,1.06,1.91,Everton,1,38,38,3420,38.0,44,1.16,163,117,73.0,11,15,12,12,31.6,2,0,2,0,100.0,Everton,1,38.0,44,0,1,6,0,48.8,0.3,4.8,0.13,304,806,37.7,1297,161,51.0,39.7,289,50.2,40.7,558,31,5.6,57,1.5,15.2,Everton,26,38.0,39,404,139,34.4,10.63,3.66,0.09,0.27,16.8,11,2,2,41.8,40.2,0.1,-2.8,-3.2,Everton,26,38.0,11405,14953,76.3,215027,85013,5039,5809,86.7,4604,5451,84.5,1526,2901,52.6,27,32.2,27.2,-5.2,298,1003,261,92,1041,Everton,26,38.0,14953,13245,1627,424,30,83,682,678,154,101,24,11,11405,81,295,Everton,26,38.0,713,18.76,530,65,44,31,31,12,68,1.79,46,4,6,4,5,3,Everton,26,38.0,732,433,366,269,97,338,656,51.5,318,392,138,254,345,1077,1088,25,Everton,26,40.9,38.0,19408,2462,6930,7927,4762,732,19406,636,283,44.5,305,48.0,9535,51039,25414,486,364,119,525,390,11309,1023,Everton,26,28.0,38,3420,90,100,38.0,418,84,286,130,19,211,1.26,42,44,-2,-0.05,41.8,46.2,-4.5,-0.12,Everton,26,38.0,82,2,1,430,384,81,682,345,433,1,2,0,1524,614,564,52.1
Fulham,26,28.1,52.3,38,418,3420,38.0,53,44,97,50,3,4,80,2,49.0,45.9,37.5,83.4,786,1558,1.39,1.16,2.55,1.32,2.47,1.29,0.99,2.28,1.21,2.2,Fulham,1,38,38,3420,38.0,54,1.42,159,106,67.9,15,9,14,5,13.2,4,3,1,0,25.0,Fulham,1,38.0,54,3,0,6,2,48.9,0.29,-3.1,-0.08,141,367,38.4,1138,167,24.5,28.9,265,33.2,30.2,507,23,4.5,33,0.87,13.3,Fulham,26,38.0,53,516,167,32.4,13.58,4.39,0.1,0.3,16.4,10,3,4,49.0,45.9,0.09,4.0,4.1,Fulham,26,38.0,16199,19753,82.0,289508,97635,7195,8007,89.9,7222,8198,88.1,1504,2703,55.6,44,37.5,35.0,6.5,398,1346,343,108,1558,Fulham,26,38.0,19753,18077,1633,437,43,119,894,636,203,88,87,1,16199,43,337,Fulham,26,38.0,940,24.74,718,73,38,70,25,16,99,2.61,80,3,5,4,4,3,Fulham,26,38.0,679,411,327,259,93,289,565,51.2,276,382,113,269,302,981,914,33,Fulham,26,52.3,38.0,23926,2641,8095,9787,6287,954,23922,637,288,45.2,254,39.9,14026,73723,38440,786,544,213,515,281,16043,1544,Fulham,26,28.1,38,3420,90,100,38.0,418,83,239,179,17,163,1.42,54,54,0,0.0,49.0,47.2,1.8,0.05,Fulham,26,38.0,80,2,0,432,359,43,894,302,411,3,4,2,1610,533,532,50.0
Ipswich Town,32,25.8,40.6,38,418,3420,38.0,35,26,61,33,2,2,93,5,34.4,32.8,24.2,57.0,513,935,0.92,0.68,1.61,0.87,1.55,0.9,0.64,1.54,0.86,1.5,Ipswich Town,3,38,38,3420,38.0,82,2.16,210,130,63.8,4,10,24,2,5.3,6,6,0,0,0.0,Ipswich Town,3,38.0,82,6,0,11,2,73.6,0.33,-6.4,-0.17,189,531,35.6,1000,184,36.6,34.3,306,53.9,41.4,609,71,11.7,35,0.92,8.2,Ipswich Town,32,38.0,35,374,120,32.1,9.84,3.16,0.09,0.28,17.7,10,2,2,34.4,32.8,0.09,0.6,0.2,Ipswich Town,32,38.0,11524,14775,78.0,204832,77912,5157,5835,88.4,5115,5988,85.4,1021,2184,46.7,26,24.2,21.2,1.8,283,865,173,54,935,Ipswich Town,32,38.0,14775,13146,1577,434,44,60,505,572,145,111,18,1,11524,52,300,Ipswich Town,32,38.0,658,17.32,458,72,51,30,33,14,58,1.53,46,2,6,2,2,0,Ipswich Town,32,38.0,589,340,294,214,81,281,604,46.5,323,436,185,251,303,892,1102,39,Ipswich Town,32,40.6,38.0,19091,3012,7764,7504,4032,605,19089,643,277,43.1,290,45.1,9384,53235,26144,513,330,150,538,347,11405,920,Ipswich Town,32,25.8,38,3420,90,100,38.0,418,82,237,178,17,164,0.58,36,82,-46,-1.21,34.4,72.7,-38.3,-1.01,Ipswich Town,32,38.0,93,5,4,430,404,52,505,303,340,2,6,2,1437,552,533,50.9
Leicester City,32,26.6,45.4,38,418,3420,38.0,33,25,58,31,2,3,87,0,32.6,30.4,25.1,55.5,576,1082,0.87,0.66,1.53,0.82,1.47,0.86,0.66,1.52,0.8,1.46,Leicester City,3,38,38,3420,38.0,80,2.11,209,131,63.2,6,7,25,3,7.9,4,3,1,0,25.0,Leicester City,3,38.0,80,3,0,5,3,74.6,0.35,-2.4,-0.06,181,688,26.3,1183,178,44.9,32.0,325,48.3,36.0,599,36,6.0,36,0.95,20.7,Leicester City,32,38.0,33,332,105,31.6,8.74,2.76,0.09,0.3,17.3,8,2,3,32.6,30.4,0.09,0.4,0.6,Leicester City,32,38.0,13945,17486,79.7,234016,83996,6703,7482,89.6,5797,6664,87.0,1073,2370,45.3,25,25.1,24.1,-0.1,252,953,216,67,1082,Leicester City,32,38.0,17486,15728,1695,449,52,47,621,664,139,86,29,4,13945,63,319,Leicester City,32,38.0,585,15.39,427,49,44,26,34,5,56,1.47,37,4,6,5,4,0,Leicester City,32,38.0,728,431,361,278,89,336,695,48.3,359,505,198,307,327,1055,987,31,Leicester City,32,45.4,38.0,21748,2881,8066,9845,4048,632,21745,638,264,41.4,304,47.6,12276,61780,30421,576,365,143,500,336,13828,1072,Leicester City,32,26.6,38,3420,90,100,38.0,418,82,250,168,19,174,0.66,33,80,-47,-1.24,32.6,71.9,-39.3,-1.03,Leicester City,32,38.0,87,0,0,420,393,63,621,327,431,3,4,3,1478,503,579,46.5
Liverpool,24,27.2,57.7,38,418,3420,38.0,85,65,150,76,9,9,67,3,82.2,75.2,61.6,136.8,825,1924,2.24,1.71,3.95,2.0,3.71,2.16,1.62,3.78,1.98,3.6,Liverpool,3,38,38,3420,38.0,41,1.08,138,98,71.0,25,9,4,14,36.8,2,1,1,0,50.0,Liverpool,3,38.0,41,1,0,3,2,42.2,0.3,3.2,0.08,102,325,31.4,1108,179,24.6,26.6,239,21.8,24.5,370,17,4.6,58,1.53,16.0,Liverpool,24,38.0,85,639,215,33.6,16.82,5.66,0.12,0.35,15.9,11,9,9,82.2,75.2,0.12,2.8,0.8,Liverpool,24,38.0,18303,21758,84.1,312343,104887,8615,9382,91.8,7893,8905,88.6,1412,2550,55.4,65,61.6,54.3,3.4,509,1583,430,83,1924,Liverpool,24,38.0,21758,19998,1700,448,69,128,729,682,252,145,72,1,18303,60,330,Liverpool,24,38.0,1151,30.29,881,70,82,73,27,18,147,3.87,111,7,12,10,6,1,Liverpool,24,38.0,642,391,271,267,104,340,656,51.8,316,367,97,270,299,941,724,31,Liverpool,24,57.7,38.0,25905,2422,7285,11575,7274,1315,25896,677,301,44.5,310,45.8,14931,76208,41047,825,558,322,532,350,18113,1910,Liverpool,24,27.2,38,3420,90,100,38.0,418,82,252,165,20,177,2.21,86,41,45,1.18,82.2,38.6,43.6,1.15,Liverpool,24,38.0,67,3,1,430,359,60,729,299,391,6,2,2,1621,406,368,52.5
Manchester City,30,26.8,61.3,38,418,3420,38.0,71,51,122,68,3,4,59,2,68.1,64.9,54.2,119.1,1146,1944,1.87,1.34,3.21,1.79,3.13,1.79,1.43,3.22,1.71,3.13,Manchester City,2,38,38,3420,38.0,44,1.16,128,86,68.8,21,8,9,13,34.2,4,4,0,0,0.0,Manchester City,2,38.0,44,4,1,4,2,46.3,0.35,4.3,0.11,112,269,41.6,1191,163,19.5,26.7,190,19.5,24.0,357,19,5.3,61,1.61,14.3,Manchester City,30,38.0,71,603,208,34.5,15.87,5.47,0.11,0.33,16.9,21,3,4,68.1,64.9,0.11,2.9,3.1,Manchester City,30,38.0,21531,24443,88.1,349984,98901,11071,11923,92.9,8884,9710,91.5,1281,2040,62.8,51,54.2,53.8,-3.2,472,1685,440,62,1944,Manchester City,30,38.0,24443,22822,1576,449,86,90,659,603,253,127,37,4,21531,45,341,Manchester City,30,38.0,1096,28.84,852,69,68,56,41,10,125,3.29,95,3,11,10,4,2,Manchester City,30,38.0,497,299,183,216,98,214,449,47.7,235,331,89,242,229,726,619,35,Manchester City,30,61.3,38.0,28103,2092,6503,12076,9753,1348,28099,799,377,47.2,301,37.7,18077,103744,56163,1146,863,404,476,395,21242,1920,Manchester City,30,26.8,38,3420,90,100,38.0,418,85,286,131,16,207,1.87,72,44,28,0.74,68.1,47.7,20.4,0.54,Manchester City,30,38.0,59,2,1,287,382,45,659,229,299,4,4,2,1437,310,334,48.1
Manchester Utd,31,25.5,53.5,38,418,3420,38.0,42,29,71,38,4,4,86,3,52.6,49.4,39.7,89.1,697,1448,1.11,0.76,1.87,1.0,1.76,1.38,1.04,2.43,1.3,2.35,Manchester Utd,2,38,38,3420,38.0,54,1.42,149,96,65.8,11,9,18,10,26.3,4,3,1,0,25.0,Manchester Utd,2,38.0,54,3,1,10,2,54.1,0.34,2.1,0.05,131,502,26.1,1206,148,32.0,30.3,247,47.0,36.4,455,26,5.7,30,0.79,11.8,Manchester Utd,31,38.0,42,524,168,32.1,13.79,4.42,0.07,0.23,17.4,15,4,4,52.6,49.4,0.1,-10.6,-11.4,Manchester Utd,31,38.0,16837,20415,82.5,278154,89708,8233,9125,90.2,6855,7768,88.2,1257,2438,51.6,29,39.7,35.6,-10.7,406,1141,335,73,1448,Manchester Utd,31,38.0,20415,18750,1596,414,94,107,630,646,197,96,45,11,16837,69,355,Manchester Utd,31,38.0,939,24.71,711,78,38,61,36,15,70,1.84,45,4,5,6,6,4,Manchester Utd,31,38.0,817,493,394,305,118,400,723,55.3,323,386,107,279,358,1175,759,26,Manchester Utd,31,53.5,38.0,24734,2553,8593,10460,5908,967,24730,621,252,40.6,323,52.0,15116,75007,37992,697,475,230,521,353,16672,1433,Manchester Utd,31,25.5,38,3420,90,100,38.0,418,81,256,161,23,180,1.11,44,54,-10,-0.26,52.6,53.8,-1.3,-0.03,Manchester Utd,31,38.0,86,3,1,403,371,69,630,358,493,4,4,2,1736,486,488,49.9
Newcastle Utd,24,27.4,51.3,38,418,3420,38.0,66,50,116,61,5,6,68,1,63.8,59.5,46.0,105.5,759,1595,1.74,1.32,3.05,1.61,2.92,1.68,1.21,2.89,1.57,2.78,Newcastle Utd,2,38,38,3420,38.0,47,1.24,161,115,71.4,20,6,12,13,34.2,2,1,1,0,50.0,Newcastle Utd,2,38.0,47,1,0,4,2,47.7,0.29,2.7,0.07,90,337,26.7,863,246,22.7,25.2,251,56.2,43.6,486,49,10.1,75,1.97,15.3,Newcastle Utd,24,38.0,66,519,163,31.4,13.66,4.29,0.12,0.37,15.9,14,5,6,63.8,59.5,0.12,2.2,1.5,Newcastle Utd,24,38.0,15416,18898,81.6,260464,91034,7416,8283,89.5,6475,7373,87.8,1193,2313,51.6,50,46.0,42.2,4.0,399,1149,399,70,1595,Newcastle Utd,24,38.0,18898,17088,1739,482,78,94,705,704,217,118,27,17,15416,71,351,Newcastle Utd,24,38.0,938,24.68,711,73,39,53,37,25,115,3.03,94,7,3,5,4,2,Newcastle Utd,24,38.0,603,371,275,235,93,306,604,50.7,298,411,141,270,270,873,884,34,Newcastle Utd,24,51.3,38.0,23032,2284,7468,9671,6124,1082,23026,657,282,42.9,298,45.4,13016,71021,36065,759,474,263,491,438,15294,1583,Newcastle Utd,24,27.4,38,3420,90,100,38.0,418,83,254,163,18,179,1.74,68,47,21,0.55,63.8,45.5,18.3,0.48,Newcastle Utd,24,38.0,68,1,0,394,450,71,705,270,371,4,2,2,1632,487,466,51.1
Nott'ham Forest,23,26.1,41.2,38,418,3420,38.0,57,42,99,54,3,3,90,2,45.5,43.2,33.0,76.2,633,1125,1.5,1.11,2.61,1.42,2.53,1.2,0.87,2.07,1.14,2.0,Nott'ham Forest,1,38,38,3420,38.0,46,1.21,165,119,73.9,19,8,11,13,34.2,3,3,0,0,0.0,Nott'ham Forest,1,38.0,46,3,1,5,0,49.1,0.29,3.1,0.08,244,698,35.0,662,83,73.7,44.7,323,65.0,47.0,710,19,2.7,12,0.32,8.7,Nott'ham Forest,23,38.0,57,460,162,35.2,12.11,4.26,0.12,0.33,17.5,15,3,3,45.5,43.2,0.1,11.5,10.8,Nott'ham Forest,23,38.0,10822,14366,75.3,185832,74897,5322,6094,87.3,4065,5011,81.1,1038,2339,44.4,42,33.0,29.9,9.0,333,974,241,64,1125,Nott'ham Forest,23,38.0,14366,12658,1617,436,59,62,621,615,159,71,76,0,10822,91,282,Nott'ham Forest,23,38.0,798,21.0,569,74,35,60,40,20,91,2.39,58,10,3,8,8,4,Nott'ham Forest,23,38.0,698,419,406,225,67,343,670,51.2,327,427,157,270,322,1020,1220,24,Nott'ham Forest,23,41.2,38.0,18996,2463,6477,7689,5063,785,18993,581,259,44.6,233,40.1,8768,49825,26563,633,384,187,563,324,10733,1117,Nott'ham Forest,23,26.1,38,3420,90,100,38.0,418,83,249,167,18,174,1.71,58,46,12,0.32,45.5,48.9,-3.4,-0.09,Nott'ham Forest,23,38.0,90,2,2,401,419,91,621,322,419,3,3,0,1588,570,559,50.5
Southampton,36,25.2,48.5,38,418,3420,38.0,25,16,41,25,0,2,89,3,32.7,30.9,24.8,55.8,640,1127,0.66,0.42,1.08,0.66,1.08,0.86,0.65,1.51,0.81,1.47,Southampton,3,38,38,3420,38.0,86,2.26,245,157,67.8,2,6,30,3,7.9,9,7,2,0,22.2,Southampton,3,38.0,86,7,0,12,0,83.8,0.32,-2.2,-0.06,235,707,33.2,1224,172,44.7,29.5,297,53.9,41.9,587,35,6.0,27,0.71,6.5,Southampton,36,38.0,25,341,106,31.1,8.97,2.79,0.07,0.24,16.3,7,0,2,32.7,30.9,0.09,-7.7,-5.9,Southampton,36,38.0,15530,18561,83.7,263566,84964,7279,7996,91.0,6699,7455,89.9,1175,2271,51.7,16,24.8,23.9,-8.8,269,989,218,60,1127,Southampton,36,38.0,18561,16979,1533,468,43,60,548,493,152,102,33,0,15530,49,272,Southampton,36,38.0,616,16.21,427,56,51,46,28,8,42,1.11,23,5,3,9,1,1,Southampton,36,38.0,652,378,310,266,76,280,584,47.9,304,433,201,232,305,957,988,51,Southampton,36,48.5,38.0,22776,3003,8424,9788,4766,688,22774,736,312,42.4,333,45.2,12656,66945,34286,640,460,165,486,355,15394,1118,Southampton,36,25.2,38,3420,90,100,38.0,418,80,237,180,22,162,0.32,26,86,-60,-1.58,32.7,84.8,-52.1,-1.37,Southampton,36,38.0,89,3,0,459,421,49,548,305,378,2,9,0,1440,468,421,52.6
Tottenham,31,25.0,54.7,38,418,3420,38.0,61,47,108,58,3,4,72,1,58.8,55.7,44.4,100.1,840,1593,1.61,1.24,2.84,1.53,2.76,1.55,1.17,2.72,1.47,2.63,Tottenham,4,38,38,3420,38.0,65,1.71,180,119,65.6,11,5,22,6,15.8,3,3,0,0,0.0,Tottenham,4,38.0,65,3,0,8,4,66.6,0.36,5.6,0.15,59,195,30.3,1047,192,16.6,27.2,272,7.7,16.3,520,49,9.4,45,1.18,11.1,Tottenham,31,38.0,61,493,177,35.9,12.97,4.66,0.12,0.33,16.0,13,3,4,58.8,55.7,0.12,2.2,2.3,Tottenham,31,38.0,16513,19960,82.7,275248,93006,7576,8440,89.8,7372,8289,88.9,1101,2084,52.8,47,44.4,36.3,2.6,375,1254,369,83,1593,Tottenham,31,38.0,19960,18013,1884,561,54,70,752,705,243,108,66,0,16513,63,437,Tottenham,31,38.0,875,23.03,648,67,53,59,36,12,106,2.79,79,7,8,7,4,1,Tottenham,31,38.0,661,414,285,271,105,296,598,49.5,302,448,159,289,322,983,821,41,Tottenham,31,54.7,38.0,24315,2626,8159,10173,6223,1001,24311,812,308,37.9,425,52.3,15073,82903,41758,840,566,249,538,426,16373,1582,Tottenham,31,25.0,38,3420,90,100,38.0,418,82,261,158,22,183,1.0,64,65,-1,-0.03,58.8,63.3,-4.5,-0.12,Tottenham,31,38.0,72,1,1,446,483,63,752,322,414,4,3,4,1659,422,437,49.1
West Ham,27,28.1,48.4,38,418,3420,38.0,43,29,72,40,3,3,82,3,47.0,44.7,33.9,78.6,632,1222,1.13,0.76,1.89,1.05,1.82,1.24,0.89,2.13,1.18,2.07,West Ham,2,38,38,3420,38.0,62,1.63,186,127,68.3,11,10,17,7,18.4,3,3,0,0,0.0,West Ham,2,38.0,62,3,1,8,3,57.9,0.3,-1.1,-0.03,212,610,34.8,1167,174,37.4,35.5,311,55.9,41.9,614,25,4.1,42,1.11,13.1,West Ham,27,38.0,43,473,137,29.0,12.45,3.61,0.08,0.29,16.3,14,3,3,47.0,44.7,0.1,-4.0,-4.7,West Ham,27,38.0,14820,18363,80.7,258653,90743,6989,7831,89.2,6245,7153,87.3,1346,2580,52.2,29,33.9,32.0,-4.9,331,1075,267,72,1222,West Ham,27,38.0,18363,16678,1612,437,53,133,613,612,152,82,57,1,14820,73,343,West Ham,27,38.0,815,21.45,582,69,48,65,34,17,67,1.76,42,5,3,13,3,1,West Ham,27,38.0,654,388,317,253,84,290,532,54.5,242,440,169,271,331,985,1037,28,West Ham,27,48.4,38.0,22887,2942,8352,9852,4896,839,22884,793,347,43.8,360,45.4,11796,59439,29684,632,394,175,492,392,14712,1214,West Ham,27,28.1,38,3420,90,100,38.0,418,81,243,172,22,170,1.13,46,62,-16,-0.42,47.0,59.7,-12.7,-0.33,West Ham,27,38.0,82,3,2,443,397,73,613,331,388,2,3,3,1558,587,560,51.2
Wolves,32,26.9,48.1,38,418,3420,38.0,53,42,95,53,0,0,79,2,43.7,43.7,35.4,79.1,607,1185,1.39,1.11,2.5,1.39,2.5,1.15,0.93,2.08,1.15,2.08,Wolves,4,38,38,3420,38.0,69,1.82,168,100,63.1,12,6,20,8,21.1,9,7,2,0,22.2,Wolves,4,38.0,69,7,2,11,3,59.7,0.32,-6.3,-0.17,153,532,28.8,1020,156,41.5,14.0,244,44.7,37.0,562,40,7.1,57,1.5,,Wolves,32,38.0,53,431,155,36.0,11.34,4.08,0.12,0.34,18.1,18,0,0,43.7,43.7,0.1,9.3,9.3,Wolves,32,38.0,14472,17884,80.9,246100,83847,6855,7612,90.1,5909,6712,88.0,1251,2503,50.0,42,35.4,26.6,6.6,323,1011,276,72,1185,Wolves,32,38.0,17884,16133,1689,495,55,122,568,696,147,98,31,3,14472,62,328,Wolves,32,38.0,756,19.89,547,57,58,36,34,24,96,2.53,77,5,7,1,2,4,Wolves,32,38.0,801,471,412,305,84,373,669,55.8,296,437,137,300,298,1099,947,25,Wolves,32,48.1,38.0,22329,2578,7797,10051,4750,729,22328,731,324,44.3,315,43.1,12486,66974,34365,607,458,146,591,369,14358,1179,Wolves,32,26.9,38,3420,90,100,38.0,418,83,250,167,18,174,1.11,54,69,-15,-0.39,43.7,58.1,-14.5,-0.38,Wolves,32,38.0,79,2,2,480,425,62,568,298,471,0,9,3,1659,451,475,48.7
Atalanta,32,27.1,55.3,38,418,3420,38.0,76,54,130,71,5,7,67,1,65.0,59.5,46.9,106.4,897,1824,2.0,1.42,3.42,1.87,3.29,1.71,1.23,2.94,1.57,2.8,Atalanta,3,38,38,3420,38.0,37,0.97,147,112,76.2,22,8,8,15,39.5,2,2,0,0,0.0,Atalanta,3,38.0,37,2,0,4,2,41.1,0.29,6.1,0.16,133,413,32.2,980,193,27.6,32.3,233,61.4,47.5,363,21,5.8,56,1.47,14.5,Atalanta,32,38.0,76,538,181,33.6,14.16,4.76,0.13,0.39,15.0,5,5,7,65.0,59.5,0.11,11.0,11.5,Atalanta,32,38.0,17454,20998,83.1,304878,97688,7796,8669,89.9,7832,8892,88.1,1506,2528,59.6,54,46.9,46.4,7.1,425,1382,395,113,1824,Atalanta,32,38.0,20998,19273,1671,455,48,117,778,714,194,85,75,1,17454,54,326,Atalanta,32,38.0,966,25.42,736,75,51,71,22,11,131,3.45,105,5,4,13,4,0,Atalanta,32,38.0,571,347,238,260,73,272,506,53.8,234,360,98,262,296,867,679,16,Atalanta,32,55.3,38.0,25020,2035,6907,11325,7007,1076,25013,645,257,39.8,330,51.2,15076,80503,42064,897,696,254,574,362,17329,1808,Atalanta,32,27.1,38,3420,90,100,38.0,418,79,233,185,24,250,1.95,78,37,41,1.08,65.0,38.6,26.4,0.69,Atalanta,32,38.0,67,1,1,435,393,54,778,296,347,5,2,2,1732,585,490,54.4
Bologna,30,26.4,58.1,38,418,3420,38.0,56,43,99,50,6,7,61,4,49.3,43.8,35.2,79.0,639,1468,1.47,1.13,2.61,1.32,2.45,1.3,0.93,2.22,1.15,2.08,Bologna,2,38,38,3420,38.0,47,1.24,106,60,57.5,16,14,8,12,31.6,3,2,1,0,33.3,Bologna,2,38.0,47,2,0,3,2,40.3,0.37,-4.7,-0.12,171,467,36.6,1386,158,28.6,31.6,187,37.4,35.6,312,29,9.3,32,0.84,13.0,Bologna,30,38.0,56,505,166,32.9,13.29,4.37,0.1,0.3,17.5,18,6,7,49.3,43.8,0.09,6.7,6.2,Bologna,30,38.0,15681,19336,81.1,295869,97686,6113,6881,88.8,7530,8561,88.0,1765,3072,57.5,43,35.2,30.7,7.8,384,1351,293,109,1468,Bologna,30,38.0,19336,17378,1895,663,42,138,756,771,191,57,93,0,15681,63,307,Bologna,30,38.0,913,24.03,666,84,39,53,51,20,103,2.71,78,3,3,9,7,3,Bologna,30,38.0,591,346,215,270,106,283,538,52.6,255,390,93,297,258,849,679,20,Bologna,30,58.1,38.0,23304,2070,6703,10984,5817,831,23297,555,221,39.8,266,47.9,13684,70992,33468,639,422,167,598,361,15512,1457,Bologna,30,26.4,38,3420,90,100,38.0,418,80,230,185,21,335,1.63,57,47,10,0.26,49.3,36.7,12.6,0.33,Bologna,30,38.0,61,4,1,537,604,63,756,258,346,6,3,2,1516,579,616,48.5
Cagliari,28,26.6,44.9,38,418,3420,38.0,38,31,69,35,3,3,68,3,42.7,40.3,32.0,72.4,506,1150,1.0,0.82,1.82,0.92,1.74,1.12,0.84,1.97,1.06,1.9,Cagliari,4,38,38,3420,38.0,56,1.47,153,97,67.3,9,9,20,7,18.4,6,6,0,0,0.0,Cagliari,4,38.0,56,6,0,10,0,54.8,0.33,-1.2,-0.03,232,597,38.9,999,165,42.9,35.5,336,50.0,40.7,540,28,5.2,36,0.95,11.8,Cagliari,28,38.0,38,421,115,27.3,11.08,3.03,0.08,0.3,16.0,10,3,3,42.7,40.3,0.1,-4.7,-5.3,Cagliari,28,38.0,12092,15802,76.5,219114,88994,5258,6076,86.5,5403,6411,84.3,1218,2515,48.4,31,32.0,29.3,-1.0,301,907,234,89,1150,Cagliari,28,38.0,15802,13897,1840,481,25,60,758,749,181,38,135,0,12092,65,334,Cagliari,28,38.0,748,19.68,516,88,36,66,34,8,71,1.87,54,4,2,5,5,1,Cagliari,28,38.0,538,303,264,224,50,238,449,53.0,211,343,131,212,276,814,887,18,Cagliari,28,44.9,38.0,19802,2531,7637,8203,4166,645,19799,552,228,41.3,274,49.6,10679,52998,25903,506,339,115,585,294,11974,1140,Cagliari,28,26.6,38,3420,90,100,38.0,418,80,233,182,22,307,0.95,40,56,-16,-0.42,42.7,55.3,-12.6,-0.33,Cagliari,28,38.0,68,3,3,500,397,65,758,276,303,2,6,0,1522,606,600,50.2
Como,38,26.3,54.6,38,418,3420,38.0,44,39,83,44,0,2,87,7,45.4,43.9,36.6,80.5,658,1377,1.16,1.03,2.18,1.16,2.18,1.2,0.96,2.16,1.16,2.12,Como,3,38,38,3420,38.0,52,1.37,143,91,68.5,13,10,15,7,18.4,7,7,0,0,0.0,Como,3,38.0,52,7,0,7,0,44.6,0.27,-7.4,-0.19,150,405,37.0,1164,163,32.0,28.6,205,16.1,21.3,433,29,6.7,65,1.71,12.9,Como,38,38.0,44,519,176,33.9,13.66,4.63,0.08,0.25,17.9,17,0,2,45.4,43.9,0.09,-1.4,0.1,Como,38,38.0,15917,19183,83.0,268133,95134,7607,8351,91.1,6561,7392,88.8,1286,2359,54.5,39,36.6,30.8,2.4,405,1150,279,60,1377,Como,38,38.0,19183,17335,1783,597,52,93,568,726,167,41,70,0,15917,65,358,Como,38,38.0,920,24.21,673,84,44,66,40,13,79,2.08,66,2,5,3,1,2,Como,38,38.0,663,412,301,260,102,303,591,51.3,288,348,91,257,279,942,788,19,Como,38,54.6,38.0,23246,2359,7668,10461,5315,791,23244,622,264,42.4,288,46.3,14108,70678,35128,658,463,202,577,360,15729,1371,Como,38,26.3,38,3420,90,100,38.0,418,81,229,187,18,308,1.29,49,52,-3,-0.08,45.4,43.0,2.4,0.06,Como,38,38.0,87,7,3,503,518,65,568,279,412,1,7,0,1547,472,487,49.2
Empoli,34,25.4,41.7,38,418,3420,38.0,31,21,52,29,2,3,68,5,32.5,30.1,22.9,53.1,428,1013,0.82,0.55,1.37,0.76,1.32,0.86,0.6,1.46,0.79,1.4,Empoli,3,38,38,3420,38.0,59,1.55,158,99,63.3,6,13,19,6,15.8,3,1,1,1,50.0,Empoli,3,38.0,59,1,0,7,1,50.1,0.31,-7.9,-0.21,199,654,30.4,944,125,58.3,41.8,328,31.7,28.6,556,37,6.7,20,0.53,12.6,Empoli,34,38.0,31,367,107,29.2,9.66,2.82,0.08,0.27,19.1,21,2,3,32.5,30.1,0.08,-1.5,-1.1,Empoli,34,38.0,10093,13916,72.5,186741,74734,4015,4844,82.9,4558,5549,82.1,1180,2624,45.0,21,22.9,19.4,-1.9,269,799,214,71,1013,Empoli,34,38.0,13916,11976,1883,502,34,71,620,786,170,63,60,1,10093,57,312,Empoli,34,38.0,638,16.79,452,53,41,35,39,18,51,1.34,35,4,5,4,2,1,Empoli,34,38.0,689,396,314,293,82,309,543,56.9,234,396,136,260,323,1012,1072,21,Empoli,34,41.7,38.0,18255,2279,6509,8088,3861,562,18252,505,212,42.0,238,47.1,8486,43445,20518,428,284,102,594,349,9986,1004,Empoli,34,25.4,38,3420,90,100,38.0,418,82,245,169,19,292,0.82,33,59,-26,-0.68,32.5,50.1,-17.6,-0.46,Empoli,34,38.0,68,5,2,570,459,57,620,323,396,3,3,1,1480,577,710,44.8
Fiorentina,34,26.3,51.0,38,407,3419,38.0,55,37,92,49,6,8,81,3,48.9,42.6,35.1,77.7,620,1240,1.45,0.97,2.42,1.29,2.26,1.29,0.92,2.21,1.12,2.04,Fiorentina,2,38,38,3330,38.0,41,1.11,146,104,72.6,18,8,11,11,28.9,3,1,2,0,66.7,Fiorentina,2,38.0,41,1,0,3,1,40.7,0.27,0.7,0.02,226,515,43.9,923,143,40.8,35.8,293,47.1,39.2,498,14,2.8,31,0.84,14.5,Fiorentina,34,38.0,55,429,160,37.3,11.29,4.21,0.11,0.31,18.4,20,6,8,48.9,42.6,0.1,6.1,6.4,Fiorentina,34,38.0,14193,17510,81.1,262148,91970,5771,6478,89.1,6566,7504,87.5,1565,2733,57.3,37,35.1,27.4,1.9,336,984,244,74,1240,Fiorentina,34,38.0,17510,15677,1745,600,27,99,581,626,148,66,40,1,14193,88,283,Fiorentina,34,38.0,799,21.03,579,59,51,50,45,15,100,2.63,65,8,9,10,8,0,Fiorentina,34,38.0,531,311,267,195,69,248,488,50.8,240,353,123,230,269,800,911,17,Fiorentina,34,51.0,38.0,21431,2419,7306,9857,4479,671,21423,600,270,45.0,254,42.3,12538,66795,32278,620,479,164,535,306,14051,1226,Fiorentina,34,26.3,38,3419,90,100,38.0,407,82,236,172,20,253,1.71,60,41,19,0.5,48.9,42.8,6.1,0.16,Fiorentina,34,38.0,81,3,2,429,541,85,581,269,311,6,3,1,1436,508,487,51.1
Genoa,37,26.2,45.6,38,418,3420,38.0,35,27,62,35,0,2,71,1,37.2,35.5,26.8,62.3,470,980,0.92,0.71,1.63,0.92,1.63,0.98,0.71,1.68,0.93,1.64,Genoa,4,38,38,3420,38.0,49,1.29,158,110,72.8,10,13,15,11,28.9,8,6,2,0,25.0,Genoa,4,38.0,49,6,0,5,3,49.8,0.28,3.8,0.1,190,506,37.5,960,142,37.2,42.3,314,47.5,39.7,527,24,4.6,17,0.45,3.3,Genoa,37,38.0,35,383,117,30.5,10.08,3.08,0.09,0.3,17.7,16,0,2,37.2,35.5,0.09,-2.2,-0.5,Genoa,37,38.0,12025,15727,76.5,221047,81991,4811,5621,85.6,5664,6683,84.8,1243,2515,49.4,27,26.8,22.6,0.2,285,737,201,78,980,Genoa,37,38.0,15727,13887,1785,514,42,57,663,716,155,58,83,0,12025,55,330,Genoa,37,38.0,657,17.29,455,80,22,45,44,11,61,1.61,45,7,1,6,2,0,Genoa,37,38.0,672,385,281,287,104,283,566,50.0,283,422,126,296,308,980,938,15,Genoa,37,45.6,38.0,20080,2523,7477,8829,3958,644,20078,505,187,37.0,260,51.5,10006,52887,25471,470,343,112,593,289,11902,967,Genoa,37,26.2,38,3420,90,100,38.0,418,81,249,170,22,319,1.13,37,49,-12,-0.32,37.2,47.2,-10.0,-0.26,Genoa,37,38.0,71,1,0,497,448,55,663,308,385,1,8,3,1481,666,696,48.9
Hellas Verona,32,25.1,38.7,38,418,3420,38.0,31,20,51,29,2,2,98,9,33.8,32.3,24.8,57.1,449,1011,0.82,0.53,1.34,0.76,1.29,0.89,0.65,1.54,0.85,1.5,Hellas Verona,2,38,38,3420,38.0,66,1.74,172,106,62.8,10,7,21,8,21.1,4,2,1,1,33.3,Hellas Verona,2,38.0,66,2,0,6,1,53.8,0.31,-11.2,-0.29,217,761,28.5,793,93,60.9,55.4,313,88.8,59.3,544,32,5.9,26,0.68,20.3,Hellas Verona,32,38.0,31,372,95,25.5,9.79,2.5,0.08,0.31,17.7,12,2,2,33.8,32.3,0.09,-2.8,-3.3,Hellas Verona,32,38.0,9854,13457,73.2,178691,69540,4411,5150,85.7,4092,4944,82.8,1079,2569,42.0,20,24.8,20.6,-4.8,276,824,189,61,1011,Hellas Verona,32,38.0,13457,11789,1613,403,28,91,562,641,152,68,64,1,9854,55,283,Hellas Verona,32,38.0,640,16.84,459,66,31,40,31,13,48,1.26,29,5,3,6,3,2,Hellas Verona,32,38.0,672,434,326,271,75,311,592,52.5,281,393,123,270,329,1001,987,23,Hellas Verona,32,38.7,38.0,17659,2055,5973,8025,3869,532,17657,508,228,44.9,233,45.9,8757,47190,22203,449,338,100,533,254,9765,998,Hellas Verona,32,25.1,38,3420,90,100,38.0,418,80,231,180,23,368,0.97,34,66,-32,-0.84,33.8,53.4,-19.6,-0.51,Hellas Verona,32,38.0,98,9,5,579,352,55,562,329,434,1,4,1,1427,671,699,49.0
Inter,26,29.4,59.4,38,407,3419,38.0,76,57,133,68,8,9,56,1,66.9,60.1,48.3,108.5,694,1730,2.0,1.5,3.5,1.79,3.29,1.76,1.27,3.03,1.58,2.85,Inter,2,38,38,3330,38.0,32,0.86,124,92,76.6,24,9,4,16,42.1,4,3,1,0,25.0,Inter,2,38.0,32,3,0,3,1,35.8,0.26,4.8,0.13,114,277,41.2,1364,151,17.7,28.6,202,17.8,25.4,437,17,3.9,17,0.46,15.8,Inter,26,38.0,76,554,177,31.9,14.58,4.66,0.12,0.38,16.6,17,8,9,66.9,60.1,0.11,9.1,7.9,Inter,26,38.0,19412,22592,85.9,343835,107852,8329,9108,91.4,8987,9926,90.5,1751,2661,65.8,57,48.3,49.0,8.7,434,1353,410,119,1730,Inter,26,38.0,22592,20929,1573,442,86,132,728,635,221,58,125,1,19412,90,299,Inter,26,38.0,1028,27.06,781,97,31,62,42,15,133,3.5,99,10,5,10,8,1,Inter,26,38.0,505,278,215,198,92,239,452,52.9,213,356,126,230,223,728,676,11,Inter,26,59.4,38.0,26215,2510,7834,12203,6361,1048,26206,407,158,38.8,199,48.9,16253,81857,40921,694,566,155,423,242,19251,1717,Inter,26,29.4,38,3419,90,100,38.0,407,80,225,183,22,273,2.13,79,35,44,1.16,66.9,36.4,30.5,0.8,Inter,26,38.0,56,1,1,407,394,88,728,223,278,6,4,1,1440,604,419,59.0
Juventus,29,24.6,57.2,38,418,3420,38.0,56,40,96,50,6,6,67,3,51.0,46.3,35.9,82.2,810,1561,1.47,1.05,2.53,1.32,2.37,1.34,0.94,2.29,1.22,2.16,Juventus,2,38,38,3420,38.0,35,0.92,119,84,74.8,18,16,4,17,44.7,5,5,0,0,0.0,Juventus,2,38.0,35,5,0,6,0,31.8,0.23,-3.2,-0.09,139,377,36.9,939,156,31.1,29.4,237,35.9,32.2,519,32,6.2,33,0.87,14.0,Juventus,29,38.0,56,509,175,34.4,13.39,4.61,0.1,0.29,17.3,11,6,6,51.0,46.3,0.09,5.0,3.7,Juventus,29,38.0,18259,21231,86.0,316000,98768,8378,9109,92.0,8078,8869,91.1,1473,2432,60.6,40,35.9,33.2,4.1,393,1390,305,67,1561,Juventus,29,38.0,21231,19605,1574,411,48,101,630,664,190,92,68,0,18259,52,283,Juventus,29,38.0,908,23.89,690,60,55,58,31,14,94,2.47,69,5,8,7,3,2,Juventus,29,38.0,606,353,273,245,88,263,471,55.8,208,404,139,265,215,821,723,27,Juventus,29,57.2,38.0,25202,2320,7729,11766,5913,856,25196,658,309,47.0,300,45.6,15347,86896,45140,810,558,216,568,293,18089,1548,Juventus,29,24.6,38,3420,90,100,38.0,418,82,255,164,20,203,1.84,58,35,23,0.61,51.0,34.0,16.9,0.45,Juventus,29,38.0,67,3,1,480,378,52,630,215,353,3,5,0,1516,458,461,49.8
Lazio,27,27.1,55.1,38,418,3420,38.0,60,43,103,54,6,7,93,7,57.2,52.0,38.5,90.4,774,1588,1.58,1.13,2.71,1.42,2.55,1.51,1.01,2.52,1.37,2.38,Lazio,2,38,38,3420,38.0,49,1.29,119,72,62.2,18,11,9,9,23.7,4,4,0,0,0.0,Lazio,2,38.0,49,4,0,4,2,39.4,0.31,-7.6,-0.2,188,498,37.8,1196,132,35.4,33.3,252,29.8,28.4,496,49,9.9,54,1.42,14.5,Lazio,27,38.0,60,528,185,35.0,13.89,4.87,0.1,0.29,17.7,13,6,7,57.2,52.0,0.1,2.8,2.0,Lazio,27,38.0,16400,19521,84.0,296409,96569,6959,7646,91.0,7447,8298,89.7,1670,2729,61.2,43,38.5,34.7,4.5,403,1374,323,102,1588,Lazio,27,38.0,19521,17715,1760,522,72,118,864,670,229,123,57,0,16400,46,288,Lazio,27,38.0,954,25.11,712,67,49,76,32,18,103,2.71,76,4,7,10,5,1,Lazio,27,38.0,520,319,234,224,62,251,501,50.1,250,313,90,223,295,815,718,23,Lazio,27,55.1,38.0,23200,2262,6760,11033,5654,928,23193,628,296,47.1,266,42.4,13530,76731,39821,774,587,189,469,310,16281,1580,Lazio,27,27.1,38,3420,90,100,38.0,418,80,239,174,22,244,1.71,61,49,12,0.32,57.2,37.7,19.5,0.51,Lazio,27,38.0,93,7,3,425,484,46,864,295,319,4,4,2,1439,473,491,49.1
Lecce,31,26.1,43.8,38,418,3420,38.0,27,21,48,24,3,4,61,7,34.6,31.8,24.5,56.3,519,1071,0.71,0.55,1.26,0.63,1.18,0.91,0.65,1.56,0.84,1.48,Lecce,1,38,38,3420,38.0,58,1.53,181,125,72.4,8,10,20,9,23.7,10,8,1,1,11.1,Lecce,1,38.0,58,8,3,5,3,53.8,0.26,-1.2,-0.03,220,656,33.5,883,120,59.7,39.1,312,41.3,32.3,590,29,4.9,19,0.5,11.0,Lecce,31,38.0,27,450,119,26.4,11.84,3.13,0.05,0.2,19.3,22,3,4,34.6,31.8,0.07,-7.6,-7.8,Lecce,31,38.0,11490,15087,76.2,215443,81823,4757,5501,86.5,5029,5971,84.2,1465,2862,51.2,21,24.5,20.5,-3.5,322,852,222,93,1071,Lecce,31,38.0,15087,13201,1834,507,36,84,628,754,165,64,78,0,11490,52,301,Lecce,31,38.0,777,20.45,547,77,38,45,50,20,47,1.24,36,3,1,4,3,0,Lecce,31,38.0,627,372,315,250,62,301,584,51.5,283,407,144,263,285,912,1042,26,Lecce,31,43.8,38.0,19445,2594,7211,8380,4085,605,19441,547,237,43.3,248,45.3,9704,52572,25490,519,349,121,572,290,11350,1062,Lecce,31,26.1,38,3420,90,100,38.0,418,80,245,168,24,339,0.89,27,58,-31,-0.82,34.6,57.1,-22.5,-0.59,Lecce,31,38.0,61,7,1,466,427,52,628,285,372,2,10,3,1484,676,651,50.9
Milan,35,25.6,53.9,38,418,3420,38.0,59,43,102,55,4,8,70,6,63.7,57.5,46.8,104.4,915,1589,1.55,1.13,2.68,1.45,2.58,1.68,1.23,2.91,1.51,2.75,Milan,2,38,38,3420,38.0,43,1.13,142,101,70.4,18,9,11,13,34.2,2,1,1,0,50.0,Milan,2,38.0,43,1,1,3,3,39.0,0.27,-1.0,-0.03,123,319,38.6,1334,182,18.4,27.8,275,26.5,31.0,462,27,5.8,71,1.87,18.7,Milan,35,38.0,59,555,185,33.3,14.61,4.87,0.1,0.3,17.9,8,4,8,63.7,57.5,0.11,-4.7,-2.5,Milan,35,38.0,16335,19101,85.5,290496,97134,6939,7660,90.6,7732,8519,90.8,1389,2238,62.1,43,46.8,39.3,-3.8,442,1198,342,77,1589,Milan,35,38.0,19101,17400,1641,524,90,85,634,544,217,134,18,0,16335,60,248,Milan,35,38.0,1011,26.61,749,70,72,62,39,19,107,2.82,69,7,6,14,8,3,Milan,35,38.0,552,349,249,222,81,246,480,51.3,234,292,95,197,234,786,691,21,Milan,35,53.9,38.0,22849,2115,7299,10263,5518,966,22841,721,343,47.6,309,42.9,14001,80439,44096,915,648,269,513,288,16145,1572,Milan,35,25.6,38,3420,90,100,38.0,418,81,249,166,22,282,1.66,61,43,18,0.47,63.7,41.3,22.4,0.59,Milan,35,38.0,70,6,1,415,428,60,634,234,349,7,2,3,1397,434,391,52.6
Monza,36,26.8,48.5,38,418,3420,38.0,27,18,45,24,3,3,90,3,29.9,27.7,20.9,48.6,533,1096,0.71,0.47,1.18,0.63,1.11,0.79,0.55,1.34,0.73,1.28,Monza,3,38,38,3420,38.0,69,1.82,183,115,63.4,3,9,26,3,7.9,4,2,2,0,50.0,Monza,3,38.0,69,2,2,10,3,59.8,0.31,-6.2,-0.16,217,557,39.0,1069,157,42.5,33.7,333,30.9,28.3,534,26,4.9,33,0.87,13.3,Monza,36,38.0,27,333,99,29.7,8.76,2.61,0.07,0.24,18.3,17,3,3,29.9,27.7,0.09,-2.9,-3.7,Monza,36,38.0,14248,17515,81.3,257293,87427,5982,6697,89.3,6561,7422,88.4,1412,2561,55.1,18,20.9,18.2,-2.9,245,895,196,72,1096,Monza,36,38.0,17515,15688,1773,575,30,78,656,623,136,41,75,0,14248,54,296,Monza,36,38.0,588,15.47,437,56,25,34,31,5,43,1.13,32,3,1,6,0,1,Monza,36,38.0,562,315,304,202,56,272,501,54.3,229,382,157,225,305,867,874,38,Monza,36,48.5,38.0,21338,2852,8271,9181,4056,480,21335,507,220,43.4,227,44.8,12954,65264,31645,533,413,89,510,334,14106,1081,Monza,36,26.8,38,3420,90,100,38.0,418,81,243,172,20,310,0.47,28,69,-41,-1.08,29.9,54.7,-24.8,-0.65,Monza,36,38.0,90,3,2,512,529,54,656,305,315,0,4,3,1299,567,605,48.4
Napoli,27,28.6,54.6,38,418,3420,38.0,56,42,98,52,4,5,47,0,52.9,49.1,39.1,88.2,739,1546,1.47,1.11,2.58,1.37,2.47,1.39,1.03,2.42,1.29,2.32,Napoli,3,38,38,3420,38.0,27,0.71,96,69,72.9,24,10,4,19,50.0,4,1,2,1,66.7,Napoli,3,38.0,27,1,1,0,2,29.1,0.28,4.1,0.11,102,251,40.6,1103,131,17.0,31.7,260,24.6,29.6,438,25,5.7,50,1.32,13.7,Napoli,27,38.0,56,499,150,30.1,13.13,3.95,0.1,0.35,16.2,11,4,5,52.9,49.1,0.1,3.1,2.9,Napoli,27,38.0,16894,20033,84.3,299923,98597,7296,8074,90.4,7665,8530,89.9,1582,2497,63.4,42,39.1,35.4,2.9,391,1235,318,76,1546,Napoli,27,38.0,20033,18236,1742,487,48,88,681,721,209,137,43,2,16894,55,340,Napoli,27,38.0,882,23.21,672,70,39,61,28,12,100,2.63,75,4,7,6,7,1,Napoli,27,38.0,535,323,237,238,60,258,469,55.0,211,317,100,217,270,805,813,11,Napoli,27,54.6,38.0,23892,2258,7471,11310,5295,869,23887,611,244,39.9,286,46.8,13244,69492,35365,739,443,207,473,326,16735,1530,Napoli,27,28.6,38,3420,90,100,38.0,418,85,260,158,14,269,2.16,59,27,32,0.84,52.9,29.6,23.3,0.61,Napoli,27,38.0,47,0,0,415,445,55,681,270,323,4,4,2,1435,530,460,53.5
Parma,32,23.8,44.2,38,418,3420,38.0,43,31,74,37,6,7,78,6,43.1,37.6,29.3,66.9,578,1059,1.13,0.82,1.95,0.97,1.79,1.13,0.77,1.9,0.99,1.76,Parma,2,38,38,3330,38.0,58,1.57,158,102,66.5,7,15,16,7,18.4,5,5,0,0,0.0,Parma,2,38.0,58,5,3,6,2,54.2,0.32,-1.8,-0.05,207,697,29.7,1237,190,44.4,33.9,322,46.0,40.0,643,67,10.4,40,1.08,16.3,Parma,32,38.0,43,418,140,33.5,11.0,3.68,0.09,0.26,19.3,22,6,7,43.1,37.6,0.09,-0.1,-0.6,Parma,32,38.0,12509,15805,79.1,227371,84995,5238,5993,87.4,5643,6511,86.7,1289,2504,51.5,31,29.3,24.5,1.7,316,890,217,59,1059,Parma,32,38.0,15805,14017,1757,568,43,75,427,602,168,55,33,1,12509,31,247,Parma,32,38.0,749,19.71,542,61,49,37,45,15,73,1.92,47,6,7,6,5,2,Parma,32,38.0,523,293,267,201,55,242,484,50.0,242,434,153,281,279,802,977,21,Parma,32,44.2,38.0,19903,2706,7204,8455,4468,655,19896,587,249,42.4,276,47.0,11305,58058,29684,578,416,168,548,297,12339,1049,Parma,32,23.8,38,3420,90,100,38.0,418,78,234,185,26,284,0.95,44,58,-14,-0.37,43.1,56.4,-13.3,-0.35,Parma,32,38.0,78,6,3,405,458,31,427,279,293,5,5,2,1365,499,502,49.9
Roma,28,26.5,53.9,38,418,3420,38.0,55,35,90,47,8,8,66,1,53.0,46.7,35.0,81.7,691,1501,1.45,0.92,2.37,1.24,2.16,1.39,0.92,2.32,1.23,2.15,Roma,1,38,38,3420,38.0,35,0.92,151,117,79.5,20,9,9,16,42.1,4,4,0,0,0.0,Roma,1,38.0,35,4,0,4,1,42.5,0.26,8.5,0.22,124,413,30.0,1195,170,25.1,30.6,263,43.0,37.3,495,30,6.1,33,0.87,13.7,Roma,28,38.0,55,514,162,31.5,13.53,4.26,0.09,0.29,17.9,15,8,8,53.0,46.7,0.09,2.0,0.3,Roma,28,38.0,17016,20265,84.0,300183,96685,7364,8133,90.5,7726,8590,89.9,1535,2676,57.4,35,35.0,32.8,0.0,391,1302,314,81,1501,Roma,28,38.0,20265,18489,1717,525,50,93,636,687,170,74,65,2,17016,59,287,Roma,28,38.0,934,24.58,695,81,34,67,47,10,95,2.5,67,3,4,11,8,2,Roma,28,38.0,551,328,233,236,82,224,439,51.0,215,329,110,219,282,833,746,16,Roma,28,53.9,38.0,24126,2375,7151,11355,5819,861,24118,563,210,37.3,266,47.2,14077,72568,36058,691,579,162,545,283,16857,1488,Roma,28,26.5,38,3420,90,100,38.0,418,81,247,171,21,317,1.82,56,35,21,0.55,53.0,40.9,12.1,0.32,Roma,28,38.0,66,1,1,405,484,59,636,282,328,6,4,1,1437,441,476,48.1
Torino,31,26.7,47.5,38,418,3420,38.0,36,21,57,34,2,4,80,3,34.6,31.6,22.5,54.0,529,1113,0.95,0.55,1.5,0.89,1.45,0.91,0.59,1.5,0.83,1.42,Torino,2,38,38,3420,38.0,45,1.18,180,133,76.7,10,14,14,10,26.3,7,3,4,0,57.1,Torino,2,38.0,45,3,1,7,2,53.7,0.27,10.7,0.28,231,714,32.4,1342,196,41.0,37.6,313,52.4,46.2,597,37,6.2,51,1.34,13.7,Torino,31,38.0,36,383,123,32.1,10.08,3.24,0.09,0.28,18.6,12,2,4,34.6,31.6,0.08,1.4,2.4,Torino,31,38.0,13578,17008,79.8,249577,86249,5650,6464,87.4,6225,7103,87.6,1445,2696,53.6,21,22.5,25.9,-1.5,276,980,250,86,1113,Torino,31,38.0,17008,15278,1673,443,26,83,675,676,158,95,51,0,13578,57,274,Torino,31,38.0,663,17.45,500,52,24,48,29,10,58,1.53,38,6,4,5,4,1,Torino,31,38.0,468,261,217,181,70,232,437,53.1,205,338,133,205,278,746,882,21,Torino,31,47.5,38.0,20697,2400,6911,9482,4475,605,20693,452,169,37.4,236,52.2,12098,62802,31118,529,389,107,490,272,13424,1103,Torino,31,26.7,38,3420,90,100,38.0,418,80,236,179,21,253,1.16,39,45,-6,-0.16,34.6,50.4,-15.8,-0.42,Torino,31,38.0,80,3,1,483,386,57,675,278,261,2,7,2,1296,538,564,48.8
Udinese,31,26.4,47.2,38,418,3420,38.0,41,28,69,39,2,4,88,5,38.2,35.0,27.2,62.1,566,1160,1.08,0.74,1.82,1.03,1.76,1.01,0.71,1.72,0.92,1.64,Udinese,3,38,38,3420,38.0,56,1.47,164,113,70.1,12,8,18,9,23.7,8,7,0,1,0.0,Udinese,3,38.0,56,7,3,8,5,52.3,0.29,1.3,0.03,167,447,37.4,1021,108,34.3,30.2,266,36.5,31.7,528,19,3.6,36,0.95,14.1,Udinese,31,38.0,41,430,137,31.9,11.32,3.61,0.09,0.28,17.7,15,2,4,38.2,35.0,0.08,2.8,4.0,Udinese,31,38.0,12945,16279,79.5,239290,82480,5322,6027,88.3,5751,6676,86.1,1552,2764,56.2,28,27.2,24.8,0.8,313,969,242,103,1160,Udinese,31,38.0,16279,14543,1686,465,25,92,679,683,178,64,73,2,12945,50,269,Udinese,31,38.0,757,19.92,557,67,31,52,31,19,61,1.61,33,4,5,14,3,2,Udinese,31,38.0,562,346,276,217,69,279,508,54.9,229,396,139,257,302,864,909,27,Udinese,31,47.2,38.0,20351,2410,6993,9142,4451,694,20347,623,281,45.1,294,47.2,11222,61191,29910,566,424,127,558,295,12776,1140,Udinese,31,26.4,38,3420,90,100,38.0,418,80,232,181,21,278,1.16,41,56,-15,-0.39,38.2,52.6,-14.4,-0.38,Udinese,31,38.0,88,5,3,543,379,50,679,302,346,2,8,5,1426,550,493,52.7
Venezia,36,25.4,45.1,38,418,3420,38.0,31,16,47,27,4,5,75,2,35.8,32.0,22.2,54.2,507,1066,0.82,0.42,1.24,0.71,1.13,0.94,0.58,1.53,0.84,1.43,Venezia,3,38,38,3420,38.0,56,1.47,188,134,75.5,5,14,19,6,15.8,11,10,1,0,9.1,Venezia,3,38.0,56,10,0,8,3,57.0,0.26,4.0,0.1,135,520,26.0,1014,158,41.9,31.0,342,27.8,27.3,589,31,5.3,21,0.55,9.4,Venezia,36,38.0,31,381,120,31.5,10.03,3.16,0.07,0.23,18.5,25,4,5,35.8,32.0,0.09,-4.8,-5.0,Venezia,36,38.0,11573,15155,76.4,201752,77791,5144,5977,86.1,5103,6078,84.0,1002,2218,45.2,16,22.2,22.3,-6.2,282,813,215,58,1066,Venezia,36,38.0,15155,13224,1873,526,35,87,529,769,142,60,46,0,11573,58,301,Venezia,36,38.0,685,18.03,491,67,37,36,45,9,49,1.29,26,5,3,8,7,0,Venezia,36,38.0,605,361,319,202,84,286,572,50.0,286,439,145,294,279,884,921,25,Venezia,36,45.1,38.0,19451,2614,7044,8341,4288,633,19445,601,248,41.3,290,48.3,10476,56455,28256,507,383,124,621,398,11442,1057,Venezia,36,25.4,38,3420,90,100,38.0,418,81,232,187,19,317,0.76,32,56,-24,-0.63,35.8,57.5,-21.7,-0.57,Venezia,36,38.0,75,2,2,503,451,58,529,279,361,4,11,3,1450,490,626,43.9
Augsburg,29,26.8,44.3,34,374,3060,34.0,35,26,61,34,1,2,78,5,34.7,33.1,25.1,58.2,450,1162,1.03,0.76,1.79,1.0,1.76,1.02,0.74,1.76,0.97,1.71,Augsburg,2,34,34,3060,34.0,51,1.5,156,107,70.5,11,10,13,11,32.4,5,5,0,0,0.0,Augsburg,2,34.0,51,5,1,5,2,50.2,0.3,1.2,0.03,212,561,37.8,966,123,40.4,34.9,295,58.0,44.7,554,21,3.8,44,1.29,14.7,Augsburg,29,34.0,35,397,114,28.7,11.68,3.35,0.09,0.3,17.4,10,1,2,34.7,33.1,0.08,0.3,0.9,Augsburg,29,34.0,11577,14936,77.5,213228,82617,4900,5714,85.8,5187,6033,86.0,1267,2377,53.3,26,25.1,33.1,0.9,296,905,248,77,1162,Augsburg,29,34.0,14936,13228,1649,415,32,48,578,699,156,63,61,1,11577,59,362,Augsburg,29,34.0,704,20.71,505,80,34,43,37,5,63,1.85,42,7,5,5,3,1,Augsburg,29,34.0,464,300,198,202,64,233,430,54.2,197,417,121,296,341,805,971,16,Augsburg,29,44.3,34.0,19036,2215,6126,8404,4701,681,19034,555,228,41.1,280,50.5,10166,48245,23696,450,356,97,587,297,11478,1149,Augsburg,29,26.8,34,3060,90,100,34.0,374,80,213,157,23,147,1.26,35,51,-16,-0.47,34.7,48.9,-14.2,-0.42,Augsburg,29,34.0,78,5,2,351,373,59,578,341,300,2,5,2,1441,529,491,51.9
Bayern Munich,29,27.7,67.9,34,374,3060,34.0,96,66,162,87,9,10,48,1,81.7,74.0,59.7,133.7,831,2138,2.82,1.94,4.76,2.56,4.5,2.4,1.76,4.16,2.18,3.93,Bayern Munich,4,34,34,3060,34.0,32,0.94,80,48,61.3,25,7,2,16,47.1,2,1,0,1,0.0,Bayern Munich,4,34.0,32,1,0,4,0,29.3,0.37,-2.7,-0.08,130,306,42.5,1192,123,23.0,27.7,150,21.3,26.5,267,12,4.5,70,2.06,19.6,Bayern Munich,29,34.0,96,636,255,40.1,18.71,7.5,0.14,0.34,16.7,19,9,10,81.7,74.0,0.12,14.3,13.0,Bayern Munich,29,34.0,22755,25733,88.4,376161,117553,11338,12153,93.3,9489,10320,91.9,1548,2329,66.5,66,59.7,75.9,6.3,511,2131,464,67,2138,Bayern Munich,29,34.0,25733,24287,1390,366,129,125,612,588,220,127,25,1,22755,56,335,Bayern Munich,29,34.0,1168,34.35,902,64,91,63,37,11,161,4.74,108,6,19,16,9,3,Bayern Munich,29,34.0,506,300,166,233,107,250,450,55.6,200,318,52,266,232,738,518,23,Bayern Munich,29,67.9,34.0,29435,1651,6130,14825,8664,1212,29425,791,383,48.4,354,44.8,18048,90011,45625,831,683,265,495,264,22614,2125,Bayern Munich,29,27.7,34,3060,90,100,34.0,374,82,224,150,21,155,2.41,99,32,67,1.97,81.7,25.5,56.2,1.65,Bayern Munich,29,34.0,48,1,0,295,341,56,612,232,300,6,2,0,1665,418,344,54.9
Bochum,27,28.0,45.5,34,374,3060,34.0,32,23,55,31,1,3,71,2,41.8,39.3,30.0,69.4,378,1090,0.94,0.68,1.62,0.91,1.59,1.23,0.88,2.11,1.16,2.04,Bochum,2,34,34,3060,34.0,68,2.0,153,83,57.5,5,8,21,5,14.7,6,3,2,1,40.0,Bochum,2,34.0,68,3,3,7,0,60.8,0.37,-7.2,-0.21,347,816,42.5,1061,94,55.0,37.6,299,77.6,52.1,467,18,3.9,51,1.5,15.8,Bochum,27,34.0,32,433,133,30.7,12.74,3.91,0.07,0.23,17.7,11,1,3,41.8,39.3,0.09,-9.8,-8.3,Bochum,27,34.0,10281,14230,72.2,202499,85811,3889,4696,82.8,4761,5852,81.4,1433,2841,50.4,23,30.0,35.5,-7.0,308,865,235,76,1090,Bochum,27,34.0,14230,12544,1623,348,40,38,679,711,165,106,53,0,10281,63,368,Bochum,27,34.0,739,21.74,535,83,24,50,33,14,53,1.56,30,5,5,8,3,2,Bochum,27,34.0,600,360,318,207,75,306,572,53.5,266,475,142,333,294,894,906,23,Bochum,27,45.5,34.0,18311,2240,6257,8021,4198,683,18308,421,167,39.7,239,56.8,9051,42773,19107,378,292,89,524,235,10164,1077,Bochum,27,28.0,34,3060,90,100,34.0,374,81,218,154,20,152,0.74,33,67,-34,-1.0,41.8,63.2,-21.3,-0.63,Bochum,27,34.0,71,2,1,465,293,63,679,294,360,3,6,0,1447,744,665,52.8
Dortmund,28,26.6,58.9,34,374,3060,34.0,69,56,125,64,5,6,71,6,61.2,56.5,47.4,103.9,701,1563,2.03,1.65,3.68,1.88,3.53,1.8,1.39,3.19,1.66,3.06,Dortmund,2,34,34,3060,34.0,51,1.5,140,89,66.4,17,6,11,7,20.6,4,4,0,0,0.0,Dortmund,2,34.0,51,4,0,5,1,51.4,0.35,1.4,0.04,120,369,32.5,1101,129,26.4,34.8,220,35.5,30.6,444,23,5.2,49,1.44,14.8,Dortmund,28,34.0,69,478,157,32.8,14.06,4.62,0.13,0.41,16.1,9,5,6,61.2,56.5,0.12,7.8,7.5,Dortmund,28,34.0,17077,20321,84.0,295202,98274,7783,8536,91.2,7542,8376,90.0,1403,2463,57.0,56,47.4,50.4,8.6,372,1348,324,86,1563,Dortmund,28,34.0,20321,18695,1583,431,67,93,698,659,191,105,51,3,17077,43,320,Dortmund,28,34.0,857,25.21,628,58,72,58,26,15,123,3.62,88,4,13,8,5,5,Dortmund,28,34.0,523,319,232,196,95,261,492,53.0,231,375,100,275,249,772,726,18,Dortmund,28,58.9,34.0,24214,2170,6972,11525,5921,916,24208,747,341,45.6,334,44.7,14567,72244,36951,701,522,219,502,307,16922,1555,Dortmund,28,26.6,34,3060,90,100,34.0,374,81,216,154,20,147,1.68,71,51,20,0.59,61.2,42.8,18.4,0.54,Dortmund,28,34.0,71,6,3,330,343,43,698,249,319,5,4,1,1480,474,418,53.1
Eint Frankfurt,26,24.9,49.7,34,374,3060,34.0,68,47,115,65,3,5,55,1,65.1,61.4,45.2,106.6,585,1347,2.0,1.38,3.38,1.91,3.29,1.91,1.33,3.24,1.81,3.13,Eint Frankfurt,2,34,34,3060,34.0,46,1.35,163,117,72.4,17,9,8,9,26.5,3,1,2,0,66.7,Eint Frankfurt,2,34.0,46,1,0,10,2,49.2,0.3,5.2,0.15,129,428,30.1,966,157,36.2,29.9,269,29.0,28.1,531,40,7.5,46,1.35,13.6,Eint Frankfurt,26,34.0,68,480,172,35.8,14.12,5.06,0.14,0.38,16.4,13,3,5,65.1,61.4,0.13,2.9,3.6,Eint Frankfurt,26,34.0,13925,17138,81.3,233650,85985,6627,7329,90.4,5810,6682,87.0,1094,2198,49.8,47,45.2,43.6,1.8,354,1033,308,55,1347,Eint Frankfurt,26,34.0,17138,15585,1496,398,48,64,539,582,168,103,46,0,13925,57,305,Eint Frankfurt,26,34.0,849,24.97,594,65,57,77,36,20,115,3.38,67,8,17,13,5,5,Eint Frankfurt,26,34.0,566,341,267,219,80,280,508,55.1,228,425,128,297,287,853,994,26,Eint Frankfurt,26,49.7,34.0,21315,2574,7332,9549,4619,871,21310,609,293,48.1,272,44.7,12239,59330,29809,585,428,188,561,262,13804,1337,Eint Frankfurt,26,24.9,34,3060,90,100,34.0,374,81,211,162,20,144,1.76,68,46,22,0.65,65.1,48.0,17.1,0.5,Eint Frankfurt,26,34.0,55,1,1,341,304,57,539,287,341,2,3,2,1486,467,437,51.7
Freiburg,26,27.1,48.7,34,374,3060,34.0,46,35,81,46,0,4,54,2,44.3,41.1,30.5,71.7,442,1129,1.35,1.03,2.38,1.35,2.38,1.3,0.9,2.2,1.21,2.11,Freiburg,2,34,34,3060,34.0,53,1.56,150,96,66.0,16,7,11,11,32.4,4,2,2,0,50.0,Freiburg,2,34.0,53,2,1,6,1,48.5,0.31,-3.5,-0.1,213,580,36.7,1213,138,36.9,37.1,249,53.0,42.4,481,40,8.3,37,1.09,13.4,Freiburg,26,34.0,46,405,132,32.6,11.91,3.88,0.11,0.35,16.9,16,0,4,44.3,41.1,0.11,1.7,4.9,Freiburg,26,34.0,12892,16460,78.3,230139,83746,5552,6386,86.9,5789,6731,86.0,1209,2417,50.0,35,30.5,36.3,4.5,285,981,253,74,1129,Freiburg,26,34.0,16460,14973,1426,362,34,56,589,597,132,79,39,0,12892,61,317,Freiburg,26,34.0,714,21.0,501,63,38,57,44,11,84,2.47,60,7,3,9,4,1,Freiburg,26,34.0,511,317,225,222,64,235,457,51.4,222,400,112,288,276,787,811,21,Freiburg,26,48.7,34.0,20178,2220,6656,9166,4504,722,20174,486,215,44.2,237,48.8,10294,54032,26564,442,319,119,456,259,12683,1120,Freiburg,26,27.1,34,3060,90,100,34.0,374,82,216,157,18,149,1.62,49,53,-4,-0.12,44.3,42.4,1.8,0.05,Freiburg,26,34.0,54,2,1,316,325,61,589,276,317,3,4,1,1368,596,608,49.5
Gladbach,26,26.5,49.6,34,374,3060,34.0,53,39,92,49,4,5,53,3,50.6,46.6,37.7,84.3,530,1112,1.56,1.15,2.71,1.44,2.59,1.49,1.11,2.6,1.37,2.48,Gladbach,4,34,34,3056,34.0,57,1.68,191,135,73.8,13,6,15,7,20.6,8,7,1,0,12.5,Gladbach,4,34.0,57,7,1,8,2,59.6,0.29,4.6,0.13,195,473,41.2,1217,158,31.1,32.7,300,31.7,28.8,594,35,5.9,28,0.82,15.1,Gladbach,26,34.0,53,413,153,37.0,12.15,4.5,0.12,0.32,16.4,5,4,5,50.6,46.6,0.11,2.4,2.4,Gladbach,26,34.0,14148,17507,80.8,245327,87390,6502,7257,89.6,6076,7009,86.7,1261,2322,54.3,39,37.7,34.9,1.3,308,848,278,93,1112,Gladbach,26,34.0,17507,15877,1565,385,80,69,617,632,158,67,71,0,14148,65,362,Gladbach,26,34.0,736,21.65,542,73,27,50,29,15,93,2.74,73,7,3,5,4,1,Gladbach,26,34.0,504,284,278,177,49,240,473,50.7,233,445,166,279,317,821,1067,23,Gladbach,26,49.6,34.0,21519,2921,8283,9361,4035,702,21514,469,206,43.9,231,49.3,11672,58507,29577,530,360,131,420,269,14002,1104,Gladbach,26,26.5,34,3060,90,100,34.0,374,83,207,165,16,141,1.32,55,57,-2,-0.06,50.6,63.4,-12.7,-0.37,Gladbach,26,34.0,53,3,2,339,326,65,617,317,284,5,8,2,1308,530,473,52.8
Heidenheim,27,26.8,43.5,34,374,3060,34.0,37,26,63,32,5,5,66,1,40.3,36.3,28.6,64.9,516,974,1.09,0.76,1.85,0.94,1.71,1.18,0.84,2.02,1.07,1.91,Heidenheim,2,34,34,3060,34.0,64,1.88,171,107,66.1,8,5,21,9,26.5,6,6,0,0,0.0,Heidenheim,2,34.0,64,6,0,7,0,59.7,0.33,-4.3,-0.13,162,462,35.1,1066,160,32.6,33.8,301,38.2,37.5,478,22,4.6,21,0.62,12.0,Heidenheim,27,34.0,37,398,124,31.2,11.71,3.65,0.08,0.26,17.3,12,5,5,40.3,36.3,0.09,-3.3,-4.3,Heidenheim,27,34.0,11127,14684,75.8,215269,83343,4145,4986,83.1,5303,6225,85.2,1428,2682,53.2,26,28.6,31.4,-2.6,294,806,231,84,974,Heidenheim,27,34.0,14684,12981,1653,413,20,77,581,703,140,69,47,0,11127,50,330,Heidenheim,27,34.0,713,20.97,489,77,43,47,49,8,60,1.76,32,8,4,9,6,1,Heidenheim,27,34.0,614,356,322,235,57,294,558,52.7,264,435,109,326,312,926,952,15,Heidenheim,27,43.5,34.0,18836,2427,7356,7915,3789,619,18831,532,232,43.6,250,47.0,10014,52086,26117,516,347,94,537,240,11035,959,Heidenheim,27,26.8,34,3060,90,100,34.0,374,80,213,162,23,144,0.85,37,64,-27,-0.79,40.3,57.6,-17.4,-0.51,Heidenheim,27,34.0,66,1,0,385,390,50,581,312,356,3,6,0,1420,553,646,46.1
Hoffenheim,35,26.5,48.7,34,374,3060,34.0,46,30,76,43,3,3,66,2,42.6,40.3,32.7,73.0,481,1218,1.35,0.88,2.24,1.26,2.15,1.25,0.96,2.22,1.19,2.15,Hoffenheim,2,34,34,3060,34.0,68,2.0,173,105,62.4,7,11,16,4,11.8,6,3,3,0,50.0,Hoffenheim,2,34.0,68,3,1,9,3,64.4,0.36,-0.6,-0.02,208,575,36.2,1022,143,45.4,38.7,230,48.3,38.7,491,21,4.3,35,1.03,12.8,Hoffenheim,35,34.0,46,440,148,33.6,12.94,4.35,0.1,0.29,17.7,11,3,3,42.6,40.3,0.09,3.4,2.7,Hoffenheim,35,34.0,12827,16506,77.7,225491,85704,5746,6593,87.2,5461,6522,83.7,1221,2444,50.0,30,32.7,38.9,-2.7,324,1041,298,108,1218,Hoffenheim,35,34.0,16506,14841,1595,405,38,65,732,702,157,57,62,3,12827,70,337,Hoffenheim,35,34.0,790,23.24,585,74,39,50,35,7,81,2.38,55,8,6,7,4,1,Hoffenheim,35,34.0,570,336,266,236,68,269,511,52.6,242,450,139,311,291,861,922,22,Hoffenheim,35,48.7,34.0,20591,2338,6644,9219,4904,762,20588,505,234,46.3,238,47.1,10884,51798,25062,481,391,124,451,293,12717,1208,Hoffenheim,35,26.5,34,3060,90,100,34.0,374,81,221,151,22,153,0.94,46,68,-22,-0.65,42.6,55.8,-13.1,-0.39,Hoffenheim,35,34.0,66,2,0,391,366,70,732,291,336,2,6,3,1466,577,588,49.5
Holstein Kiel,27,25.6,43.6,34,374,3060,34.0,49,29,78,45,4,5,77,4,39.8,35.9,26.7,62.6,359,875,1.44,0.85,2.29,1.32,2.18,1.17,0.79,1.96,1.06,1.84,Holstein Kiel,2,34,34,3060,34.0,80,2.35,195,117,62.1,6,7,21,2,5.9,7,6,1,0,14.3,Holstein Kiel,2,34.0,80,6,3,6,3,65.8,0.31,-11.2,-0.33,214,577,37.1,1073,171,36.7,30.3,309,59.2,45.3,668,42,6.3,23,0.68,9.3,Holstein Kiel,27,34.0,49,368,133,36.1,10.82,3.91,0.12,0.34,17.8,12,4,5,39.8,35.9,0.1,9.2,9.1,Holstein Kiel,27,34.0,10537,13961,75.5,201828,79435,4072,4768,85.4,5038,5991,84.1,1261,2558,49.3,29,26.7,27.8,2.3,266,676,181,69,875,Holstein Kiel,27,34.0,13961,12298,1619,409,30,58,482,667,120,58,46,1,10537,44,293,Holstein Kiel,27,34.0,652,19.18,459,74,21,49,40,9,81,2.38,49,8,5,10,6,3,Holstein Kiel,27,34.0,541,328,292,174,75,277,530,52.3,253,409,155,254,294,835,1126,22,Holstein Kiel,27,43.6,34.0,18172,2860,7924,7386,3022,572,18167,424,184,43.4,200,47.2,8483,41193,19640,359,261,81,504,242,10453,860,Holstein Kiel,27,25.6,34,3060,90,100,34.0,374,79,210,162,24,143,0.74,49,80,-31,-0.91,39.8,61.0,-21.1,-0.62,Holstein Kiel,27,34.0,77,4,2,407,350,44,482,294,328,4,7,3,1267,546,607,47.4
Leverkusen,23,27.0,59.2,34,374,3060,34.0,70,53,123,67,3,6,62,1,56.9,52.0,41.9,93.9,696,1692,2.06,1.56,3.62,1.97,3.53,1.67,1.23,2.91,1.53,2.76,Leverkusen,2,34,34,3060,34.0,43,1.26,134,95,70.9,19,12,3,9,26.5,4,4,0,0,0.0,Leverkusen,2,34.0,43,4,1,2,4,39.4,0.27,0.4,0.01,135,338,39.9,833,126,31.9,31.5,222,32.4,29.6,348,14,4.0,45,1.32,17.3,Leverkusen,23,34.0,70,499,181,36.3,14.68,5.32,0.13,0.37,16.8,12,3,6,56.9,52.0,0.11,13.1,15.0,Leverkusen,23,34.0,18301,21589,84.8,299589,100139,9397,10227,91.9,7044,7969,88.4,1397,2377,58.8,53,41.9,52.1,11.1,387,1610,319,83,1692,Leverkusen,23,34.0,21589,19979,1546,409,67,114,735,622,216,115,47,0,18301,64,320,Leverkusen,23,34.0,910,26.76,673,72,55,67,32,11,124,3.65,90,8,8,13,4,1,Leverkusen,23,34.0,395,259,153,163,79,184,357,51.5,173,302,77,225,234,629,676,26,Leverkusen,23,59.2,34.0,25098,1888,5876,12171,7188,918,25092,584,254,43.5,293,50.2,13865,67255,35710,696,496,181,458,253,18137,1678,Leverkusen,23,27.0,34,3060,90,100,34.0,374,83,239,136,19,165,2.03,72,43,29,0.85,56.9,36.2,20.6,0.61,Leverkusen,23,34.0,62,1,1,325,352,64,735,234,259,5,4,4,1463,463,419,52.5
Mainz 05,25,27.4,50.4,34,374,3060,34.0,53,37,90,49,4,4,71,5,50.1,47.0,37.5,84.6,466,1286,1.56,1.09,2.65,1.44,2.53,1.47,1.1,2.58,1.38,2.49,Mainz 05,2,34,34,3060,34.0,43,1.26,150,106,74.0,14,10,10,9,26.5,5,4,1,0,20.0,Mainz 05,2,34.0,43,4,2,9,0,47.1,0.29,4.1,0.12,188,610,30.8,991,139,49.2,38.7,249,49.0,41.7,547,47,8.6,66,1.94,14.0,Mainz 05,25,34.0,53,417,142,34.1,12.26,4.18,0.12,0.35,16.3,11,4,4,50.1,47.0,0.12,2.9,2.0,Mainz 05,25,34.0,12478,16434,75.9,222290,85770,5681,6560,86.6,5218,6226,83.8,1280,2671,47.9,37,37.5,45.0,-0.5,319,1038,309,93,1286,Mainz 05,25,34.0,16434,14771,1585,378,43,73,658,716,165,58,74,6,12478,78,379,Mainz 05,25,34.0,736,21.65,557,67,30,42,30,10,93,2.74,75,2,0,9,6,1,Mainz 05,25,34.0,564,325,234,247,83,236,448,52.7,212,419,128,291,352,916,947,22,Mainz 05,25,50.4,34.0,20675,2193,6705,9124,5015,782,20671,496,214,43.1,252,50.8,10562,48693,22087,466,334,119,593,295,12386,1272,Mainz 05,25,27.4,34,3060,90,100,34.0,374,82,229,145,18,160,1.53,55,43,12,0.35,50.1,48.1,2.0,0.06,Mainz 05,25,34.0,71,5,3,408,329,78,658,352,325,3,5,0,1545,618,697,47.0
RB Leipzig,29,25.3,52.2,34,374,3060,34.0,51,36,87,48,3,4,68,5,46.6,43.4,35.6,79.0,516,1353,1.5,1.06,2.56,1.41,2.47,1.37,1.05,2.42,1.28,2.32,RB Leipzig,2,34,34,3060,34.0,48,1.41,158,109,70.9,13,12,9,14,41.2,3,2,1,0,33.3,RB Leipzig,2,34.0,48,2,1,8,0,50.0,0.31,2.0,0.06,98,261,37.5,824,167,21.2,28.6,251,34.3,34.1,512,30,5.9,45,1.32,14.8,RB Leipzig,29,34.0,51,405,144,35.6,11.91,4.24,0.12,0.33,16.7,11,3,4,46.6,43.4,0.11,4.4,4.6,RB Leipzig,29,34.0,14698,18207,80.7,247957,90938,6822,7749,88.0,6428,7472,86.0,1090,2013,54.1,36,35.6,40.0,0.4,313,1138,306,52,1353,RB Leipzig,29,34.0,18207,16606,1518,394,80,50,563,630,161,61,66,1,14698,83,358,RB Leipzig,29,34.0,721,21.21,542,59,39,36,34,11,85,2.5,60,4,4,11,5,1,RB Leipzig,29,34.0,543,333,248,222,73,258,525,49.1,267,500,156,344,268,811,990,29,RB Leipzig,29,52.2,34.0,22396,2257,6793,10962,4856,757,22392,580,261,45.0,260,44.8,11429,54894,27778,516,392,136,510,312,14621,1346,RB Leipzig,29,25.3,34,3060,90,100,34.0,374,81,212,158,20,142,1.5,53,48,5,0.15,46.6,53.3,-6.8,-0.2,RB Leipzig,29,34.0,68,5,2,376,333,83,563,268,333,4,3,0,1533,480,439,52.2
St. Pauli,28,26.9,44.2,34,374,3060,34.0,26,22,48,25,1,2,53,4,35.3,33.7,26.3,60.0,418,1073,0.76,0.65,1.41,0.74,1.38,1.04,0.77,1.81,0.99,1.76,St. Pauli,2,34,34,3060,34.0,41,1.21,140,96,71.4,8,8,18,9,26.5,5,1,4,0,80.0,St. Pauli,2,34.0,41,1,0,5,1,49.8,0.33,9.8,0.29,171,521,32.8,1212,112,37.5,44.7,241,27.4,26.5,426,24,5.6,27,0.79,,St. Pauli,28,34.0,26,377,109,28.9,11.09,3.21,0.07,0.23,17.4,14,1,2,35.3,33.7,0.09,-9.3,-8.7,St. Pauli,28,34.0,11751,15300,76.8,208523,79611,5086,5835,87.2,5248,6213,84.5,1110,2391,46.4,22,26.3,28.7,-4.3,278,892,201,72,1073,St. Pauli,28,34.0,15300,13659,1575,421,31,60,600,692,148,66,55,2,11751,66,303,St. Pauli,28,34.0,662,19.47,448,72,36,49,43,14,45,1.32,29,2,7,5,1,1,St. Pauli,28,34.0,537,315,256,217,64,266,511,52.1,245,391,87,304,257,794,915,21,St. Pauli,28,44.2,34.0,19141,2257,6816,8232,4244,648,19139,429,179,41.7,201,46.9,9105,45927,22922,418,326,122,476,262,11611,1057,St. Pauli,28,26.9,34,3060,90,100,34.0,374,84,229,143,16,163,0.94,28,41,-13,-0.38,35.3,45.4,-10.1,-0.3,St. Pauli,28,34.0,53,4,3,353,352,66,600,257,315,2,5,1,1350,533,656,44.8
Stuttgart,29,24.9,57.2,34,374,3060,34.0,61,45,106,59,2,6,72,5,62.3,57.7,45.3,103.0,545,1493,1.79,1.32,3.12,1.74,3.06,1.83,1.33,3.17,1.7,3.03,Stuttgart,1,34,34,3060,34.0,53,1.56,136,83,62.5,14,8,12,7,20.6,3,2,1,0,33.3,Stuttgart,1,34.0,53,2,1,7,1,44.8,0.32,-7.2,-0.21,157,410,38.3,1093,137,32.6,30.7,212,25.5,26.2,415,21,5.1,57,1.68,17.6,Stuttgart,29,34.0,61,465,172,37.0,13.68,5.06,0.13,0.34,15.7,9,2,6,62.3,57.7,0.13,-1.3,1.3,Stuttgart,29,34.0,16513,19767,83.5,272424,97064,8302,9120,91.0,6590,7479,88.1,1230,2270,54.2,45,45.3,52.7,-0.3,370,1291,372,90,1493,Stuttgart,29,34.0,19767,18113,1592,488,63,72,637,623,180,72,47,3,16513,62,289,Stuttgart,29,34.0,841,24.74,648,52,40,68,24,9,104,3.06,72,5,9,12,4,2,Stuttgart,29,34.0,477,282,197,199,81,254,476,53.4,222,401,104,297,298,775,777,20,Stuttgart,29,57.2,34.0,23545,2241,6719,11421,5572,945,23539,566,264,46.6,272,48.1,13416,68876,32190,545,434,170,499,312,16334,1478,Stuttgart,29,24.9,34,3060,90,100,34.0,374,81,210,161,19,142,1.47,64,53,11,0.32,62.3,46.9,15.4,0.45,Stuttgart,29,34.0,72,5,3,358,411,62,637,298,282,4,3,1,1378,468,448,51.1
Union Berlin,28,27.2,40.0,34,374,3060,34.0,36,25,61,33,3,3,72,1,37.0,34.7,23.5,58.2,390,1049,1.06,0.74,1.79,0.97,1.71,1.09,0.69,1.78,1.02,1.71,Union Berlin,2,34,34,3060,34.0,50,1.47,139,86,65.5,10,11,13,8,23.5,6,2,4,0,66.7,Union Berlin,2,34.0,50,2,1,1,1,49.0,0.32,0.0,0.0,171,468,36.5,842,161,36.7,31.0,259,61.4,45.6,568,40,7.0,39,1.15,14.2,Union Berlin,28,34.0,36,414,120,29.0,12.18,3.53,0.08,0.28,16.6,7,3,3,37.0,34.7,0.08,-1.0,-1.7,Union Berlin,28,34.0,9960,13705,72.7,178823,74942,4467,5296,84.3,3994,4998,79.9,1156,2400,48.2,25,23.5,31.6,1.5,292,792,239,75,1049,Union Berlin,28,34.0,13705,12135,1503,353,16,53,608,655,152,66,71,4,9960,67,335,Union Berlin,28,34.0,709,20.85,485,96,28,51,41,8,62,1.82,37,8,4,7,5,1,Union Berlin,28,34.0,537,318,266,223,48,270,507,53.3,237,409,110,299,312,849,1046,13,Union Berlin,28,40.0,34.0,17834,2167,6285,7721,3997,688,17831,420,172,41.0,214,51.0,8875,42427,20269,390,252,107,472,286,9874,1032,Union Berlin,28,27.2,34,3060,90,100,34.0,374,80,207,168,22,137,1.18,35,51,-16,-0.47,37.0,47.8,-10.7,-0.32,Union Berlin,28,34.0,72,1,0,419,313,67,608,312,318,3,6,1,1368,656,676,49.2
Werder Bremen,23,27.5,50.0,34,374,3060,34.0,53,38,91,50,3,5,75,4,49.1,45.7,37.4,83.1,495,1351,1.56,1.12,2.68,1.47,2.59,1.45,1.1,2.54,1.34,2.44,Werder Bremen,1,34,34,3060,34.0,57,1.68,156,102,65.4,14,9,11,10,29.4,3,3,0,0,0.0,Werder Bremen,1,34.0,57,3,2,4,3,52.9,0.33,-1.1,-0.03,134,370,36.2,1072,188,31.1,31.9,239,15.5,21.6,464,35,7.5,34,1.0,13.5,Werder Bremen,23,34.0,53,424,138,32.5,12.47,4.06,0.12,0.36,16.0,12,3,5,49.1,45.7,0.11,3.9,4.3,Werder Bremen,23,34.0,13999,17550,79.8,250040,91419,5827,6663,87.5,6247,7263,86.0,1455,2530,57.5,38,37.4,44.0,0.6,327,954,335,91,1351,Werder Bremen,23,34.0,17550,15860,1618,468,57,87,667,660,161,63,77,1,13999,72,355,Werder Bremen,23,34.0,772,22.71,584,64,26,49,39,10,94,2.76,75,4,1,6,6,2,Werder Bremen,23,34.0,551,321,245,240,66,276,521,53.0,245,454,144,310,315,866,851,27,Werder Bremen,23,50.0,34.0,21493,2477,7701,9226,4721,818,21488,477,195,40.9,240,50.3,12439,58079,27735,495,347,126,493,256,13899,1343,Werder Bremen,23,27.5,34,3060,90,100,34.0,374,83,215,156,17,145,1.5,54,57,-3,-0.09,49.1,48.1,1.0,0.03,Werder Bremen,23,34.0,75,4,3,335,402,72,667,315,321,4,3,3,1453,473,470,50.2
Wolfsburg,27,25.2,46.1,34,374,3060,34.0,53,38,91,49,4,5,75,3,47.5,43.4,33.0,76.4,489,1205,1.56,1.12,2.68,1.44,2.56,1.4,0.97,2.37,1.28,2.25,Wolfsburg,2,34,34,3060,34.0,54,1.59,160,106,67.5,11,10,13,6,17.6,3,2,1,0,33.3,Wolfsburg,2,34.0,54,2,0,11,1,57.3,0.35,4.3,0.13,223,608,36.7,1066,143,44.2,36.6,285,48.1,38.9,512,24,4.7,22,0.65,11.7,Wolfsburg,27,34.0,53,432,137,31.7,12.71,4.03,0.11,0.36,17.3,13,4,5,47.5,43.4,0.1,5.5,5.6,Wolfsburg,27,34.0,11590,15088,76.8,219100,82094,4735,5598,84.6,5178,6041,85.7,1421,2665,53.3,38,33.0,36.5,5.0,316,999,247,53,1205,Wolfsburg,27,34.0,15088,13434,1605,424,46,120,574,644,165,99,63,1,11590,49,336,Wolfsburg,27,34.0,754,22.18,528,80,35,54,45,12,95,2.79,57,11,5,11,9,2,Wolfsburg,27,34.0,491,301,257,175,59,246,540,45.6,294,435,133,302,312,803,977,19,Wolfsburg,27,46.1,34.0,19121,2295,6603,8190,4491,725,19116,514,209,40.7,268,52.1,10180,49144,23417,489,338,131,504,215,11456,1196,Wolfsburg,27,25.2,34,3060,90,100,34.0,374,82,220,155,19,150,1.26,56,54,2,0.06,47.5,52.5,-5.1,-0.15,Wolfsburg,27,34.0,75,3,0,350,366,49,574,312,301,4,3,1,1344,519,562,48.0
Alavés,29,26.6,45.3,38,418,3420,38.0,38,20,58,29,9,11,107,5,42.8,34.1,25.4,59.5,449,1160,1.0,0.53,1.53,0.76,1.29,1.13,0.67,1.79,0.9,1.57,Alavés,3,38,38,3419,38.0,48,1.26,132,86,72.0,10,12,16,9,23.7,11,11,0,0,0.0,Alavés,3,38.0,48,11,2,4,2,46.0,0.29,0.0,0.0,361,877,41.2,869,82,71.5,47.7,307,83.4,58.6,552,36,6.5,31,0.82,12.7,Alavés,29,38.0,38,393,123,31.3,10.34,3.24,0.07,0.24,17.8,10,9,11,42.8,34.1,0.09,-4.8,-5.1,Alavés,29,38.0,10534,14746,71.4,199550,84871,4546,5494,82.7,4441,5542,80.1,1312,2838,46.2,20,25.4,25.9,-5.4,284,963,229,99,1160,Alavés,29,38.0,14746,12723,1946,537,45,99,798,834,182,61,90,6,10534,77,368,Alavés,29,38.0,690,18.16,465,95,26,41,48,15,61,1.61,39,3,3,7,9,0,Alavés,29,38.0,737,459,346,307,84,348,726,47.9,378,382,96,286,309,1046,918,10,Alavés,29,45.3,38.0,19070,1876,5802,8634,4809,691,19059,478,185,38.7,245,51.3,9128,45578,22946,449,346,90,598,307,10419,1148,Alavés,29,26.6,38,3420,90,100,38.0,418,82,254,161,21,275,1.11,38,48,-10,-0.26,42.8,47.0,-4.2,-0.11,Alavés,29,38.0,107,5,2,623,476,77,798,309,459,8,11,2,1499,639,694,47.9
Athletic Club,31,26.9,48.4,38,418,3420,38.0,53,40,93,50,3,6,64,3,53.0,48.2,36.7,84.9,682,1579,1.39,1.05,2.45,1.32,2.37,1.39,0.97,2.36,1.27,2.23,Athletic Club,3,38,38,3417,38.0,29,0.76,113,83,77.0,19,13,6,15,39.5,5,3,2,0,40.0,Athletic Club,3,38.0,29,3,2,4,1,31.5,0.25,3.5,0.09,190,540,35.2,948,157,39.9,34.4,229,70.7,52.7,449,41,9.1,48,1.26,15.5,Athletic Club,31,38.0,53,462,148,32.0,12.16,3.89,0.11,0.34,17.4,8,3,6,53.0,48.2,0.11,0.0,1.8,Athletic Club,31,38.0,13665,17375,78.6,253362,90647,5552,6396,86.8,6520,7522,86.7,1395,2733,51.0,40,36.7,33.1,3.3,351,1283,274,90,1579,Athletic Club,31,38.0,17375,15511,1796,472,48,116,772,836,193,73,81,1,13665,68,300,Athletic Club,31,38.0,832,21.89,630,65,52,38,27,20,92,2.42,63,8,7,8,6,0,Athletic Club,31,38.0,577,345,240,252,85,296,579,51.1,283,353,72,281,344,921,911,25,Athletic Club,31,48.4,38.0,21761,1884,6255,10334,5382,760,21755,791,328,41.5,388,49.1,11368,61421,32773,682,444,188,597,401,13522,1561,Athletic Club,31,26.9,38,3420,90,100,38.0,418,80,226,189,23,253,1.84,54,29,25,0.66,53.0,37.8,15.2,0.4,Athletic Club,31,38.0,64,3,1,483,386,68,772,344,345,5,5,1,1735,496,514,49.1
Atlético Madrid,24,28.4,52.6,38,418,3420,38.0,68,51,119,62,6,7,75,3,64.6,59.3,47.9,107.2,760,1559,1.79,1.34,3.13,1.63,2.97,1.7,1.26,2.96,1.56,2.82,Atlético Madrid,2,38,38,3420,38.0,30,0.79,116,88,78.4,22,10,6,17,44.7,5,5,0,0,0.0,Atlético Madrid,2,38.0,30,5,1,3,2,25.7,0.19,-2.3,-0.06,110,286,38.5,683,194,24.3,30.2,323,37.2,34.9,511,30,5.9,28,0.74,14.0,Atlético Madrid,24,38.0,68,463,174,37.6,12.18,4.58,0.13,0.36,17.0,13,6,7,64.6,59.3,0.13,3.4,2.7,Atlético Madrid,24,38.0,17826,21418,83.2,295213,100382,8814,9752,90.4,6993,7984,87.6,1486,2519,59.0,51,47.9,45.3,3.1,348,1233,365,96,1559,Atlético Madrid,24,38.0,21418,19514,1832,463,76,112,675,789,190,67,65,0,17826,72,388,Atlético Madrid,24,38.0,826,21.74,657,49,39,42,24,15,123,3.24,100,1,7,7,5,3,Atlético Madrid,24,38.0,619,375,305,238,76,319,627,50.9,308,358,97,261,260,879,818,25,Atlético Madrid,24,52.6,38.0,25387,2335,8013,11493,6074,860,25380,639,276,43.2,305,47.7,15829,77524,41305,760,579,167,541,275,17707,1553,Atlético Madrid,24,28.4,38,3420,90,100,38.0,418,78,228,188,27,242,2.0,68,30,38,1.0,64.6,33.4,31.2,0.82,Atlético Madrid,24,38.0,75,3,0,412,427,72,675,260,375,4,5,2,1563,445,420,51.4
Barcelona,28,24.7,68.3,38,418,3420,38.0,99,72,171,92,7,8,63,3,91.5,85.2,67.5,152.7,860,2212,2.61,1.89,4.5,2.42,4.32,2.41,1.78,4.18,2.24,4.02,Barcelona,3,38,38,3420,38.0,39,1.03,108,69,67.6,28,4,6,13,34.2,4,4,0,0,0.0,Barcelona,3,38.0,39,4,0,3,0,35.1,0.3,-3.9,-0.1,62,172,36.0,1139,181,11.9,25.1,194,19.1,27.7,356,15,4.2,158,4.16,20.2,Barcelona,28,38.0,99,670,240,35.8,17.63,6.32,0.14,0.38,17.1,27,7,8,91.5,85.2,0.13,7.5,6.8,Barcelona,28,38.0,22321,25721,86.8,371914,116385,10452,11341,92.2,9674,10643,90.9,1577,2424,65.1,72,67.5,64.7,4.5,500,2020,479,77,2212,Barcelona,28,38.0,25721,23787,1869,621,130,133,709,712,265,104,47,1,22321,65,371,Barcelona,28,38.0,1205,31.71,928,60,79,71,53,14,172,4.53,127,5,17,10,12,1,Barcelona,28,38.0,538,332,186,245,107,271,520,52.1,249,329,60,269,227,765,601,14,Barcelona,28,68.3,38.0,29805,1857,6516,14966,8535,1208,29797,909,455,50.1,375,41.3,18077,92092,49435,860,667,238,579,316,22187,2201,Barcelona,28,24.7,38,3420,90,100,38.0,418,80,237,180,22,254,2.32,102,39,63,1.66,91.5,41.9,49.5,1.3,Barcelona,28,38.0,63,3,1,368,465,65,709,227,332,8,4,0,1673,380,339,52.9
Betis,36,27.5,52.4,38,418,3420,38.0,55,37,92,48,7,10,75,4,54.7,46.9,37.5,84.5,679,1486,1.45,0.97,2.42,1.26,2.24,1.44,0.99,2.43,1.23,2.22,Betis,3,38,38,3420,38.0,50,1.32,141,92,67.4,16,12,10,7,18.4,4,4,0,0,0.0,Betis,3,38.0,50,4,2,8,1,49.1,0.33,0.1,0.0,115,376,30.6,1027,177,28.6,31.2,230,35.7,34.3,516,30,5.8,51,1.34,11.7,Betis,36,38.0,55,518,176,34.0,13.63,4.63,0.09,0.27,18.1,14,7,10,54.7,46.9,0.09,0.3,1.1,Betis,36,38.0,15770,19284,81.8,264738,91436,7583,8423,90.0,6318,7291,86.7,1341,2443,54.9,37,37.5,34.8,-0.5,417,1127,329,75,1486,Betis,36,38.0,19284,17322,1906,613,60,153,627,778,197,82,68,0,15770,56,376,Betis,36,38.0,944,24.84,718,62,59,48,40,17,100,2.63,72,6,4,9,8,1,Betis,36,38.0,645,397,271,273,101,342,644,53.1,302,406,113,293,356,1001,910,19,Betis,36,52.4,38.0,23872,2253,7466,10545,6088,921,23862,722,312,43.2,344,47.6,13910,69976,36269,679,532,228,676,378,15627,1468,Betis,36,27.5,38,3420,90,100,38.0,418,80,237,179,22,230,1.58,57,50,7,0.18,54.7,50.6,4.1,0.11,Betis,36,38.0,75,4,0,433,524,56,627,356,397,9,4,1,1679,464,478,49.3
Celta Vigo,30,26.9,53.6,38,418,3420,38.0,58,40,98,50,8,9,84,6,54.2,47.3,38.4,85.7,709,1659,1.53,1.05,2.58,1.32,2.37,1.43,1.01,2.44,1.24,2.26,Celta Vigo,2,38,38,3420,38.0,57,1.5,145,89,62.8,16,7,15,8,21.1,4,3,1,0,25.0,Celta Vigo,2,38.0,57,3,0,9,2,48.9,0.32,-6.1,-0.16,69,242,28.5,805,210,18.4,27.3,282,33.3,32.9,501,27,5.4,49,1.29,14.0,Celta Vigo,30,38.0,58,442,167,37.8,11.63,4.39,0.11,0.3,17.9,19,8,9,54.2,47.3,0.11,3.8,2.7,Celta Vigo,30,38.0,17798,21253,83.7,312877,104182,7549,8367,90.2,8368,9325,89.7,1480,2521,58.7,40,38.4,36.9,1.6,339,1424,300,53,1659,Celta Vigo,30,38.0,21253,19376,1810,502,89,149,501,782,149,52,62,1,17798,67,365,Celta Vigo,30,38.0,789,20.76,607,41,42,57,30,12,98,2.58,77,1,5,8,7,0,Celta Vigo,30,38.0,555,340,258,217,80,286,576,49.7,290,345,91,254,282,837,828,30,Celta Vigo,30,53.6,38.0,25123,2232,7618,12133,5574,831,25114,628,254,40.4,312,49.7,15010,75647,39392,709,500,218,558,296,17691,1649,Celta Vigo,30,26.9,38,3420,90,100,38.0,418,79,227,189,23,265,1.45,59,57,2,0.05,54.2,43.4,10.9,0.29,Celta Vigo,30,38.0,84,6,3,462,436,67,501,282,340,6,4,2,1532,375,439,46.1
Espanyol,27,25.2,39.8,38,418,3420,38.0,38,27,65,33,5,5,88,1,34.4,30.5,24.5,55.0,497,1000,1.0,0.71,1.71,0.87,1.58,0.91,0.65,1.55,0.8,1.45,Espanyol,1,38,38,3420,38.0,51,1.34,192,140,75.5,11,9,18,8,21.1,6,4,2,0,33.3,Espanyol,1,38.0,51,4,2,6,1,57.7,0.28,7.7,0.2,194,526,36.9,930,197,41.9,34.8,326,41.7,34.9,670,64,9.6,35,0.92,12.0,Espanyol,27,38.0,38,351,98,27.9,9.24,2.58,0.09,0.34,18.4,15,5,5,34.4,30.5,0.09,3.6,2.5,Espanyol,27,38.0,10580,13996,75.6,199624,80026,4245,4942,85.9,4814,5678,84.8,1297,2629,49.3,27,24.5,23.4,2.5,256,772,204,81,1000,Espanyol,27,38.0,13996,12245,1690,484,51,97,619,647,144,35,77,2,10580,61,285,Espanyol,27,38.0,632,16.63,431,73,36,35,45,12,68,1.79,41,8,3,5,10,1,Espanyol,27,38.0,640,397,380,210,50,310,610,50.8,300,435,155,280,315,955,1131,21,Espanyol,27,39.8,38.0,18406,2655,7408,7625,3582,548,18401,546,221,40.5,266,48.7,9361,52875,28280,497,359,109,561,241,10490,991,Espanyol,27,25.2,38,3420,90,100,38.0,418,81,238,180,21,270,1.11,40,51,-11,-0.29,34.4,53.8,-19.4,-0.51,Espanyol,27,38.0,88,1,0,498,432,61,619,315,397,5,6,1,1364,493,504,49.4
Getafe,30,27.7,41.8,38,418,3420,38.0,34,21,55,29,5,5,110,7,36.8,33.0,23.9,56.9,368,981,0.89,0.55,1.45,0.76,1.32,0.97,0.63,1.6,0.87,1.5,Getafe,1,38,38,3420,38.0,39,1.03,126,86,75.4,11,9,18,9,23.7,9,8,1,0,11.1,Getafe,1,38.0,39,8,0,5,0,42.0,0.29,3.0,0.08,300,799,37.5,711,68,73.4,48.8,312,88.8,60.1,479,25,5.2,39,1.03,14.7,Getafe,30,38.0,34,430,122,28.4,11.32,3.21,0.07,0.24,19.4,17,5,5,36.8,33.0,0.08,-2.8,-4.0,Getafe,30,38.0,8695,12922,67.3,169125,74933,3711,4579,81.0,3515,4628,76.0,1250,2951,42.4,21,23.9,23.8,-2.9,296,958,226,104,981,Getafe,30,38.0,12922,10790,2042,579,23,116,721,927,147,55,69,1,8695,90,262,Getafe,30,38.0,736,19.37,483,94,45,37,58,19,56,1.47,33,7,1,8,5,2,Getafe,30,38.0,645,393,287,278,80,333,665,50.1,332,411,84,327,276,921,1065,15,Getafe,30,41.8,38.0,17605,1770,5183,7998,4646,675,17600,631,265,42.0,312,49.4,7825,40262,19034,368,311,105,719,357,8611,966,Getafe,30,27.7,38,3420,90,100,38.0,418,81,251,164,21,247,1.11,34,39,-5,-0.13,36.8,46.2,-9.4,-0.25,Getafe,30,38.0,110,7,3,602,506,90,721,276,393,3,9,0,1436,771,738,51.1
Girona,30,27.5,56.3,38,418,3420,38.0,43,31,74,39,4,5,76,2,42.5,38.6,31.6,70.2,765,1691,1.13,0.82,1.95,1.03,1.84,1.12,0.83,1.95,1.02,1.85,Girona,3,38,38,3420,38.0,60,1.58,164,102,65.2,11,8,19,8,21.1,6,3,3,0,50.0,Girona,3,38.0,60,3,1,7,1,53.0,0.3,-6.0,-0.16,107,328,32.6,1049,152,23.6,29.4,251,31.9,33.2,463,40,8.6,35,0.92,12.6,Girona,30,38.0,43,397,134,33.8,10.45,3.53,0.1,0.29,17.7,13,4,5,42.5,38.6,0.1,0.5,0.4,Girona,30,38.0,18273,21401,85.4,322614,100730,8002,8697,92.0,8458,9319,90.8,1526,2565,59.5,31,31.6,37.4,-0.6,308,1494,302,87,1691,Girona,30,38.0,21401,19598,1724,484,39,128,804,706,186,91,67,1,18273,79,338,Girona,30,38.0,727,19.13,562,60,34,37,23,11,77,2.03,56,6,2,9,3,1,Girona,30,38.0,569,348,268,219,82,292,557,52.4,265,327,104,223,279,848,722,34,Girona,30,56.3,38.0,25088,2516,7829,11533,5912,795,25083,634,291,45.9,276,43.5,15275,86324,44108,765,553,180,522,312,18040,1684,Girona,30,27.5,38,3420,90,100,38.0,418,81,245,172,22,249,1.08,44,60,-16,-0.42,42.5,50.4,-8.0,-0.21,Girona,30,38.0,76,2,0,437,439,79,804,279,348,4,6,1,1443,321,344,48.3
Las Palmas,34,26.8,50.7,38,418,3420,38.0,38,27,65,35,3,4,110,4,36.3,33.2,26.3,59.4,499,1210,1.0,0.71,1.71,0.92,1.63,0.96,0.69,1.65,0.87,1.56,Las Palmas,2,38,38,3420,38.0,61,1.61,182,120,69.2,8,8,22,4,10.5,10,5,4,1,44.4,Las Palmas,2,38.0,61,5,0,4,3,63.7,0.31,5.7,0.15,193,584,33.0,1203,195,39.5,32.5,318,34.3,33.3,561,22,3.9,36,0.95,15.6,Las Palmas,34,38.0,38,409,134,32.8,10.76,3.53,0.09,0.26,19.2,21,3,4,36.3,33.2,0.08,1.7,1.8,Las Palmas,34,38.0,14352,18209,78.8,254010,92291,6396,7255,88.2,6214,7269,85.5,1395,2776,50.3,27,26.3,26.5,0.7,304,1059,246,79,1210,Las Palmas,34,38.0,18209,16234,1916,558,49,117,674,782,160,54,72,4,14352,59,321,Las Palmas,34,38.0,741,19.5,543,65,39,39,46,9,68,1.79,54,2,2,5,4,1,Las Palmas,34,38.0,619,370,308,253,58,307,592,51.9,285,434,139,295,321,940,971,28,Las Palmas,34,50.7,38.0,22497,2561,7809,10353,4511,669,22493,571,239,41.9,288,50.4,11365,56979,28603,499,346,113,547,275,14222,1197,Las Palmas,34,26.8,38,3420,90,100,38.0,418,80,226,189,21,246,0.84,40,61,-21,-0.55,36.3,66.8,-30.5,-0.8,Las Palmas,34,38.0,110,4,2,452,462,59,674,321,370,1,10,3,1454,529,561,48.5
Leganés,26,27.8,42.6,38,418,3420,38.0,38,27,65,33,5,7,82,6,36.0,30.6,23.3,53.8,417,1030,1.0,0.71,1.71,0.87,1.58,0.95,0.61,1.56,0.8,1.42,Leganés,2,38,38,3420,38.0,56,1.47,175,122,72.0,9,13,16,11,28.9,8,7,0,1,0.0,Leganés,2,38.0,56,7,1,10,3,59.1,0.31,6.1,0.16,237,885,26.8,868,132,64.4,47.2,363,89.8,64.7,709,56,7.9,53,1.39,14.5,Leganés,26,38.0,38,345,110,31.9,9.08,2.89,0.1,0.3,20.1,19,5,7,36.0,30.6,0.09,2.0,2.4,Leganés,26,38.0,11207,14840,75.5,201808,76373,5038,5734,87.9,4716,5600,84.2,1169,2735,42.7,27,23.3,21.8,3.7,241,796,187,45,1030,Leganés,26,38.0,14840,13035,1721,500,48,91,495,653,113,46,46,0,11207,84,252,Leganés,26,38.0,608,16.0,399,57,50,35,51,16,73,1.92,48,3,9,4,7,2,Leganés,26,38.0,633,384,301,250,82,295,599,49.2,304,436,157,279,332,965,1201,18,Leganés,26,42.6,38.0,19312,2448,7029,8720,3764,482,19305,627,302,48.2,263,41.9,9782,47776,24033,417,364,105,575,314,11128,1023,Leganés,26,27.8,38,3420,90,100,38.0,418,81,247,167,21,250,1.05,39,56,-17,-0.45,36.0,59.4,-23.4,-0.62,Leganés,26,38.0,82,6,0,503,470,84,495,332,384,7,8,3,1500,472,614,43.5
Mallorca,28,28.7,46.8,38,418,3420,38.0,34,24,58,30,4,5,81,6,38.8,34.9,26.5,61.3,479,1184,0.89,0.63,1.53,0.79,1.42,1.02,0.7,1.72,0.92,1.61,Mallorca,2,38,38,3420,38.0,44,1.16,165,122,75.2,13,9,16,9,23.7,3,3,0,0,0.0,Mallorca,2,38.0,44,3,0,4,1,47.4,0.28,4.4,0.11,239,614,38.9,925,144,49.0,36.4,355,45.4,38.1,638,23,3.6,27,0.71,12.9,Mallorca,28,38.0,34,382,107,28.0,10.05,2.82,0.08,0.28,16.3,7,4,5,38.8,34.9,0.09,-4.8,-4.9,Mallorca,28,38.0,12613,16224,77.7,232365,90368,5538,6293,88.0,5349,6310,84.8,1466,2803,52.3,24,26.5,28.3,-2.5,282,973,239,112,1184,Mallorca,28,38.0,16224,14337,1809,471,44,93,735,757,145,58,73,3,12613,78,292,Mallorca,28,38.0,684,18.0,471,96,30,48,33,6,60,1.58,45,8,0,2,4,1,Mallorca,28,38.0,584,361,305,211,68,257,500,51.4,243,389,153,236,326,910,1161,17,Mallorca,28,46.8,38.0,20649,2598,7168,9299,4391,635,20644,583,255,43.7,260,44.6,10945,56532,26760,479,409,85,567,377,12481,1169,Mallorca,28,28.7,38,3420,90,100,38.0,418,82,233,179,18,260,1.26,35,44,-9,-0.24,38.8,46.8,-8.1,-0.21,Mallorca,28,38.0,81,6,1,466,432,78,735,326,361,4,3,1,1523,672,609,52.5
Osasuna,25,27.4,46.1,38,418,3420,38.0,46,28,74,37,9,9,88,0,44.0,37.8,29.8,67.6,567,1221,1.21,0.74,1.95,0.97,1.71,1.16,0.78,1.94,0.99,1.78,Osasuna,2,38,38,3420,38.0,52,1.37,187,136,75.9,12,16,10,9,23.7,7,7,0,0,0.0,Osasuna,2,38.0,52,7,1,4,1,57.4,0.28,6.4,0.17,296,649,45.6,978,143,44.9,37.6,309,68.0,48.3,538,33,6.1,86,2.26,19.7,Osasuna,25,38.0,46,409,123,30.1,10.76,3.24,0.09,0.3,16.7,9,9,9,44.0,37.8,0.09,2.0,-0.8,Osasuna,25,38.0,12184,16028,76.0,230479,92624,5022,5858,85.7,5403,6487,83.3,1489,2835,52.5,28,29.8,33.4,-1.8,300,963,265,127,1221,Osasuna,25,38.0,16028,14070,1892,487,28,133,819,831,175,64,50,2,12184,66,349,Osasuna,25,38.0,726,19.11,503,93,39,42,43,6,82,2.16,49,5,5,8,14,1,Osasuna,25,38.0,614,365,296,239,79,311,618,50.3,307,388,102,286,266,880,918,16,Osasuna,25,46.1,38.0,20036,2263,6318,8904,5007,737,20027,592,260,43.9,279,47.1,10439,54365,27022,567,424,134,532,293,12053,1204,Osasuna,25,27.4,38,3420,90,100,38.0,418,82,239,183,18,256,1.37,48,52,-4,-0.11,44.0,53.7,-9.6,-0.25,Osasuna,25,38.0,88,0,0,508,379,66,819,266,365,9,7,1,1461,617,515,54.5
Rayo Vallecano,26,29.3,51.7,38,418,3420,38.0,38,27,65,38,0,1,96,3,45.4,44.6,36.2,80.9,589,1362,1.0,0.71,1.71,1.0,1.71,1.2,0.95,2.15,1.17,2.13,Rayo Vallecano,2,38,38,3420,38.0,45,1.18,153,107,74.5,13,13,12,10,26.3,8,6,2,0,25.0,Rayo Vallecano,2,38.0,45,6,0,6,1,45.7,0.26,1.7,0.04,203,640,31.7,1032,150,47.2,38.2,319,48.0,40.6,532,37,7.0,39,1.03,14.4,Rayo Vallecano,26,38.0,38,514,162,31.5,13.53,4.26,0.07,0.23,19.3,25,0,1,45.4,44.6,0.09,-7.4,-6.6,Rayo Vallecano,26,38.0,13936,17861,78.0,247359,94801,6459,7310,88.4,5793,6748,85.8,1401,2920,48.0,27,36.2,32.2,-9.2,374,1081,242,85,1362,Rayo Vallecano,26,38.0,17861,15874,1908,436,46,112,769,868,202,107,65,0,13936,79,395,Rayo Vallecano,26,38.0,886,23.32,648,82,45,58,41,12,59,1.55,38,4,7,7,1,2,Rayo Vallecano,26,38.0,626,396,328,218,80,309,664,46.5,355,443,128,315,334,960,973,22,Rayo Vallecano,26,51.7,38.0,22372,2557,7799,9339,5455,711,22371,647,286,44.2,304,47.0,12068,58402,29156,589,431,143,630,327,13833,1346,Rayo Vallecano,26,29.3,38,3420,90,100,38.0,418,80,227,188,22,256,1.37,41,45,-4,-0.11,45.4,49.0,-3.5,-0.09,Rayo Vallecano,26,38.0,96,3,0,522,391,79,769,334,396,1,8,1,1688,485,540,47.3
Real Madrid,30,26.6,60.4,38,418,3420,38.0,78,55,133,68,10,14,57,4,75.3,64.5,54.6,119.0,983,1967,2.05,1.45,3.5,1.79,3.24,1.98,1.44,3.42,1.7,3.13,Real Madrid,3,38,38,3420,38.0,38,1.0,126,89,72.2,26,6,6,15,39.5,3,3,0,0,0.0,Real Madrid,3,38.0,38,3,0,7,1,35.9,0.28,-1.1,-0.03,84,258,32.6,960,205,19.9,28.2,279,24.0,29.3,416,19,4.6,27,0.71,10.7,Real Madrid,30,38.0,78,621,229,36.9,16.34,6.03,0.11,0.3,18.1,15,10,14,75.3,64.5,0.11,2.7,3.5,Real Madrid,30,38.0,21356,24221,88.2,356264,110503,10517,11248,93.5,8566,9311,92.0,1723,2595,66.4,55,54.6,52.2,0.4,501,1773,359,34,1967,Real Madrid,30,38.0,24221,22370,1766,549,90,221,578,620,243,113,63,1,21356,85,316,Real Madrid,30,38.0,1160,30.53,860,84,92,70,39,15,137,3.61,98,9,11,10,8,1,Real Madrid,30,38.0,586,359,294,209,83,264,486,54.3,222,353,105,248,331,917,633,19,Real Madrid,30,60.4,38.0,28252,2392,7662,12794,8048,1181,28238,878,412,46.9,384,43.7,17893,93355,50356,983,696,364,528,290,21223,1953,Real Madrid,30,26.6,38,3420,90,100,38.0,418,83,270,144,18,213,2.21,78,38,40,1.05,75.3,42.8,32.5,0.86,Real Madrid,30,38.0,57,4,0,332,518,85,578,331,359,11,3,1,1541,334,267,55.6
Real Sociedad,31,25.2,53.8,38,418,3420,38.0,34,22,56,30,4,4,85,4,42.5,39.3,30.9,70.3,645,1341,0.89,0.58,1.47,0.79,1.37,1.12,0.81,1.93,1.03,1.85,Real Sociedad,2,38,38,3420,38.0,46,1.21,142,94,71.1,13,7,18,13,34.2,7,5,2,0,28.6,Real Sociedad,2,38.0,46,5,0,5,0,41.5,0.26,-4.5,-0.12,187,493,37.9,1072,122,31.8,32.6,271,56.1,44.8,467,30,6.4,43,1.13,14.4,Real Sociedad,31,38.0,34,385,122,31.7,10.13,3.21,0.08,0.25,17.5,10,4,4,42.5,39.3,0.1,-8.5,-9.3,Real Sociedad,31,38.0,14880,18759,79.3,261975,89905,6750,7619,88.6,6360,7434,85.6,1421,2687,52.9,22,30.9,30.7,-8.9,284,1087,242,64,1341,Real Sociedad,31,38.0,18759,16761,1916,513,33,146,740,832,216,78,95,0,14880,82,369,Real Sociedad,31,38.0,682,17.95,493,74,38,34,31,12,59,1.55,42,5,5,2,5,0,Real Sociedad,31,38.0,649,401,309,244,96,308,579,53.2,271,428,120,308,283,932,913,21,Real Sociedad,31,53.8,38.0,23027,2275,7208,10770,5243,747,23023,659,295,44.8,307,46.6,12533,67115,34084,645,417,163,603,297,14716,1325,Real Sociedad,31,25.2,38,3420,90,100,38.0,418,79,233,181,25,268,1.21,35,46,-11,-0.29,42.5,43.9,-1.5,-0.04,Real Sociedad,31,38.0,85,4,0,501,417,82,740,283,401,3,7,0,1569,578,606,48.8
Sevilla,35,26.1,50.5,38,418,3420,38.0,39,32,71,37,2,3,98,8,42.7,40.3,30.8,71.1,594,1193,1.03,0.84,1.87,0.97,1.82,1.12,0.81,1.93,1.06,1.87,Sevilla,2,38,38,3420,38.0,55,1.45,148,93,66.2,10,11,17,10,26.3,6,5,1,0,16.7,Sevilla,2,38.0,55,5,3,4,1,48.1,0.29,-5.9,-0.15,155,587,26.4,1061,146,43.4,34.3,264,47.7,39.4,513,27,5.3,43,1.13,16.5,Sevilla,35,38.0,39,472,148,31.4,12.42,3.89,0.08,0.25,18.8,14,2,3,42.7,40.3,0.09,-3.7,-3.3,Sevilla,35,38.0,14432,18057,79.9,252909,88471,6743,7466,90.3,6146,7086,86.7,1267,2706,46.8,32,30.8,24.4,1.2,357,1072,210,60,1193,Sevilla,35,38.0,18057,16196,1791,473,40,130,612,778,185,109,33,1,14432,70,314,Sevilla,35,38.0,824,21.68,600,69,60,51,31,13,71,1.87,59,4,3,4,1,0,Sevilla,35,38.0,648,390,321,240,87,312,563,55.4,251,368,88,280,367,1015,931,17,Sevilla,35,50.5,38.0,22465,2404,8057,9800,4813,669,22462,720,339,47.1,320,44.4,11147,58366,29786,594,397,161,624,331,14288,1186,Sevilla,35,26.1,38,3420,90,100,38.0,418,82,240,174,18,266,1.08,42,55,-13,-0.34,42.7,47.4,-4.7,-0.12,Sevilla,35,38.0,98,8,3,494,402,70,612,367,390,1,6,1,1551,531,442,54.6
Valencia,32,24.7,48.4,38,418,3420,38.0,43,26,69,38,5,5,86,1,43.2,39.3,30.0,69.3,572,1340,1.13,0.68,1.82,1.0,1.68,1.14,0.79,1.93,1.03,1.82,Valencia,2,38,38,3420,38.0,54,1.42,148,95,67.6,11,13,14,8,21.1,9,6,2,1,25.0,Valencia,2,38.0,54,6,0,4,3,50.5,0.3,-0.5,-0.01,156,521,29.9,925,159,39.4,40.5,286,54.9,43.2,523,36,6.9,54,1.42,25.7,Valencia,32,38.0,43,382,116,30.4,10.05,3.05,0.1,0.33,17.2,6,5,5,43.2,39.3,0.11,-0.2,-1.3,Valencia,32,38.0,13938,17708,78.7,246799,86682,6341,7094,89.4,6081,7066,86.1,1284,2634,48.7,26,30.0,33.4,-4.0,283,1109,254,91,1340,Valencia,32,38.0,17708,15738,1898,566,38,128,763,770,186,69,74,3,13938,72,395,Valencia,32,38.0,676,17.79,503,65,27,34,31,16,71,1.87,49,4,3,8,5,2,Valencia,32,38.0,647,415,340,228,79,321,573,56.0,252,366,96,270,302,949,953,19,Valencia,32,48.4,38.0,21876,2290,7206,9840,5033,653,21871,625,236,37.8,321,51.4,11347,59375,30877,572,414,122,535,340,13802,1328,Valencia,32,24.7,38,3420,90,100,38.0,418,82,238,179,19,264,1.21,44,54,-10,-0.26,43.2,51.9,-8.6,-0.23,Valencia,32,38.0,86,1,0,442,446,72,763,302,415,4,9,3,1550,449,540,45.4
Valladolid,38,25.6,42.8,38,418,3420,38.0,26,15,41,21,5,5,91,5,34.6,30.7,25.7,56.4,476,991,0.68,0.39,1.08,0.55,0.95,0.91,0.68,1.59,0.81,1.48,Valladolid,3,38,38,3420,38.0,90,2.37,204,115,59.3,4,4,30,5,13.2,7,7,0,0,0.0,Valladolid,3,38.0,90,7,2,5,1,74.5,0.35,-14.5,-0.38,202,550,36.7,1042,167,35.6,33.8,360,49.7,41.0,580,39,6.7,38,1.0,10.4,Valladolid,38,38.0,26,331,97,29.3,8.71,2.55,0.06,0.22,18.0,11,5,5,34.6,30.7,0.09,-8.6,-9.7,Valladolid,38,38.0,12052,15387,78.3,228419,83632,4795,5456,87.9,5607,6494,86.3,1410,2699,52.2,15,25.7,24.3,-10.7,256,752,176,93,991,Valladolid,38,38.0,15387,13486,1834,544,37,126,671,647,156,81,38,2,12052,67,265,Valladolid,38,38.0,601,15.82,425,63,48,21,36,8,42,1.11,30,0,6,1,5,0,Valladolid,38,38.0,596,357,342,204,50,276,566,48.8,290,450,160,290,311,907,944,29,Valladolid,38,42.8,38.0,19507,2681,8158,8153,3393,523,19502,624,289,46.3,266,42.6,9680,54312,27524,476,316,120,513,268,11933,976,Valladolid,38,25.6,38,3420,90,100,38.0,418,79,238,177,25,264,0.42,26,90,-64,-1.68,34.6,67.6,-33.0,-0.87,Valladolid,38,38.0,91,5,2,459,486,67,671,311,357,3,7,1,1355,544,524,50.9
Villarreal,31,26.7,47.6,38,418,3420,38.0,69,51,120,64,5,7,96,4,64.8,59.1,49.7,108.8,693,1522,1.82,1.34,3.16,1.68,3.03,1.71,1.31,3.01,1.56,2.86,Villarreal,2,38,38,3420,38.0,51,1.34,160,110,72.5,20,10,8,7,18.4,8,7,0,1,0.0,Villarreal,2,38.0,51,7,2,6,1,44.4,0.25,-5.6,-0.15,122,339,36.0,834,207,29.4,28.2,296,31.8,30.8,579,34,5.9,36,0.95,11.9,Villarreal,31,38.0,69,530,171,32.3,13.95,4.5,0.12,0.37,16.0,9,5,7,64.8,59.1,0.12,4.2,4.9,Villarreal,31,38.0,14532,17825,81.5,262800,96388,6234,6978,89.3,6564,7485,87.7,1463,2559,57.2,51,49.7,48.0,1.3,427,1146,371,102,1522,Villarreal,31,38.0,17825,16035,1713,513,78,124,674,633,183,77,60,2,14532,77,318,Villarreal,31,38.0,962,25.32,729,82,41,59,35,16,124,3.26,101,4,4,8,6,1,Villarreal,31,38.0,649,396,333,236,80,336,628,53.5,292,426,131,295,281,930,922,21,Villarreal,31,47.6,38.0,22112,2612,7831,9120,5352,983,22105,627,279,44.5,278,44.3,12034,63384,34540,693,503,202,560,289,14383,1510,Villarreal,31,26.7,38,3420,90,100,38.0,418,81,239,177,21,179,1.84,71,51,20,0.53,64.8,44.4,20.4,0.54,Villarreal,31,38.0,96,4,1,442,463,77,674,281,396,6,8,1,1547,492,399,55.2
Arg Juniors,32,25.0,56.3,27,297,2430,27.0,20,12,32,19,1,2,68,6,25.5,23.9,18.0,41.9,416,1078,0.74,0.44,1.19,0.7,1.15,0.94,0.67,1.61,0.89,1.55,Arg Juniors,1,27,27,2430,27.0,28,1.04,90,63,73.3,8,6,13,10,37.0,4,4,0,0,0.0,Arg Juniors,1,27.0,28,4,1,0,1,26.4,0.26,-0.6,-0.02,126,323,39.0,605,85,38.2,36.0,198,46.5,40.2,301,6,2.0,18,0.67,14.8,Arg Juniors,32,27.0,20,383,93,24.3,14.19,3.44,0.05,0.2,20.3,13,1,2,25.5,23.9,0.06,-5.5,-4.9,Arg Juniors,32,27.0,9805,12896,76.0,188901,71676,3823,4504,84.9,4359,5188,84.0,1377,2487,55.4,12,18.0,21.7,-6.0,270,878,217,61,1078,Arg Juniors,32,27.0,12896,11455,1373,347,12,97,618,604,169,52,107,0,9805,68,273,Arg Juniors,32,27.0,651,24.11,459,65,34,50,29,14,35,1.3,26,4,0,4,1,0,Arg Juniors,32,27.0,508,300,246,217,45,251,469,53.5,218,284,65,219,257,765,482,5,Arg Juniors,32,56.3,27.0,16017,1394,5000,7404,3771,534,16015,555,267,48.1,269,48.5,8549,47480,23607,416,286,68,450,326,9700,1067,Arg Juniors,32,25.0,27,2430,90,100,27.0,297,80,166,125,22,197,1.11,22,28,-6,-0.22,25.5,25.4,0.1,0.0,Arg Juniors,32,27.0,68,6,3,307,312,68,618,257,300,1,4,1,1255,423,456,48.1
Atlé Tucumán,29,26.8,48.0,27,297,2430,27.0,28,20,48,26,2,4,57,3,34.5,31.4,24.2,55.6,258,910,1.04,0.74,1.78,0.96,1.7,1.28,0.9,2.17,1.16,2.06,Atlé Tucumán,1,27,27,2430,27.0,27,1.0,95,68,73.7,11,7,9,11,40.7,3,2,1,0,33.3,Atlé Tucumán,1,27.0,27,2,2,5,1,27.5,0.27,1.5,0.05,203,525,38.7,467,47,67.2,47.4,231,91.3,63.8,419,15,3.6,25,0.93,13.8,Atlé Tucumán,29,27.0,28,343,103,30.0,12.7,3.81,0.08,0.25,18.9,21,2,4,34.5,31.4,0.09,-6.5,-5.4,Atlé Tucumán,29,27.0,6979,10419,67.0,133844,63889,3005,3781,79.5,2773,3648,76.0,984,2219,44.3,20,24.2,23.9,-4.2,239,766,218,63,910,Atlé Tucumán,29,27.0,10419,9027,1334,274,17,53,482,629,145,54,76,0,6979,58,284,Atlé Tucumán,29,27.0,581,21.52,406,68,16,40,37,14,43,1.59,26,6,2,6,1,2,Atlé Tucumán,29,27.0,535,333,251,220,64,253,459,55.1,206,356,90,266,253,788,715,5,Atlé Tucumán,29,48.0,27.0,13787,1385,4205,6218,3500,532,13783,353,143,40.5,195,55.2,5673,28264,13182,258,208,59,497,205,6916,900,Atlé Tucumán,29,26.8,27,2430,90,100,27.0,297,81,167,128,19,196,1.48,28,27,1,0.04,34.5,28.4,6.2,0.23,Atlé Tucumán,29,27.0,57,3,1,355,244,58,482,253,333,3,3,1,1221,589,521,53.1
Banfield,43,25.4,45.5,27,297,2430,27.0,21,14,35,18,3,6,74,6,27.5,22.9,17.5,40.4,315,767,0.78,0.52,1.3,0.67,1.19,1.02,0.65,1.66,0.85,1.5,Banfield,2,27,27,2430,27.0,36,1.33,109,71,69.7,5,9,13,5,18.5,5,3,2,0,40.0,Banfield,2,27.0,36,3,1,5,0,31.8,0.26,-4.2,-0.15,103,320,32.2,526,116,37.8,35.5,237,51.1,41.6,411,26,6.3,10,0.37,12.6,Banfield,43,27.0,21,272,79,29.0,10.07,2.93,0.07,0.23,18.3,18,3,6,27.5,22.9,0.09,-6.5,-4.9,Banfield,43,27.0,6557,9571,68.5,131567,55869,2389,2979,80.2,2995,3835,78.1,1022,2132,47.9,14,17.5,16.9,-3.5,185,602,150,67,767,Banfield,43,27.0,9571,8150,1367,332,15,84,563,616,122,50,64,1,6557,54,245,Banfield,43,27.0,457,16.93,266,77,27,33,39,15,34,1.26,16,5,4,6,2,1,Banfield,43,27.0,550,351,264,223,63,260,507,51.3,247,320,94,226,239,789,650,6,Banfield,43,45.5,27.0,12698,1513,4535,5490,2821,416,12692,446,206,46.2,218,48.9,5838,31870,15903,315,242,52,457,276,6493,760,Banfield,43,25.4,27,2430,90,100,27.0,297,81,166,125,21,196,0.89,22,36,-14,-0.52,27.5,35.5,-8.1,-0.3,Banfield,43,27.0,74,6,4,322,298,54,563,239,351,3,5,0,1153,493,483,50.5
Barracas Central,34,25.7,46.0,27,297,2430,27.0,15,10,25,14,1,1,58,2,20.1,19.3,14.7,34.1,290,728,0.56,0.37,0.93,0.52,0.89,0.75,0.55,1.29,0.72,1.26,Barracas Central,3,27,27,2430,27.0,33,1.22,134,104,78.4,4,11,12,8,29.6,4,4,0,0,0.0,Barracas Central,3,27.0,33,4,1,3,3,36.4,0.25,6.4,0.24,178,447,39.8,553,133,49.9,31.9,278,61.5,48.9,512,30,5.9,24,0.89,14.8,Barracas Central,34,27.0,15,306,78,25.5,11.33,2.89,0.05,0.18,21.6,18,1,1,20.1,19.3,0.07,-5.1,-5.3,Barracas Central,34,27.0,7179,10169,70.6,134476,63140,3065,3776,81.2,3011,3817,78.9,925,1951,47.4,10,14.7,14.3,-4.7,220,614,121,51,728,Barracas Central,34,27.0,10169,8682,1457,404,15,59,447,619,96,28,48,0,7179,30,290,Barracas Central,34,27.0,524,19.41,339,64,21,39,44,17,25,0.93,18,1,0,4,1,1,Barracas Central,34,27.0,508,302,249,209,50,271,496,54.6,225,315,89,226,236,744,770,12,Barracas Central,34,46.0,27.0,13601,1666,4782,6260,2730,345,13600,550,238,43.3,291,52.9,6131,30915,15001,290,221,46,507,337,7113,720,Barracas Central,34,25.7,27,2430,90,100,27.0,297,80,184,114,26,210,0.85,15,33,-18,-0.67,20.1,38.8,-18.6,-0.69,Barracas Central,34,27.0,58,2,2,315,339,30,447,236,302,1,4,3,1090,495,457,52.0
Belgrano,35,27.9,48.5,27,297,2430,27.0,33,25,58,33,0,1,74,4,28.4,27.5,22.6,50.1,340,909,1.22,0.93,2.15,1.22,2.15,1.05,0.84,1.89,1.02,1.86,Belgrano,3,27,27,2430,27.0,32,1.19,117,86,74.4,8,11,8,7,25.9,2,2,0,0,0.0,Belgrano,3,27.0,32,2,0,5,1,30.9,0.25,-0.1,0.0,133,397,33.5,629,95,44.0,40.5,250,48.0,40.7,548,48,8.8,26,0.96,11.7,Belgrano,35,27.0,33,291,104,35.7,10.78,3.85,0.11,0.32,17.1,9,0,1,28.4,27.5,0.1,4.6,5.5,Belgrano,35,27.0,8124,11096,73.2,148208,64685,3573,4272,83.6,3366,4194,80.3,948,1940,48.9,25,22.6,22.7,2.4,224,724,178,69,909,Belgrano,35,27.0,11096,9764,1271,285,19,41,562,548,129,31,84,0,8124,61,272,Belgrano,35,27.0,495,18.33,344,75,20,28,23,5,56,2.07,42,7,3,3,1,0,Belgrano,35,27.0,486,294,229,187,70,232,438,53.0,206,299,85,214,250,736,751,5,Belgrano,35,48.5,27.0,14260,1721,4863,6329,3213,487,14259,421,192,45.6,211,50.1,7020,35761,17950,340,226,73,457,248,8039,899,Belgrano,35,27.9,27,2430,90,100,27.0,297,79,168,126,23,197,1.3,33,32,1,0.04,28.4,30.6,-2.2,-0.08,Belgrano,35,27.0,74,4,3,321,254,61,562,250,294,0,2,1,1156,439,438,50.1
Boca Juniors,39,27.2,56.2,27,297,2430,27.0,28,18,46,27,1,1,78,6,33.3,32.5,23.7,56.2,427,1054,1.04,0.67,1.7,1.0,1.67,1.23,0.88,2.11,1.2,2.08,Boca Juniors,2,27,27,2430,27.0,23,0.85,105,80,80.0,11,9,7,11,40.7,4,2,2,0,50.0,Boca Juniors,2,27.0,23,2,1,5,0,30.5,0.28,7.5,0.28,63,257,24.5,551,140,31.8,32.5,228,36.0,33.4,410,21,5.1,13,0.48,12.9,Boca Juniors,39,27.0,28,283,105,37.1,10.48,3.89,0.1,0.26,17.9,11,1,1,33.3,32.5,0.12,-5.3,-5.5,Boca Juniors,39,27.0,10148,12974,78.2,185950,65077,4188,4810,87.1,4573,5391,84.8,1120,2092,53.5,18,23.7,22.4,-5.7,198,795,187,47,1054,Boca Juniors,39,27.0,12974,11504,1433,400,26,125,565,603,153,38,76,0,10148,37,277,Boca Juniors,39,27.0,484,17.93,346,46,36,25,22,9,46,1.7,31,1,10,3,1,0,Boca Juniors,39,27.0,490,317,223,210,57,263,475,55.4,212,261,89,172,239,729,513,6,Boca Juniors,39,56.2,27.0,15919,1539,5191,7496,3364,436,15918,508,241,47.4,241,47.4,8275,44795,23279,427,267,80,452,251,10060,1045,Boca Juniors,39,27.2,27,2430,90,100,27.0,297,82,177,115,20,206,1.56,30,23,7,0.26,33.3,34.1,-0.8,-0.03,Boca Juniors,39,27.0,78,6,4,345,350,37,565,239,317,0,4,0,1157,354,342,50.9
Cen. Córdoba–SdE,44,24.8,52.4,27,297,2430,27.0,28,21,49,25,3,4,58,4,27.9,24.8,20.0,44.8,403,1074,1.04,0.78,1.81,0.93,1.7,1.03,0.74,1.77,0.92,1.66,Cen. Córdoba–SdE,2,27,27,2430,27.0,36,1.33,114,77,70.2,8,7,12,6,22.2,3,2,1,0,33.3,Cen. Córdoba–SdE,2,27.0,36,2,1,4,0,33.3,0.29,-2.7,-0.1,100,328,30.5,531,124,44.8,36.8,192,46.9,40.2,323,24,7.4,23,0.85,13.9,Cen. Córdoba–SdE,44,27.0,28,310,89,28.7,11.48,3.3,0.08,0.28,20.3,23,3,4,27.9,24.8,0.08,0.1,0.2,Cen. Córdoba–SdE,44,27.0,9378,12343,76.0,173017,64906,3991,4622,86.3,4120,4944,83.3,1075,2103,51.1,21,20.0,17.8,1.0,230,815,141,41,1074,Cen. Córdoba–SdE,44,27.0,12343,10996,1304,365,25,130,402,574,110,44,46,0,9378,43,302,Cen. Córdoba–SdE,44,27.0,557,20.63,372,52,46,27,47,13,48,1.78,35,2,5,3,3,0,Cen. Córdoba–SdE,44,27.0,488,307,225,219,44,212,470,45.1,258,282,57,225,239,727,517,6,Cen. Córdoba–SdE,44,52.4,27.0,15467,1358,4525,8003,3108,418,15463,566,246,43.5,294,51.9,7849,42175,21566,403,314,92,477,269,9290,1062,Cen. Córdoba–SdE,44,24.8,27,2430,90,100,27.0,297,80,179,117,24,198,1.15,29,36,-7,-0.26,27.9,29.5,-1.6,-0.06,Cen. Córdoba–SdE,44,27.0,58,4,0,334,316,43,402,239,307,3,3,0,1292,337,410,45.1
Defensa y Just,37,26.1,53.7,27,297,2430,27.0,25,21,46,24,1,1,76,6,30.1,29.3,21.4,50.8,352,1027,0.93,0.78,1.7,0.89,1.67,1.11,0.79,1.91,1.09,1.88,Defensa y Just,2,27,27,2430,27.0,33,1.22,102,68,70.6,7,11,9,8,29.6,6,3,3,0,50.0,Defensa y Just,2,27.0,33,3,1,3,2,34.3,0.29,3.3,0.12,164,388,42.3,666,111,39.5,37.9,281,44.5,38.7,468,19,4.1,12,0.44,11.9,Defensa y Just,37,27.0,25,361,107,29.6,13.37,3.96,0.07,0.22,19.7,17,1,1,30.1,29.3,0.08,-5.1,-5.3,Defensa y Just,37,27.0,9393,12293,76.4,175522,71836,3990,4647,85.9,4008,4805,83.4,1187,2148,55.3,21,21.4,23.0,-0.4,273,870,188,66,1027,Defensa y Just,37,27.0,12293,10939,1319,357,18,102,508,494,128,33,69,1,9393,35,279,Defensa y Just,37,27.0,640,23.7,454,72,31,36,38,9,43,1.59,33,2,2,5,1,0,Defensa y Just,37,27.0,438,268,198,186,54,226,428,52.8,202,317,88,229,248,686,661,2,Defensa y Just,37,53.7,27.0,15547,1729,5061,7134,3503,444,15546,442,199,45.0,223,50.5,7836,39128,20061,352,294,67,525,244,9295,1019,Defensa y Just,37,26.1,27,2430,90,100,27.0,297,79,167,126,24,196,1.19,27,33,-6,-0.22,30.1,33.2,-3.1,-0.12,Defensa y Just,37,27.0,76,6,3,296,293,35,508,248,268,1,6,2,1210,491,444,52.5
Deportivo Riestra,36,29.3,32.3,27,297,2430,27.0,26,14,40,23,3,4,66,5,26.5,23.3,17.0,40.3,186,673,0.96,0.52,1.48,0.85,1.37,0.98,0.63,1.61,0.86,1.49,Deportivo Riestra,2,27,27,2430,27.0,27,1.0,122,95,81.1,8,11,8,12,44.4,4,4,0,0,0.0,Deportivo Riestra,2,27.0,27,4,1,2,0,35.9,0.27,8.9,0.33,263,730,36.0,643,37,79.5,54.7,282,77.7,57.5,616,42,6.8,35,1.3,19.5,Deportivo Riestra,36,27.0,26,262,92,35.1,9.7,3.41,0.09,0.25,17.7,8,3,4,26.5,23.3,0.09,-0.5,-0.3,Deportivo Riestra,36,27.0,3905,7183,54.4,83738,51420,1527,2156,70.8,1473,2406,61.2,790,2134,37.0,14,17.0,19.3,-3.0,182,542,158,33,673,Deportivo Riestra,36,27.0,7183,5867,1284,323,26,26,379,532,92,25,61,0,3905,32,216,Deportivo Riestra,36,27.0,439,16.26,260,72,14,38,47,8,42,1.56,28,4,1,4,4,1,Deportivo Riestra,36,27.0,501,318,244,196,61,238,470,50.6,232,327,84,243,259,760,854,4,Deportivo Riestra,36,32.3,27.0,10540,1634,3879,4112,2670,451,10536,375,164,43.7,196,52.3,3602,19940,9638,186,151,39,462,240,3844,664,Deportivo Riestra,36,29.3,27,2430,90,100,27.0,297,79,174,126,26,197,1.3,26,27,-1,-0.04,26.5,33.6,-7.2,-0.26,Deportivo Riestra,36,27.0,66,5,2,348,277,32,379,259,318,4,4,0,1036,508,608,45.5
Estudiantes–LP,37,27.9,55.9,27,297,2430,27.0,35,23,58,32,3,5,66,1,32.6,28.8,22.9,51.7,386,1260,1.3,0.85,2.15,1.19,2.04,1.21,0.85,2.05,1.07,1.91,Estudiantes–LP,2,27,27,2430,27.0,34,1.26,103,71,70.9,8,12,7,5,18.5,4,4,0,0,0.0,Estudiantes–LP,2,27.0,34,4,0,4,2,33.9,0.3,1.9,0.07,92,255,36.1,503,143,30.2,29.3,209,49.3,42.4,417,35,8.4,18,0.67,8.0,Estudiantes–LP,37,27.0,35,358,123,34.4,13.26,4.56,0.09,0.26,18.9,9,3,5,32.6,28.8,0.08,2.4,3.2,Estudiantes–LP,37,27.0,10699,13795,77.6,197460,74388,4451,5204,85.5,4782,5659,84.5,1245,2221,56.1,23,22.9,24.1,0.1,274,1000,209,71,1260,Estudiantes–LP,37,27.0,13795,12435,1318,319,21,92,586,619,111,35,65,0,10699,42,301,Estudiantes–LP,37,27.0,631,23.37,462,60,33,35,29,12,62,2.3,46,5,3,7,1,0,Estudiantes–LP,37,27.0,485,301,188,244,53,215,450,47.8,235,318,80,238,276,761,581,6,Estudiantes–LP,37,55.9,27.0,17005,1389,4584,8696,3889,552,17000,505,250,49.5,233,46.1,8832,42174,22202,386,337,91,487,262,10607,1247,Estudiantes–LP,37,27.9,27,2430,90,100,27.0,297,81,184,112,24,195,1.33,36,34,2,0.07,32.6,28.7,3.8,0.14,Estudiantes–LP,37,27.0,66,1,1,329,286,42,586,276,301,2,4,2,1298,519,524,49.8
Gimnasia–LP,39,27.6,49.8,27,297,2430,27.0,20,13,33,17,3,3,65,7,25.1,22.7,17.8,40.6,390,1119,0.74,0.48,1.22,0.63,1.11,0.93,0.66,1.59,0.84,1.5,Gimnasia–LP,2,27,27,2429,27.0,23,0.85,90,68,75.6,8,8,11,10,37.0,2,1,0,1,0.0,Gimnasia–LP,2,27.0,23,1,0,0,1,21.7,0.24,-0.3,-0.01,144,373,38.6,550,145,43.1,38.2,243,56.0,43.9,440,44,10.0,30,1.11,12.9,Gimnasia–LP,39,27.0,20,308,99,32.1,11.41,3.67,0.06,0.17,18.7,10,3,3,25.1,22.7,0.08,-5.1,-5.7,Gimnasia–LP,39,27.0,8044,11391,70.6,153822,69060,3305,4074,81.1,3365,4314,78.0,1172,2305,50.8,13,17.8,20.5,-4.8,220,853,213,94,1119,Gimnasia–LP,39,27.0,11391,10020,1324,298,12,82,633,598,136,52,58,0,8044,47,271,Gimnasia–LP,39,27.0,522,19.33,368,54,33,31,26,10,34,1.26,26,2,0,2,3,1,Gimnasia–LP,39,27.0,593,414,286,231,76,277,527,52.6,250,329,90,239,295,888,668,5,Gimnasia–LP,39,49.8,27.0,14861,1456,4426,6789,3810,492,14858,488,223,45.7,248,50.8,6914,37207,19915,390,279,73,545,242,7955,1108,Gimnasia–LP,39,27.6,27,2430,90,100,27.0,297,83,183,108,18,205,1.19,21,23,-2,-0.07,25.1,28.5,-3.4,-0.13,Gimnasia–LP,39,27.0,65,7,1,356,253,47,633,295,414,2,2,1,1408,488,501,49.3
Godoy Cruz,40,24.9,49.3,27,297,2430,27.0,31,18,49,29,2,3,59,1,31.0,28.7,19.5,48.3,331,904,1.15,0.67,1.81,1.07,1.74,1.15,0.72,1.87,1.06,1.79,Godoy Cruz,2,27,27,2430,27.0,28,1.04,102,74,72.5,8,11,8,7,25.9,2,0,2,0,100.0,Godoy Cruz,2,27.0,28,0,0,4,2,32.5,0.31,6.5,0.24,210,501,41.9,812,119,46.3,31.8,220,56.8,46.3,359,27,7.5,30,1.11,20.6,Godoy Cruz,40,27.0,31,307,94,30.6,11.37,3.48,0.09,0.31,19.3,23,2,3,31.0,28.7,0.1,0.0,0.3,Godoy Cruz,40,27.0,7750,10698,72.4,151914,65509,3048,3712,82.1,3368,4188,80.4,1150,2212,52.0,18,19.5,18.1,-1.5,204,722,144,53,904,Godoy Cruz,40,27.0,10698,9316,1349,328,11,72,507,627,120,48,53,1,7750,33,257,Godoy Cruz,40,27.0,516,19.11,341,64,26,34,33,18,50,1.85,33,3,2,7,4,1,Godoy Cruz,40,27.0,508,337,226,232,50,242,472,51.3,230,298,56,242,262,770,578,9,Godoy Cruz,40,49.3,27.0,13885,1403,4563,6399,3080,443,13882,449,197,43.9,234,52.1,6667,33912,16172,331,257,82,551,270,7696,893,Godoy Cruz,40,24.9,27,2430,90,100,27.0,297,80,172,126,22,201,1.3,31,28,3,0.11,31.0,32.7,-1.7,-0.06,Godoy Cruz,40,27.0,59,1,0,344,264,33,507,262,337,1,2,2,1131,420,445,48.6
Huracán,29,28.9,48.3,27,297,2430,27.0,26,15,41,23,3,3,63,3,25.0,22.8,16.8,39.5,312,870,0.96,0.56,1.52,0.85,1.41,0.93,0.62,1.55,0.84,1.46,Huracán,2,27,27,2430,27.0,18,0.67,81,63,79.0,12,10,5,15,55.6,1,1,0,0,0.0,Huracán,2,27.0,18,1,0,4,0,23.3,0.28,5.3,0.19,123,432,28.5,659,87,47.5,38.4,233,51.1,43.7,401,26,6.5,9,0.33,10.3,Huracán,29,27.0,26,276,80,29.0,10.22,2.96,0.08,0.29,18.8,14,3,3,25.0,22.8,0.08,1.0,0.2,Huracán,29,27.0,7996,11178,71.5,153823,61315,3262,3910,83.4,3375,4256,79.3,1153,2344,49.2,15,16.8,17.3,-1.8,192,656,174,56,870,Huracán,29,27.0,11178,9814,1301,359,12,94,505,552,111,55,53,0,7996,63,251,Huracán,29,27.0,475,17.59,334,53,16,25,34,13,45,1.67,33,0,3,3,4,2,Huracán,29,27.0,527,344,240,245,42,245,511,47.9,266,359,94,265,261,788,601,1,Huracán,29,48.3,27.0,14412,1465,4925,6574,3040,425,14409,388,165,42.5,199,51.3,6813,32814,16344,312,224,55,480,254,7916,860,Huracán,29,28.9,27,2430,90,100,27.0,297,82,181,114,19,209,1.7,28,18,10,0.37,25.0,25.0,0.0,0.0,Huracán,29,27.0,63,3,2,322,336,63,505,261,344,2,1,0,1222,499,527,48.6
Ind. Rivadavia,38,26.9,44.8,27,297,2430,27.0,22,19,41,20,2,3,67,3,23.5,21.1,16.5,37.7,359,820,0.81,0.7,1.52,0.74,1.44,0.87,0.61,1.48,0.78,1.4,Ind. Rivadavia,2,27,27,2430,27.0,25,0.93,94,68,76.6,10,8,9,11,40.7,4,3,1,0,25.0,Ind. Rivadavia,2,27.0,25,3,1,5,0,23.4,0.21,-1.6,-0.06,129,434,29.7,419,66,61.1,40.5,260,68.5,51.9,466,27,5.8,10,0.37,14.8,Ind. Rivadavia,38,27.0,22,278,83,29.9,10.3,3.07,0.07,0.24,19.3,11,2,3,23.5,21.1,0.08,-1.5,-1.1,Ind. Rivadavia,38,27.0,6609,9717,68.0,130535,55391,2617,3236,80.9,2857,3637,78.6,977,2210,44.2,19,16.5,17.3,2.5,204,636,132,60,820,Ind. Rivadavia,38,27.0,9717,8249,1415,359,11,131,503,645,98,35,45,0,6609,53,283,Ind. Rivadavia,38,27.0,476,17.63,330,57,26,26,30,7,38,1.41,22,8,4,2,2,0,Ind. Rivadavia,38,27.0,456,312,230,190,36,222,416,53.4,194,314,89,225,272,728,713,3,Ind. Rivadavia,38,44.8,27.0,12879,1399,4238,5956,2838,375,12876,444,202,45.5,220,49.5,5666,31535,15664,359,248,63,467,228,6551,809,Ind. Rivadavia,38,26.9,27,2430,90,100,27.0,297,80,166,128,22,195,1.41,23,25,-2,-0.07,23.5,27.1,-3.6,-0.13,Ind. Rivadavia,38,27.0,67,3,1,280,314,53,503,272,312,2,4,0,1119,470,555,45.9
Independiente,33,27.1,50.9,27,297,2430,27.0,24,16,40,21,3,4,90,6,26.8,23.7,17.2,40.9,349,976,0.89,0.59,1.48,0.78,1.37,0.99,0.64,1.63,0.88,1.51,Independiente,1,27,27,2430,27.0,17,0.63,81,63,81.5,9,13,5,15,55.6,3,2,1,0,33.3,Independiente,1,27.0,17,2,0,3,0,23.1,0.26,6.1,0.22,152,368,41.3,596,92,44.6,37.4,223,45.7,38.4,361,31,8.6,16,0.59,12.2,Independiente,33,27.0,24,318,110,34.6,11.78,4.07,0.07,0.19,19.1,20,3,4,26.8,23.7,0.08,-2.8,-2.7,Independiente,33,27.0,7872,10865,72.5,152999,63749,3128,3794,82.4,3419,4250,80.4,1150,2142,53.7,16,17.2,16.7,-1.2,220,668,181,75,976,Independiente,33,27.0,10865,9419,1405,408,18,116,467,615,115,40,65,0,7872,41,281,Independiente,33,27.0,543,20.11,356,64,31,29,41,22,44,1.63,24,6,6,1,6,1,Independiente,33,27.0,458,301,179,212,67,231,428,54.0,197,266,48,218,244,702,547,5,Independiente,33,50.9,27.0,13969,1381,4429,6438,3266,526,13965,529,253,47.8,259,49.0,7216,38730,20160,349,253,72,536,281,7782,967,Independiente,33,27.1,27,2430,90,100,27.0,297,81,180,113,22,209,1.48,25,17,8,0.3,26.8,22.4,4.5,0.17,Independiente,33,27.0,90,6,3,333,368,41,467,244,301,4,3,0,1190,448,448,50.0
Instituto,26,25.4,48.5,27,297,2430,27.0,31,24,55,29,2,3,62,4,28.1,25.7,18.9,44.6,264,879,1.15,0.89,2.04,1.07,1.96,1.04,0.7,1.74,0.95,1.65,Instituto,1,27,27,2430,27.0,31,1.15,94,63,69.1,10,6,11,7,25.9,3,2,1,0,33.3,Instituto,1,27.0,31,2,0,6,1,29.2,0.29,-0.8,-0.03,148,371,39.9,520,73,51.7,40.7,220,46.4,40.9,428,37,8.6,13,0.48,10.5,Instituto,26,27.0,31,334,97,29.0,12.37,3.59,0.09,0.3,18.5,17,2,3,28.1,25.7,0.08,2.9,3.3,Instituto,26,27.0,7447,10711,69.5,143091,64698,3082,3800,81.1,3115,4037,77.2,1055,2254,46.8,24,18.9,19.1,5.1,229,789,161,59,879,Instituto,26,27.0,10711,9276,1408,343,11,58,579,658,129,19,100,0,7447,27,285,Instituto,26,27.0,566,20.96,384,72,28,34,38,10,51,1.89,37,6,2,4,2,0,Instituto,26,27.0,433,283,199,186,48,198,384,51.6,186,350,92,258,234,667,634,2,Instituto,26,48.5,27.0,13784,1333,4215,6284,3422,466,13781,367,155,42.2,200,54.5,6603,31771,14820,264,237,60,469,214,7381,870,Instituto,26,25.4,27,2430,90,100,27.0,297,81,168,128,19,195,1.33,32,31,1,0.04,28.1,30.1,-2.0,-0.07,Instituto,26,27.0,62,4,0,299,310,27,579,234,283,2,3,1,1164,523,565,48.1
Lanús,34,28.6,50.0,27,297,2430,27.0,28,22,50,27,1,1,52,6,29.4,28.6,22.6,51.2,355,954,1.04,0.81,1.85,1.0,1.81,1.09,0.84,1.93,1.06,1.9,Lanús,2,27,27,2430,27.0,31,1.15,117,86,75.2,8,12,7,9,33.3,3,2,1,0,33.3,Lanús,2,27.0,31,2,1,1,1,34.0,0.28,4.0,0.15,140,384,36.5,600,131,42.3,35.7,243,53.5,44.3,419,19,4.5,26,0.96,15.3,Lanús,34,27.0,28,338,112,33.1,12.52,4.15,0.08,0.24,19.5,11,1,1,29.4,28.6,0.09,-1.4,-1.6,Lanús,34,27.0,8807,11720,75.1,163943,67062,3729,4445,83.9,3750,4549,82.4,1117,2071,53.9,22,22.6,18.9,-0.6,242,740,159,64,954,Lanús,34,27.0,11720,10317,1361,348,25,106,521,610,102,45,50,0,8807,42,286,Lanús,34,27.0,585,21.67,410,55,41,39,31,9,47,1.74,32,4,5,5,1,0,Lanús,34,27.0,461,282,210,202,49,249,454,54.8,205,322,79,243,312,773,646,8,Lanús,34,50.0,27.0,15007,1525,4805,7070,3285,449,15006,521,251,48.2,250,48.0,7178,37164,18577,355,278,80,487,275,8717,947,Lanús,34,28.6,27,2430,90,100,27.0,297,80,179,114,24,208,1.33,28,31,-3,-0.11,29.4,31.0,-1.7,-0.06,Lanús,34,27.0,52,6,1,295,314,42,521,312,282,1,3,1,1189,474,428,52.5
Newell's OB,43,26.4,51.1,27,297,2430,27.0,21,13,34,18,3,5,77,3,30.0,26.4,19.8,46.2,360,947,0.78,0.48,1.26,0.67,1.15,1.11,0.73,1.84,0.98,1.71,Newell's OB,3,27,27,2430,27.0,35,1.3,99,65,66.7,7,7,13,8,29.6,3,2,0,1,0.0,Newell's OB,3,27.0,35,2,0,2,1,30.9,0.29,-3.1,-0.12,141,399,35.3,636,96,46.9,40.4,209,48.3,40.4,377,25,6.6,27,1.0,10.1,Newell's OB,43,27.0,21,329,102,31.0,12.19,3.78,0.05,0.18,18.5,8,3,5,30.0,26.4,0.09,-9.0,-8.4,Newell's OB,43,27.0,8015,11052,72.5,154538,61975,3080,3771,81.7,3604,4462,80.8,1113,2160,51.5,13,19.8,20.0,-6.8,246,766,161,70,947,Newell's OB,43,27.0,11052,9621,1389,411,10,88,562,594,113,41,61,0,8015,42,253,Newell's OB,43,27.0,572,21.19,372,81,30,37,42,10,36,1.33,15,6,2,5,7,1,Newell's OB,43,27.0,470,305,222,183,65,230,429,53.6,199,290,63,227,232,702,567,4,Newell's OB,43,51.1,27.0,14106,1369,4381,6662,3217,440,14101,478,224,46.9,228,47.7,7142,39491,20061,360,275,53,461,254,7920,943,Newell's OB,43,26.4,27,2430,90,100,27.0,297,81,169,125,21,195,1.04,22,35,-13,-0.48,30.0,28.3,1.6,0.06,Newell's OB,43,27.0,77,3,1,335,347,42,562,232,305,3,3,1,1170,495,499,49.8
Platense,35,25.9,40.5,27,297,2430,27.0,20,12,32,16,4,5,72,4,23.7,19.7,14.3,34.0,265,745,0.74,0.44,1.19,0.59,1.04,0.88,0.53,1.41,0.73,1.26,Platense,2,27,27,2429,27.0,18,0.67,88,70,80.7,10,9,8,14,51.9,2,1,0,1,0.0,Platense,2,27.0,18,1,1,3,0,21.4,0.24,3.4,0.12,199,561,35.5,504,35,72.2,49.5,210,93.8,64.9,356,25,7.0,30,1.11,16.8,Platense,35,27.0,20,275,79,28.7,10.19,2.93,0.06,0.2,18.3,9,4,5,23.7,19.7,0.07,-3.7,-3.7,Platense,35,27.0,5473,8913,61.4,111287,55405,2245,2987,75.2,2102,3114,67.5,972,2191,44.4,12,14.3,13.5,-2.3,183,630,149,74,745,Platense,35,27.0,8913,7539,1352,329,9,79,576,663,105,18,81,0,5473,22,284,Platense,35,27.0,455,16.85,280,69,29,37,31,9,35,1.3,22,1,3,6,3,0,Platense,35,27.0,602,383,287,237,78,285,534,53.4,249,334,60,274,318,920,685,2,Platense,35,40.5,27.0,12401,1170,3956,5391,3187,431,12396,423,180,42.6,223,52.7,4841,25012,11355,265,214,47,495,244,5403,735,Platense,35,25.9,27,2430,90,100,27.0,297,81,170,126,20,198,1.44,20,18,2,0.07,23.7,21.5,2.2,0.08,Platense,35,27.0,72,4,1,325,280,22,576,318,383,4,2,0,1220,631,514,55.1
Racing Club,32,26.7,55.0,27,297,2430,27.0,41,21,62,38,3,5,63,2,35.2,31.3,22.8,54.1,411,1149,1.52,0.78,2.3,1.41,2.19,1.3,0.85,2.15,1.16,2.0,Racing Club,2,27,27,2430,27.0,30,1.11,97,67,70.1,14,4,9,11,40.7,3,1,1,1,50.0,Racing Club,2,27.0,30,1,0,1,1,25.5,0.25,-3.5,-0.13,119,321,37.1,560,87,38.9,37.0,210,49.0,42.1,325,12,3.7,26,0.96,11.9,Racing Club,32,27.0,41,398,121,30.4,14.74,4.48,0.1,0.31,20.6,26,3,5,35.2,31.3,0.08,5.8,6.7,Racing Club,32,27.0,9314,12365,75.3,182915,69630,3611,4263,84.7,4156,5010,83.0,1340,2436,55.0,21,22.8,22.5,-1.8,280,910,205,66,1149,Racing Club,32,27.0,12365,10986,1322,313,22,154,544,578,164,68,65,1,9314,57,272,Racing Club,32,27.0,674,24.96,468,68,42,46,38,12,64,2.37,40,7,3,8,4,2,Racing Club,32,27.0,468,307,202,202,64,218,417,52.3,199,284,63,221,237,705,606,8,Racing Club,32,55.0,27.0,15529,1391,4511,7355,3824,552,15524,457,231,50.5,209,45.7,8068,41378,21543,411,313,98,489,238,9235,1142,Racing Club,32,26.7,27,2430,90,100,27.0,297,81,170,126,22,197,1.7,42,30,12,0.44,35.2,27.4,7.8,0.29,Racing Club,32,27.0,63,2,1,333,278,57,544,237,307,2,3,1,1209,437,396,52.5
River Plate,37,28.0,65.0,27,297,2430,27.0,38,22,60,33,5,5,71,2,44.9,41.0,31.6,72.6,514,1510,1.41,0.81,2.22,1.22,2.04,1.66,1.17,2.83,1.52,2.69,River Plate,3,27,27,2430,27.0,21,0.78,89,67,80.9,11,10,6,11,40.7,5,4,1,0,20.0,River Plate,3,27.0,21,4,0,1,0,24.9,0.23,3.9,0.14,70,156,44.9,514,149,21.0,29.1,188,25.5,31.1,283,13,4.6,24,0.89,15.6,River Plate,37,27.0,38,432,146,33.8,16.0,5.41,0.08,0.23,18.4,23,5,5,44.9,41.0,0.1,-6.9,-8.0,River Plate,37,27.0,12800,15902,80.5,228739,86600,5539,6425,86.2,5656,6554,86.3,1306,2122,61.5,22,31.6,29.9,-9.6,330,1243,270,73,1510,River Plate,37,27.0,15902,14406,1444,375,34,88,629,673,160,46,90,0,12800,52,310,River Plate,37,27.0,798,29.56,610,66,34,42,38,8,64,2.37,40,5,5,8,5,1,River Plate,37,27.0,505,334,220,220,65,242,416,58.2,174,299,62,237,263,768,448,6,River Plate,37,65.0,27.0,19121,1275,4846,9530,4916,678,19116,583,260,44.6,309,53.0,10964,53471,26892,514,430,121,498,285,12694,1499,River Plate,37,28.0,27,2430,90,100,27.0,297,79,170,126,25,196,1.59,38,21,17,0.63,44.9,25.4,19.5,0.72,River Plate,37,27.0,71,2,1,347,341,52,629,263,334,2,5,0,1343,443,372,54.4
Rosario Central,36,28.0,51.1,27,297,2430,27.0,26,20,46,23,3,5,90,2,25.6,21.7,17.9,39.6,376,900,0.96,0.74,1.7,0.85,1.59,0.95,0.66,1.61,0.8,1.47,Rosario Central,2,27,27,2430,27.0,30,1.11,116,87,76.7,8,8,11,7,25.9,4,3,0,1,0.0,Rosario Central,2,27.0,30,3,1,4,1,29.3,0.23,0.3,0.01,134,340,39.4,539,130,42.5,42.4,202,55.0,45.0,340,14,4.1,10,0.37,12.9,Rosario Central,36,27.0,26,274,78,28.5,10.15,2.89,0.08,0.29,18.8,16,3,5,25.6,21.7,0.08,0.4,1.3,Rosario Central,36,27.0,8161,11357,71.9,152146,63868,3487,4195,83.1,3462,4377,79.1,1013,2075,48.8,20,17.9,20.2,2.1,197,690,161,55,900,Rosario Central,36,27.0,11357,9890,1411,352,35,83,548,671,131,39,69,0,8161,56,314,Rosario Central,36,27.0,480,17.78,320,62,21,27,40,10,47,1.74,28,5,3,5,6,0,Rosario Central,36,27.0,498,329,219,219,60,217,421,51.5,204,333,65,268,314,812,570,8,Rosario Central,36,51.1,27.0,14536,1367,4777,6696,3231,417,14531,455,212,46.6,227,49.9,7335,38123,18482,376,269,65,483,267,8103,896,Rosario Central,36,28.0,27,2430,90,100,27.0,297,81,180,115,23,207,1.19,27,30,-3,-0.11,25.6,26.2,-0.6,-0.02,Rosario Central,36,27.0,90,2,2,348,330,56,548,314,329,4,4,1,1242,481,438,52.3
San Lorenzo,38,25.7,53.3,27,297,2430,27.0,20,9,29,15,5,6,57,3,24.7,20.0,13.7,33.6,355,955,0.74,0.33,1.07,0.56,0.89,0.91,0.51,1.42,0.74,1.25,San Lorenzo,4,27,27,2430,27.0,26,0.96,88,64,72.7,7,8,12,7,25.9,2,2,0,0,0.0,San Lorenzo,4,27.0,26,2,1,3,2,25.7,0.29,1.7,0.06,119,340,35.0,491,73,43.6,29.2,231,54.5,45.3,363,10,2.8,15,0.56,4.5,San Lorenzo,38,27.0,20,299,80,26.8,11.07,2.96,0.05,0.19,20.5,22,5,6,24.7,20.0,0.07,-4.7,-5.0,San Lorenzo,38,27.0,8431,11506,73.3,155249,62657,3478,4207,82.7,3732,4600,81.1,956,1983,48.2,9,13.7,16.4,-4.7,196,786,156,57,955,San Lorenzo,38,27.0,11506,9965,1497,431,6,58,534,651,131,55,61,1,8431,44,285,San Lorenzo,38,27.0,516,19.11,307,73,30,34,57,15,33,1.22,20,2,2,3,4,2,San Lorenzo,38,27.0,519,342,242,207,70,246,440,55.9,194,287,64,223,252,771,570,5,San Lorenzo,38,53.3,27.0,14731,1319,4373,7210,3299,438,14725,539,230,42.7,287,53.2,7265,39660,20133,355,285,62,499,261,8349,944,San Lorenzo,38,25.7,27,2430,90,100,27.0,297,81,181,116,22,205,1.07,20,26,-6,-0.22,24.7,26.3,-1.7,-0.06,San Lorenzo,38,27.0,57,3,1,295,395,44,534,252,342,4,2,2,1205,508,469,52.0
Sarmiento,37,28.1,37.8,27,297,2430,27.0,17,13,30,15,2,2,65,2,24.9,23.5,18.3,41.8,257,690,0.63,0.48,1.11,0.56,1.04,0.92,0.68,1.6,0.87,1.55,Sarmiento,3,27,27,2430,27.0,28,1.04,118,91,78.0,5,11,11,10,37.0,2,2,0,0,0.0,Sarmiento,3,27.0,28,2,1,8,1,33.1,0.28,6.1,0.23,155,522,29.7,444,53,64.9,48.0,305,76.7,58.5,466,17,3.6,9,0.33,11.1,Sarmiento,37,27.0,17,276,76,27.5,10.22,2.81,0.05,0.2,19.2,7,2,2,24.9,23.5,0.09,-7.9,-8.5,Sarmiento,37,27.0,5272,8467,62.3,103400,50332,2166,2829,76.6,2209,3072,71.9,743,1974,37.6,13,18.3,13.5,-5.3,199,529,125,48,690,Sarmiento,37,27.0,8467,7046,1373,275,15,54,437,647,92,39,45,0,5272,48,269,Sarmiento,37,27.0,456,16.89,306,54,27,31,26,12,29,1.07,18,2,0,5,2,2,Sarmiento,37,27.0,490,294,260,173,57,235,456,51.5,221,314,112,202,265,755,759,7,Sarmiento,37,37.8,27.0,11701,1600,4288,4965,2582,393,11699,387,171,44.2,202,52.2,4635,25299,12903,257,206,53,426,215,5213,681,Sarmiento,37,28.1,27,2430,90,100,27.0,297,80,164,132,22,191,0.96,18,28,-10,-0.37,24.9,35.2,-10.3,-0.38,Sarmiento,37,27.0,65,2,1,366,252,48,437,265,294,2,2,1,1133,471,544,46.4
Talleres,34,26.9,55.3,27,297,2430,27.0,34,27,61,32,2,2,71,4,31.6,30.1,21.4,51.5,419,1087,1.26,1.0,2.26,1.19,2.19,1.17,0.79,1.97,1.11,1.91,Talleres,2,27,27,2430,27.0,27,1.0,92,66,75.0,13,9,5,11,40.7,4,4,0,0,0.0,Talleres,2,27.0,27,4,0,4,1,21.9,0.21,-4.1,-0.15,178,401,44.4,622,75,51.0,41.1,202,41.6,37.3,404,29,7.2,18,0.67,11.9,Talleres,34,27.0,34,371,106,28.6,13.74,3.93,0.09,0.3,20.5,17,2,2,31.6,30.1,0.08,2.4,1.9,Talleres,34,27.0,10123,12834,78.9,194362,73223,3924,4540,86.4,4668,5437,85.9,1290,2197,58.7,27,21.4,22.8,5.6,267,922,209,68,1087,Talleres,34,27.0,12834,11498,1284,334,25,112,488,590,104,32,58,0,10123,52,218,Talleres,34,27.0,631,23.37,471,51,29,32,36,12,63,2.33,45,3,6,3,5,1,Talleres,34,27.0,473,302,235,184,54,199,362,55.0,163,286,76,210,253,726,575,5,Talleres,34,55.3,27.0,16035,1433,4673,7817,3688,489,16033,511,237,46.4,249,48.7,8693,44983,22786,419,324,81,493,261,10031,1083,Talleres,34,26.9,27,2430,90,100,27.0,297,80,165,130,21,193,1.78,34,27,7,0.26,31.6,24.7,7.0,0.26,Talleres,34,27.0,71,4,1,297,291,52,488,253,302,2,4,1,1192,385,414,48.2
Tigre,35,24.7,52.0,27,297,2430,27.0,25,20,45,23,2,2,49,1,26.7,25.1,20.7,45.8,475,1037,0.93,0.74,1.67,0.85,1.59,0.99,0.77,1.76,0.93,1.7,Tigre,2,27,27,2430,27.0,30,1.11,107,78,74.8,8,10,9,9,33.3,3,3,0,0,0.0,Tigre,2,27.0,30,3,0,4,1,32.3,0.28,3.3,0.12,80,237,33.8,588,149,26.7,30.3,239,33.5,32.8,457,39,8.5,15,0.56,8.8,Tigre,35,27.0,25,289,93,32.2,10.7,3.44,0.08,0.25,19.2,12,2,2,26.7,25.1,0.09,-1.7,-2.1,Tigre,35,27.0,9717,12737,76.3,175432,65625,4051,4781,84.7,4401,5286,83.3,1013,1931,52.5,20,20.7,19.0,-0.7,211,741,180,51,1037,Tigre,35,27.0,12737,11297,1392,324,28,77,474,670,102,34,50,0,9717,48,291,Tigre,35,27.0,491,18.19,350,49,31,30,23,8,41,1.52,27,3,6,4,1,0,Tigre,35,27.0,490,301,211,226,53,241,447,53.9,206,302,82,220,251,741,617,8,Tigre,35,52.0,27.0,15980,1634,4959,7633,3553,460,15978,540,252,46.7,266,49.3,8444,45835,23859,475,345,90,464,292,9632,1026,Tigre,35,24.7,27,2430,90,100,27.0,297,81,187,111,23,203,1.26,27,30,-3,-0.11,26.7,30.8,-4.1,-0.15,Tigre,35,27.0,49,1,1,319,271,48,474,251,301,1,3,1,1218,473,437,52.0
Unión,28,26.1,49.0,27,297,2430,27.0,25,16,41,22,3,3,64,4,28.2,25.8,19.0,44.8,337,971,0.93,0.59,1.52,0.81,1.41,1.04,0.7,1.75,0.96,1.66,Unión,2,27,27,2430,27.0,26,0.96,97,70,79.4,11,7,9,12,44.4,7,6,1,0,14.3,Unión,2,27.0,26,6,0,3,0,27.5,0.22,1.5,0.06,130,378,34.4,493,115,50.9,39.5,232,54.7,43.6,371,21,5.7,21,0.78,28.0,Unión,28,27.0,25,342,92,26.9,12.67,3.41,0.06,0.24,18.9,9,3,3,28.2,25.8,0.08,-3.2,-3.8,Unión,28,27.0,7690,10824,71.0,157640,63955,2631,3314,79.4,3713,4600,80.7,1209,2328,51.9,16,19.0,19.9,-3.0,242,757,209,80,971,Unión,28,27.0,10824,9423,1361,327,14,86,587,639,111,17,76,0,7690,40,272,Unión,28,27.0,591,21.89,415,64,35,43,25,9,42,1.56,25,2,3,7,5,0,Unión,28,27.0,501,321,230,209,62,239,468,51.1,229,274,57,217,268,769,561,1,Unión,28,49.0,27.0,13970,1293,4397,6313,3412,484,13967,417,188,45.1,209,50.1,6780,35978,18695,337,272,60,488,241,7604,959,Unión,28,26.1,27,2430,90,100,27.0,297,81,163,131,21,183,1.48,27,26,1,0.04,28.2,26.8,1.4,0.05,Unión,28,27.0,64,4,2,294,274,40,587,268,321,3,7,0,1169,480,482,49.9
Vélez Sarsfield,33,26.5,53.6,27,297,2430,27.0,37,23,60,32,5,6,56,4,39.0,34.1,27.0,61.1,508,1201,1.37,0.85,2.22,1.19,2.04,1.44,1.0,2.44,1.26,2.26,Vélez Sarsfield,3,27,27,2430,27.0,16,0.59,80,64,82.5,14,9,4,16,59.3,3,2,1,0,33.3,Vélez Sarsfield,3,27.0,16,2,1,3,1,18.7,0.21,3.7,0.14,100,302,33.1,602,144,37.0,34.6,215,36.7,35.0,356,16,4.5,22,0.81,14.6,Vélez Sarsfield,33,27.0,37,337,110,32.6,12.48,4.07,0.09,0.29,19.0,19,5,6,39.0,34.1,0.1,-2.0,-2.1,Vélez Sarsfield,33,27.0,8885,12123,73.3,161752,63417,3852,4632,83.2,3707,4682,79.2,1070,1979,54.1,23,27.0,24.7,-4.0,246,793,214,45,1201,Vélez Sarsfield,33,27.0,12123,10656,1422,379,37,107,499,648,137,43,61,1,8885,45,333,Vélez Sarsfield,33,27.0,584,21.63,421,59,28,30,35,11,58,2.15,44,1,3,5,4,1,Vélez Sarsfield,33,27.0,488,295,235,197,56,223,431,51.7,208,308,73,235,237,725,627,6,Vélez Sarsfield,33,53.6,27.0,15475,1522,4780,6967,3910,548,15469,530,238,44.9,270,50.9,7550,44645,24490,508,348,100,550,290,8790,1186,Vélez Sarsfield,33,26.5,27,2430,90,100,27.0,297,83,183,111,18,210,1.89,38,16,22,0.81,39.0,22.5,16.4,0.61,Vélez Sarsfield,33,27.0,56,4,1,289,344,45,499,237,295,3,3,1,1357,432,489,46.9
Angers,30,27.5,41.2,34,374,3060,34.0,31,17,48,26,5,6,49,2,36.0,31.3,23.5,54.7,502,953,0.91,0.5,1.41,0.76,1.26,1.06,0.69,1.75,0.92,1.61,Angers,2,34,34,3060,34.0,53,1.56,190,137,74.2,10,6,18,7,20.6,5,4,0,1,0.0,Angers,2,34.0,53,4,0,7,0,65.9,0.34,12.9,0.38,146,446,32.7,762,184,39.0,35.8,283,52.7,42.1,551,49,8.9,22,0.65,10.7,Angers,30,34.0,31,311,91,29.3,9.15,2.68,0.08,0.29,18.3,13,5,6,36.0,31.3,0.1,-5.0,-5.3,Angers,30,34.0,11082,14057,78.8,195284,73447,4970,5624,88.4,4828,5656,85.4,1022,2043,50.0,17,23.5,22.7,-6.5,216,777,200,63,953,Angers,30,34.0,14057,12474,1514,422,53,69,575,594,129,52,54,4,11082,69,256,Angers,30,34.0,546,16.06,389,49,25,33,29,21,55,1.62,34,4,3,4,8,2,Angers,30,34.0,624,392,340,202,82,294,607,48.4,313,365,116,249,336,960,903,20,Angers,30,41.2,34.0,17919,2146,6594,7732,3813,512,17913,613,249,40.6,331,54.0,9398,51759,26951,502,365,98,493,297,10991,943,Angers,30,27.5,34,3060,90,100,34.0,374,81,216,157,20,148,1.06,32,53,-21,-0.62,36.0,57.8,-21.8,-0.64,Angers,30,34.0,49,2,0,380,398,69,575,336,392,6,5,0,1414,334,428,43.8
Auxerre,29,25.9,42.5,34,374,3060,34.0,47,35,82,43,4,5,68,4,41.0,37.3,32.0,69.3,484,1084,1.38,1.03,2.41,1.26,2.29,1.21,0.94,2.15,1.1,2.04,Auxerre,2,34,34,3060,34.0,51,1.5,173,123,74.0,11,9,14,10,29.4,8,6,2,0,25.0,Auxerre,2,34.0,51,6,0,7,3,59.3,0.31,11.3,0.33,221,680,32.5,944,178,54.6,42.0,244,67.6,49.8,556,31,5.6,42,1.24,14.6,Auxerre,29,34.0,47,375,144,38.4,11.03,4.24,0.11,0.3,17.5,10,4,5,41.0,37.3,0.1,6.0,5.7,Auxerre,29,34.0,11002,14162,77.7,201495,77527,4812,5517,87.2,4576,5349,85.5,1301,2498,52.1,35,32.0,24.3,3.0,296,804,212,68,1084,Auxerre,29,34.0,14162,12617,1497,451,34,168,542,584,134,49,65,0,11002,48,287,Auxerre,29,34.0,688,20.24,512,58,35,38,25,20,87,2.56,52,10,8,7,9,1,Auxerre,29,34.0,657,403,330,232,95,316,606,52.1,290,394,125,269,350,1007,944,17,Auxerre,29,42.5,34.0,18188,2265,6744,7753,3877,614,18183,622,258,41.5,324,52.1,10101,51428,24986,484,350,137,452,346,10927,1078,Auxerre,29,25.9,34,3060,90,100,34.0,374,83,215,155,16,151,1.24,48,51,-3,-0.09,41.0,58.6,-17.6,-0.52,Auxerre,29,34.0,68,4,1,404,362,48,542,350,403,4,8,3,1492,412,422,49.4
Brest,30,28.2,48.4,34,374,3060,34.0,52,32,84,45,7,9,69,3,45.4,38.3,29.4,67.8,470,1096,1.53,0.94,2.47,1.32,2.26,1.33,0.87,2.2,1.13,1.99,Brest,2,34,34,3060,34.0,59,1.74,141,83,63.8,15,5,14,10,29.4,10,8,1,1,11.1,Brest,2,34.0,59,8,1,5,2,49.0,0.3,-8.0,-0.23,224,542,41.3,944,141,41.9,36.0,242,60.3,46.2,489,34,7.0,56,1.65,16.2,Brest,30,34.0,52,409,151,36.9,12.03,4.44,0.11,0.3,17.0,7,7,9,45.4,38.3,0.1,6.6,6.7,Brest,30,34.0,12678,16021,79.1,235901,85305,5284,6055,87.3,5575,6467,86.2,1526,2732,55.9,32,29.4,30.3,2.6,302,929,189,64,1096,Brest,30,34.0,16021,14404,1575,485,41,133,641,614,142,71,62,0,12678,42,292,Brest,30,34.0,730,21.47,498,81,25,48,55,23,85,2.5,51,6,4,13,8,3,Brest,30,34.0,656,426,291,255,110,308,583,52.8,275,363,105,258,316,972,869,14,Brest,30,48.4,34.0,19884,2240,6822,8962,4265,644,19875,490,209,42.7,245,50.0,10454,55353,26772,470,348,117,509,246,12586,1084,Brest,30,28.2,34,3060,90,100,34.0,374,82,226,147,20,152,1.47,52,59,-7,-0.21,45.4,57.4,-12.0,-0.35,Brest,30,34.0,69,3,1,430,413,42,641,316,426,5,10,2,1471,534,508,51.2
Le Havre,31,26.9,43.1,34,374,3060,34.0,37,21,58,28,9,10,56,4,41.4,33.4,24.4,57.8,538,1051,1.09,0.62,1.71,0.82,1.44,1.22,0.72,1.94,0.98,1.7,Le Havre,2,34,34,3060,34.0,71,2.09,175,104,62.3,10,4,20,4,11.8,6,5,1,0,16.7,Le Havre,2,34.0,71,5,1,8,1,72.9,0.4,2.9,0.09,135,334,40.4,817,147,31.0,32.4,238,34.0,31.1,546,33,6.0,15,0.44,10.5,Le Havre,31,34.0,37,339,97,28.6,9.97,2.85,0.08,0.29,17.8,14,9,10,41.4,33.4,0.1,-4.4,-5.4,Le Havre,31,34.0,11125,14115,78.8,205190,72072,4445,5095,87.2,5289,6120,86.4,1156,2182,53.0,21,24.4,25.8,-3.4,230,786,201,85,1051,Le Havre,31,34.0,14115,12577,1488,442,24,82,695,572,131,89,31,0,11125,50,274,Le Havre,31,34.0,588,17.29,386,57,32,45,53,15,62,1.82,38,3,4,8,8,1,Le Havre,31,34.0,621,387,326,212,83,304,562,54.1,258,362,131,231,324,945,987,24,Le Havre,31,43.1,34.0,17975,2197,6737,7822,3637,581,17965,512,233,45.5,236,46.1,9506,52339,26445,538,347,93,448,311,11013,1033,Le Havre,31,26.9,34,3060,90,100,34.0,374,82,224,147,19,159,1.0,40,71,-31,-0.91,41.4,62.8,-21.4,-0.63,Le Havre,31,34.0,56,4,1,379,403,50,695,324,387,6,6,1,1399,451,436,50.8
Lens,33,27.1,54.1,34,374,3060,34.0,40,26,66,35,5,5,86,8,51.8,48.3,36.2,84.4,570,1451,1.18,0.76,1.94,1.03,1.79,1.52,1.06,2.59,1.42,2.48,Lens,3,34,34,3060,34.0,39,1.15,142,102,78.2,15,7,12,13,38.2,9,8,1,0,11.1,Lens,3,34.0,39,8,2,4,0,48.1,0.29,9.1,0.27,142,340,41.8,852,162,31.7,32.3,201,34.8,31.0,381,41,10.8,34,1.0,11.6,Lens,33,34.0,40,484,148,30.6,14.24,4.35,0.07,0.24,16.7,7,5,5,51.8,48.3,0.1,-11.8,-13.3,Lens,33,34.0,14837,18173,81.6,244876,87655,7330,8209,89.3,5806,6685,86.9,1219,2163,56.4,26,36.2,41.1,-10.2,365,1117,354,100,1451,Lens,33,34.0,18173,16605,1484,396,59,78,706,628,186,87,71,0,14837,84,346,Lens,33,34.0,859,25.26,647,70,42,66,22,12,65,1.91,47,2,5,8,2,1,Lens,33,34.0,606,365,264,233,109,299,579,51.6,280,387,101,286,321,927,705,19,Lens,33,54.1,34.0,22167,1929,6346,10186,5833,848,22162,582,249,42.8,297,51.0,12325,60837,30074,570,479,122,576,341,14727,1440,Lens,33,27.1,34,3060,90,100,34.0,374,81,214,158,19,146,1.53,42,39,3,0.09,51.8,45.3,6.5,0.19,Lens,33,34.0,86,8,3,499,360,84,706,321,365,2,9,0,1576,450,414,52.1
Lille,27,26.1,57.6,34,374,3060,34.0,52,29,81,45,7,10,77,2,54.7,47.5,35.1,82.6,669,1616,1.53,0.85,2.38,1.32,2.18,1.61,1.03,2.64,1.4,2.43,Lille,1,34,34,3060,34.0,36,1.06,126,91,74.6,17,9,8,11,32.4,4,4,0,0,0.0,Lille,1,34.0,36,4,0,6,1,42.2,0.32,7.2,0.21,112,288,38.9,874,144,28.4,29.6,206,19.4,24.5,373,21,5.6,24,0.71,13.9,Lille,27,34.0,52,424,154,36.3,12.47,4.53,0.11,0.29,16.6,15,7,10,54.7,47.5,0.12,-2.7,-2.5,Lille,27,34.0,16765,19728,85.0,293593,93730,7248,8031,90.3,7757,8568,90.5,1382,2203,62.7,29,35.1,40.0,-6.1,318,1393,345,70,1616,Lille,27,34.0,19728,18220,1460,415,42,101,535,602,168,50,70,1,16765,48,308,Lille,27,34.0,769,22.62,582,62,33,52,31,9,84,2.47,51,4,4,14,9,2,Lille,27,34.0,626,356,241,273,112,311,554,56.1,243,302,74,228,271,897,637,22,Lille,27,57.6,34.0,23278,1932,6099,11352,5991,854,23268,598,283,47.3,288,48.2,13642,71203,37395,669,512,158,513,300,16614,1603,Lille,27,26.1,34,3060,90,100,34.0,374,82,218,156,20,149,1.76,52,36,16,0.47,54.7,42.5,12.2,0.36,Lille,27,34.0,77,2,1,410,376,48,535,271,356,8,4,1,1535,392,350,52.8
Lyon,31,27.4,56.4,34,374,3060,34.0,62,46,108,54,8,10,60,0,60.3,52.5,44.4,96.9,709,1615,1.82,1.35,3.18,1.59,2.94,1.77,1.31,3.08,1.54,2.85,Lyon,2,34,34,3060,34.0,46,1.35,166,120,74.1,17,6,11,10,29.4,3,3,0,0,0.0,Lyon,2,34.0,46,3,1,6,0,49.2,0.29,3.2,0.09,102,314,32.5,848,185,29.7,27.5,218,28.4,28.9,422,26,6.2,29,0.85,7.0,Lyon,31,34.0,62,434,173,39.9,12.76,5.09,0.12,0.31,16.2,6,8,10,60.3,52.5,0.12,1.7,1.5,Lyon,31,34.0,16061,19063,84.3,263677,88666,7944,8738,90.9,6605,7372,89.6,1102,1978,55.7,46,44.4,52.5,1.6,350,1215,371,58,1615,Lyon,31,34.0,19063,17487,1505,416,61,112,598,606,185,79,75,0,16061,71,353,Lyon,31,34.0,802,23.59,637,52,34,51,24,4,114,3.35,90,2,7,9,6,0,Lyon,31,34.0,576,340,257,230,89,310,595,52.1,285,346,113,233,282,858,695,25,Lyon,31,56.4,34.0,22636,2155,6644,10377,5810,999,22626,546,238,43.6,277,50.7,13430,67925,36807,709,483,201,456,281,15904,1600,Lyon,31,27.4,34,3060,90,100,34.0,374,83,232,143,18,163,1.68,65,46,19,0.56,60.3,45.7,14.6,0.43,Lyon,31,34.0,60,0,0,407,357,71,598,282,340,6,3,0,1422,305,332,47.9
Marseille,32,26.7,63.3,34,374,3060,34.0,70,49,119,62,8,10,64,6,63.8,55.8,44.6,100.5,664,1714,2.06,1.44,3.5,1.82,3.26,1.88,1.31,3.19,1.64,2.96,Marseille,1,34,34,3060,34.0,47,1.38,135,87,67.4,20,5,9,5,14.7,6,3,3,0,50.0,Marseille,1,34.0,47,3,1,4,2,47.5,0.33,2.5,0.07,92,202,45.5,1023,133,16.1,24.4,179,20.7,22.5,309,28,9.1,59,1.74,18.3,Marseille,32,34.0,70,481,185,38.5,14.15,5.44,0.13,0.34,16.7,15,8,10,63.8,55.8,0.12,6.2,6.2,Marseille,32,34.0,20427,23240,87.9,323783,101486,10229,10983,93.1,8543,9350,91.4,1062,1793,59.2,49,44.6,43.4,4.4,381,1513,325,69,1714,Marseille,32,34.0,23240,21718,1469,454,58,75,609,578,177,80,69,0,20427,53,328,Marseille,32,34.0,878,25.82,648,71,55,64,25,15,129,3.79,99,3,8,8,7,4,Marseille,32,34.0,552,358,244,229,79,274,472,58.1,198,272,70,202,280,832,523,31,Marseille,32,63.3,34.0,26602,1928,6930,13580,6271,850,26592,607,278,45.8,300,49.4,16260,75565,39382,664,499,197,471,313,20224,1703,Marseille,32,26.7,34,3060,90,100,34.0,374,81,225,147,21,158,1.91,74,47,27,0.79,63.8,45.2,18.6,0.55,Marseille,32,34.0,64,6,4,394,371,53,609,280,358,5,6,2,1485,312,249,55.6
Monaco,28,24.4,55.0,34,374,3060,34.0,63,49,112,57,6,7,60,4,72.8,67.7,55.3,123.0,670,1638,1.85,1.44,3.29,1.68,3.12,2.14,1.63,3.77,1.99,3.62,Monaco,2,34,34,3060,34.0,41,1.21,128,87,70.3,18,7,9,11,32.4,3,3,0,0,0.0,Monaco,2,34.0,41,3,1,3,0,38.3,0.29,-2.7,-0.08,77,269,28.6,737,146,27.1,30.5,216,31.9,31.9,379,30,7.9,38,1.12,14.0,Monaco,28,34.0,63,493,180,36.5,14.5,5.29,0.12,0.32,15.7,9,6,7,72.8,67.7,0.14,-9.8,-10.7,Monaco,28,34.0,14561,17916,81.3,245412,90154,6877,7784,88.3,6192,7109,87.1,1143,2134,53.6,49,55.3,54.1,-6.3,390,1232,391,59,1638,Monaco,28,34.0,17916,16257,1590,494,88,88,563,622,184,87,70,0,14561,69,288,Monaco,28,34.0,868,25.53,658,67,38,56,31,18,106,3.12,77,7,4,11,5,2,Monaco,28,34.0,670,429,281,287,102,339,624,54.3,285,350,70,280,357,1027,667,18,Monaco,28,55.0,34.0,21883,1745,5633,10914,5558,969,21876,613,266,43.4,300,48.9,12485,65950,34414,670,534,187,601,341,14447,1629,Monaco,28,24.4,34,3060,90,100,34.0,374,82,219,153,19,152,1.79,63,41,22,0.65,72.8,34.8,38.0,1.12,Monaco,28,34.0,60,4,2,462,444,69,563,357,429,3,3,0,1763,426,421,50.3
Montpellier,35,26.1,45.3,34,374,3060,34.0,23,13,36,20,3,4,87,7,33.5,30.4,23.0,53.4,529,1039,0.68,0.38,1.06,0.59,0.97,0.98,0.68,1.66,0.89,1.57,Montpellier,2,34,34,3060,34.0,79,2.32,194,117,63.4,4,4,26,1,2.9,9,8,1,0,11.1,Montpellier,2,34.0,79,8,0,5,3,66.2,0.3,-9.8,-0.29,197,496,39.7,840,134,45.1,36.2,271,43.2,35.4,463,28,6.0,29,0.85,14.3,Montpellier,35,34.0,23,371,111,29.9,10.91,3.26,0.05,0.18,18.7,20,3,4,33.5,30.4,0.09,-10.5,-10.4,Montpellier,35,34.0,11442,14420,79.3,210740,76029,4844,5530,87.6,4897,5675,86.3,1384,2425,57.1,13,23.0,23.6,-10.0,255,875,169,75,1039,Montpellier,35,34.0,14420,12786,1569,460,45,109,646,575,155,55,75,0,11442,65,276,Montpellier,35,34.0,614,18.06,429,57,32,34,44,18,39,1.15,23,4,5,3,4,0,Montpellier,35,34.0,631,389,302,264,65,310,608,51.0,298,368,123,245,273,904,733,25,Montpellier,35,45.3,34.0,18133,2072,6036,8263,4032,540,18129,609,262,43.0,302,49.6,9615,54614,27149,529,362,138,478,296,11348,1030,Montpellier,35,26.1,34,3060,90,100,34.0,374,81,219,151,23,147,0.47,23,79,-56,-1.65,33.5,63.3,-29.9,-0.88,Montpellier,35,34.0,87,7,2,427,438,65,646,273,389,3,9,3,1349,374,442,45.8
Nantes,30,26.7,40.4,34,374,3060,34.0,39,27,66,34,5,5,71,4,39.1,35.3,27.8,63.1,502,1053,1.15,0.79,1.94,1.0,1.79,1.15,0.82,1.97,1.04,1.86,Nantes,3,34,34,3060,34.0,52,1.53,148,99,69.6,8,12,14,6,17.6,8,7,0,1,0.0,Nantes,3,34.0,52,7,0,4,3,50.8,0.31,1.8,0.05,151,463,32.6,809,139,39.9,35.8,240,58.3,41.5,588,33,5.6,15,0.44,11.0,Nantes,30,34.0,39,345,119,34.5,10.15,3.5,0.1,0.29,15.9,4,5,5,39.1,35.3,0.11,-0.1,-1.3,Nantes,30,34.0,10999,13956,78.8,198112,76026,4741,5379,88.1,4886,5607,87.1,1116,2236,49.9,27,27.8,26.3,-0.8,257,878,216,85,1053,Nantes,30,34.0,13956,12362,1563,437,28,46,611,658,143,67,61,0,10999,31,280,Nantes,30,34.0,616,18.12,441,59,43,37,23,13,64,1.88,46,1,8,6,3,0,Nantes,30,34.0,645,376,338,224,83,321,565,56.8,244,402,116,286,283,928,1007,10,Nantes,30,40.4,34.0,17874,2137,6120,8089,3839,644,17869,525,227,43.2,278,53.0,9492,48016,23741,502,344,141,485,286,10932,1044,Nantes,30,26.7,34,3060,90,100,34.0,374,83,219,155,15,151,1.06,39,52,-13,-0.38,39.1,55.5,-16.4,-0.48,Nantes,30,34.0,71,4,0,413,389,31,611,283,376,3,8,3,1289,426,439,49.2
Nice,31,26.4,47.5,34,374,3060,34.0,62,43,105,56,6,6,59,5,61.6,56.9,42.9,99.8,701,1320,1.82,1.26,3.09,1.65,2.91,1.81,1.26,3.07,1.67,2.93,Nice,1,34,34,3060,34.0,41,1.21,161,120,75.8,17,9,8,8,23.5,3,2,1,0,33.3,Nice,1,34.0,41,2,0,4,1,43.0,0.26,3.0,0.09,112,272,41.2,877,173,24.5,28.6,233,24.5,25.3,470,39,8.3,33,0.97,12.8,Nice,31,34.0,62,486,183,37.7,14.29,5.38,0.12,0.31,16.2,14,6,6,61.6,56.9,0.13,0.4,-0.9,Nice,31,34.0,13129,16103,81.5,221429,82784,6345,7100,89.4,5509,6336,86.9,1015,1909,53.2,43,42.9,40.6,0.1,353,951,321,65,1320,Nice,31,34.0,16103,14573,1474,440,88,62,599,556,170,60,72,0,13129,56,299,Nice,31,34.0,861,25.32,626,63,53,61,38,20,105,3.09,74,8,6,8,8,1,Nice,31,34.0,633,399,297,242,94,297,534,55.6,237,417,127,290,365,998,784,32,Nice,31,47.5,34.0,20206,2171,6488,9270,4693,843,20200,687,295,42.9,346,50.4,10937,58506,32981,701,413,171,540,315,13013,1312,Nice,31,26.4,34,3060,90,100,34.0,374,83,213,158,17,148,1.76,66,41,25,0.74,61.6,40.2,21.4,0.63,Nice,31,34.0,59,5,2,391,417,56,599,365,399,5,3,1,1608,427,402,51.5
Paris S-G,28,23.6,68.0,34,374,3060,34.0,89,69,158,83,6,7,37,0,88.9,83.3,70.8,154.1,936,2123,2.62,2.03,4.65,2.44,4.47,2.61,2.08,4.7,2.45,4.53,Paris S-G,3,34,34,3060,34.0,35,1.03,103,69,68.9,26,6,2,7,20.6,3,3,0,0,0.0,Paris S-G,3,34.0,35,3,1,6,1,30.4,0.28,-3.6,-0.11,74,188,39.4,818,140,17.8,29.1,156,26.9,26.4,298,16,5.4,34,1.0,18.0,Paris S-G,28,34.0,89,628,272,43.3,18.47,8.0,0.13,0.31,16.3,13,6,7,88.9,83.3,0.14,0.1,-0.3,Paris S-G,28,34.0,23156,25781,89.8,384671,110280,10887,11622,93.7,10098,10815,93.4,1623,2267,71.6,69,70.8,61.3,-1.8,521,1849,450,71,2123,Paris S-G,28,34.0,25781,24296,1431,410,97,175,562,580,216,63,70,1,23156,54,308,Paris S-G,28,34.0,1153,33.91,921,59,64,59,27,23,158,4.65,124,4,11,10,6,3,Paris S-G,28,34.0,619,386,242,266,111,325,607,53.5,282,360,103,257,265,884,493,19,Paris S-G,28,68.0,34.0,29502,1991,6704,14734,8262,1211,29495,802,364,45.4,393,49.0,18244,92964,49950,936,702,347,488,329,23027,2114,Paris S-G,28,23.6,34,3060,90,100,34.0,374,81,230,144,24,156,2.47,92,35,57,1.68,88.9,31.2,57.7,1.7,Paris S-G,28,34.0,37,0,0,307,336,54,562,265,386,6,3,1,1654,262,214,55.0
Reims,34,24.5,44.1,34,374,3060,34.0,32,19,51,31,1,2,66,6,37.4,35.9,26.5,62.3,586,1156,0.94,0.56,1.5,0.91,1.47,1.1,0.78,1.88,1.06,1.83,Reims,1,34,34,3060,34.0,47,1.38,179,131,76.0,8,9,17,7,20.6,5,4,1,0,20.0,Reims,1,34.0,47,4,1,8,0,61.6,0.33,14.6,0.43,154,477,32.3,928,153,36.6,33.3,285,48.1,37.3,554,31,5.6,42,1.24,14.6,Reims,34,34.0,32,393,111,28.2,11.56,3.26,0.08,0.28,17.6,8,1,2,37.4,35.9,0.09,-5.4,-4.9,Reims,34,34.0,11657,14602,79.8,203427,75490,5338,6018,88.7,4868,5628,86.5,1110,2150,51.6,19,26.5,28.4,-7.5,276,861,224,80,1156,Reims,34,34.0,14602,13035,1508,432,38,94,611,576,134,56,58,0,11657,59,251,Reims,34,34.0,689,20.26,505,53,39,50,27,15,57,1.68,43,3,4,7,0,0,Reims,34,34.0,558,359,313,174,71,285,551,51.7,266,392,145,247,289,847,958,20,Reims,34,44.1,34.0,18663,2437,6983,7699,4213,649,18661,629,279,44.4,312,49.6,9968,59074,30711,586,420,139,576,304,11542,1140,Reims,34,24.5,34,3060,90,100,34.0,374,82,223,148,20,160,0.97,33,47,-14,-0.41,37.4,57.4,-19.9,-0.59,Reims,34,34.0,66,6,2,392,372,59,611,289,359,1,5,0,1407,378,430,46.8
Rennes,35,25.1,50.9,34,374,3060,34.0,51,32,83,46,5,8,67,2,48.6,42.7,29.6,72.4,663,1440,1.5,0.94,2.44,1.35,2.29,1.43,0.87,2.3,1.26,2.13,Rennes,3,34,34,3060,34.0,50,1.47,138,87,65.9,13,2,19,11,32.4,6,3,3,0,50.0,Rennes,3,34.0,50,3,1,6,2,46.2,0.31,-1.8,-0.05,119,361,33.0,970,132,29.3,32.7,219,35.2,31.5,402,23,5.7,37,1.09,15.7,Rennes,35,34.0,51,423,155,36.6,12.44,4.56,0.11,0.3,17.3,8,5,8,48.6,42.7,0.1,2.4,3.3,Rennes,35,34.0,13914,16913,82.3,244981,84751,6055,6811,88.9,6276,7138,87.9,1246,2132,58.4,32,29.6,32.5,2.4,318,1083,265,62,1440,Rennes,35,34.0,16913,15272,1593,483,37,120,580,638,170,86,49,0,13914,48,307,Rennes,35,34.0,757,22.26,559,72,36,46,29,15,83,2.44,57,5,6,8,5,2,Rennes,35,34.0,596,363,282,234,80,296,510,58.0,214,350,96,254,337,933,739,14,Rennes,35,50.9,34.0,20688,1999,6281,9624,4970,763,20680,643,270,42.0,327,50.9,11438,61463,31644,663,429,186,508,344,13788,1421,Rennes,35,25.1,34,3060,90,100,34.0,374,82,224,148,20,158,1.21,51,50,1,0.03,48.6,46.0,2.6,0.08,Rennes,35,34.0,67,2,0,445,382,48,580,337,363,4,6,2,1458,443,393,53.0
Saint-Étienne,32,25.9,47.1,34,374,3060,34.0,39,28,67,36,3,4,65,3,36.4,33.2,24.6,57.8,529,1262,1.15,0.82,1.97,1.06,1.88,1.07,0.72,1.79,0.98,1.7,Saint-Étienne,1,34,34,3060,34.0,77,2.26,209,132,69.4,8,6,20,5,14.7,15,13,2,0,13.3,Saint-Étienne,1,34.0,77,13,0,4,2,73.5,0.3,-1.5,-0.04,131,486,27.0,919,145,41.0,34.7,264,41.3,33.6,510,24,4.7,33,0.97,14.0,Saint-Étienne,32,34.0,39,366,115,31.4,10.76,3.38,0.1,0.31,18.1,8,3,4,36.4,33.2,0.1,2.6,2.8,Saint-Étienne,32,34.0,13001,15954,81.5,218182,80494,6224,6913,90.0,5489,6265,87.6,973,1997,48.7,28,24.6,26.5,3.4,269,1024,237,34,1262,Saint-Étienne,32,34.0,15954,14389,1519,425,51,48,402,590,129,37,55,0,13001,46,261,Saint-Étienne,32,34.0,628,18.47,465,44,45,39,24,11,65,1.91,47,3,6,5,4,0,Saint-Étienne,32,34.0,581,382,291,216,74,296,594,49.8,298,404,135,269,328,909,854,26,Saint-Étienne,32,47.1,34.0,19848,2437,6917,8493,4607,600,19844,558,239,42.8,294,52.7,10318,51180,26053,529,334,138,550,309,12920,1254,Saint-Étienne,32,25.9,34,3060,90,100,34.0,374,82,229,142,20,163,0.88,39,77,-38,-1.12,36.4,74.3,-37.9,-1.12,Saint-Étienne,32,34.0,65,3,1,449,361,46,402,328,382,4,15,2,1428,342,386,47.0
Strasbourg,30,21.4,50.1,34,374,3060,34.0,54,43,97,52,2,2,71,3,49.3,47.7,38.5,86.2,563,1204,1.59,1.26,2.85,1.53,2.79,1.45,1.13,2.58,1.4,2.53,Strasbourg,2,34,34,3060,34.0,44,1.29,169,126,78.7,16,9,9,10,29.4,9,8,1,0,11.1,Strasbourg,2,34.0,44,8,0,3,2,52.5,0.27,10.5,0.31,123,383,32.1,1434,148,22.2,27.4,240,27.1,26.3,539,43,8.0,50,1.47,15.2,Strasbourg,30,34.0,54,354,140,39.5,10.41,4.12,0.15,0.37,16.0,10,2,2,49.3,47.7,0.14,4.7,4.3,Strasbourg,30,34.0,14667,17462,84.0,252607,87865,6434,7096,90.7,6989,7831,89.2,998,1882,53.0,43,38.5,32.5,4.5,273,896,216,50,1204,Strasbourg,30,34.0,17462,15928,1486,485,58,46,496,543,140,64,57,0,14667,48,253,Strasbourg,30,34.0,622,18.29,456,50,41,34,25,16,93,2.74,71,6,3,6,5,2,Strasbourg,30,34.0,537,335,256,213,68,257,459,56.0,202,376,111,265,282,819,899,17,Strasbourg,30,50.1,34.0,21307,2567,8555,9120,3825,614,21305,629,282,44.8,304,48.3,12112,56806,29750,563,365,170,514,263,14530,1191,Strasbourg,30,21.4,34,3060,90,100,34.0,374,84,242,131,16,177,1.68,56,44,12,0.35,49.3,56.1,-6.9,-0.2,Strasbourg,30,34.0,71,3,1,393,417,48,496,282,335,2,9,2,1436,339,324,51.1
Toulouse,27,25.2,45.0,34,374,3060,34.0,42,34,76,39,3,4,54,3,49.1,46.0,34.7,80.6,543,1219,1.24,1.0,2.24,1.15,2.15,1.45,1.02,2.46,1.35,2.37,Toulouse,3,34,34,3060,34.0,43,1.26,108,67,61.1,11,9,14,10,29.4,2,1,1,0,50.0,Toulouse,3,34.0,43,1,1,5,3,34.6,0.31,-5.4,-0.16,98,351,27.9,718,97,34.3,34.1,233,45.1,35.4,439,10,2.3,37,1.09,12.1,Toulouse,27,34.0,42,399,145,36.3,11.74,4.26,0.1,0.27,15.4,7,3,4,49.1,46.0,0.12,-7.1,-7.0,Toulouse,27,34.0,11674,14867,78.5,203673,74918,5182,5953,87.0,5259,6118,86.0,964,2027,47.6,34,34.7,38.0,-0.7,297,879,284,65,1219,Toulouse,27,34.0,14867,13229,1592,463,44,95,580,657,163,93,52,0,11674,46,287,Toulouse,27,34.0,699,20.56,484,80,36,43,41,15,78,2.29,56,6,5,4,6,1,Toulouse,27,34.0,605,364,264,253,88,318,608,52.3,290,341,103,238,281,886,775,15,Toulouse,27,45.0,34.0,18606,1884,6030,8440,4363,789,18602,616,277,45.0,306,49.7,10414,51124,26397,543,369,155,527,311,11568,1201,Toulouse,27,25.2,34,3060,90,100,34.0,374,83,231,140,17,165,1.24,44,43,1,0.03,49.1,36.8,12.4,0.36,Toulouse,27,34.0,54,3,0,441,415,46,580,281,364,4,2,3,1531,426,443,49.0
Atlanta Utd,28,27.4,49.5,34,374,3060,34.0,45,30,75,40,5,7,54,2,51.4,45.9,37.2,83.0,667,1303,1.32,0.88,2.21,1.18,2.06,1.51,1.09,2.61,1.35,2.44,Atlanta Utd,2,34,34,3058,34.0,49,1.44,164,113,72.0,10,10,14,5,14.7,6,3,3,0,50.0,Atlanta Utd,2,34.0,49,3,2,8,1,49.9,0.28,1.9,0.06,238,500,47.6,1004,150,39.8,29.5,268,37.3,33.7,450,25,5.6,29,0.85,10.7,Atlanta Utd,28,34.0,45,486,157,32.3,14.29,4.62,0.08,0.25,17.3,18,5,7,51.4,45.9,0.1,-6.4,-5.9,Atlanta Utd,28,34.0,13502,16585,81.4,249306,92313,5775,6429,89.8,5750,6589,87.3,1631,2747,59.4,30,37.2,37.9,-7.2,373,1066,276,83,1303,Atlanta Utd,28,34.0,16585,15055,1484,370,32,126,697,576,187,61,103,0,13502,46,307,Atlanta Utd,28,34.0,861,25.32,635,75,46,53,42,10,76,2.24,62,3,2,5,4,0,Atlanta Utd,28,34.0,513,331,258,201,54,253,486,52.1,233,359,129,230,287,800,711,9,Atlanta Utd,28,49.5,34.0,20157,2298,6860,8528,4939,863,20150,520,247,47.5,244,46.9,11338,60312,31599,667,394,202,456,241,13360,1286,Atlanta Utd,28,27.4,34,3060,90,100,34.0,374,83,239,136,19,169,1.18,46,49,-3,-0.09,51.4,48.9,2.5,0.07,Atlanta Utd,28,34.0,54,2,1,369,309,46,697,287,331,6,6,1,1425,400,385,51.0
Austin,26,28.6,49.9,34,374,3060,34.0,39,29,68,35,4,6,87,3,39.6,35.0,26.2,61.2,442,1263,1.15,0.85,2.0,1.03,1.88,1.16,0.77,1.94,1.03,1.8,Austin,1,34,34,3060,34.0,48,1.41,178,129,77.5,11,9,14,8,23.5,9,8,1,0,11.1,Austin,1,34.0,48,8,2,3,0,54.6,0.26,6.6,0.2,181,481,37.6,1173,202,29.4,31.3,253,53.8,43.1,482,35,7.3,40,1.18,13.1,Austin,26,34.0,39,338,100,29.6,9.94,2.94,0.1,0.35,17.0,9,4,6,39.6,35.0,0.11,-0.6,0.0,Austin,26,34.0,12943,15909,81.4,244929,89201,5142,5784,88.9,5997,6816,88.0,1565,2605,60.1,29,26.2,28.5,2.8,248,1031,276,86,1263,Austin,26,34.0,15909,14317,1528,458,25,170,626,590,145,63,54,0,12943,64,274,Austin,26,34.0,615,18.09,462,59,29,23,32,10,73,2.15,56,4,5,1,5,2,Austin,26,34.0,464,284,241,152,71,216,489,44.2,273,383,152,231,235,699,659,12,Austin,26,49.9,34.0,19160,2382,6994,7870,4434,651,19154,504,231,45.8,234,46.4,10372,52470,25620,442,319,102,408,255,12780,1247,Austin,26,28.6,34,3060,90,100,34.0,374,82,221,152,19,137,1.24,39,48,-9,-0.26,39.6,57.4,-17.8,-0.52,Austin,26,34.0,87,3,1,444,409,64,626,235,284,6,9,0,1251,356,393,47.5
CF Montréal,30,24.7,50.1,34,374,3060,34.0,46,36,82,42,4,4,75,3,43.7,40.6,31.1,71.6,515,1231,1.35,1.06,2.41,1.24,2.29,1.29,0.91,2.2,1.19,2.11,CF Montréal,2,34,34,3060,34.0,64,1.88,182,119,67.6,11,10,13,8,23.5,5,5,0,0,0.0,CF Montréal,2,34.0,64,5,3,8,1,64.3,0.33,1.3,0.04,77,294,26.2,1022,229,20.1,41.1,276,32.2,29.9,527,27,5.1,45,1.32,4.5,CF Montréal,30,34.0,46,357,125,35.0,10.5,3.68,0.12,0.34,18.3,12,4,4,43.7,40.6,0.12,2.3,1.4,CF Montréal,30,34.0,15650,18693,83.7,263407,90353,7442,8177,91.0,6636,7485,88.7,1184,2161,54.8,36,31.1,31.1,4.9,271,1046,222,45,1231,CF Montréal,30,34.0,18693,17252,1390,420,47,92,456,476,121,42,48,0,15650,51,298,CF Montréal,30,34.0,645,18.97,502,34,32,34,29,14,84,2.47,57,6,5,5,9,2,CF Montréal,30,34.0,486,310,247,183,56,245,463,52.9,218,369,133,236,281,767,717,13,CF Montréal,30,50.1,34.0,22136,2565,8185,9769,4335,570,22132,471,224,47.6,217,46.1,13323,62931,31637,515,427,111,505,253,15553,1218,CF Montréal,30,24.7,34,3060,90,100,34.0,374,80,217,159,22,146,1.26,48,64,-16,-0.47,43.7,58.7,-15.0,-0.44,CF Montréal,30,34.0,75,3,1,398,349,51,456,281,310,4,5,1,1546,299,354,45.8
Charlotte,30,27.5,44.2,34,374,3060,34.0,45,34,79,42,3,5,76,2,46.7,42.8,31.0,73.8,574,1298,1.32,1.0,2.32,1.24,2.24,1.37,0.91,2.29,1.26,2.17,Charlotte,1,34,34,3060,34.0,37,1.09,154,116,76.0,14,9,11,12,35.3,1,0,1,0,100.0,Charlotte,1,34.0,37,0,1,6,0,47.5,0.31,10.5,0.31,129,351,36.8,907,167,28.7,30.9,273,33.3,33.3,512,35,6.8,59,1.74,16.7,Charlotte,30,34.0,45,382,140,36.6,11.24,4.12,0.11,0.3,16.2,14,3,5,46.7,42.8,0.11,-1.7,-0.8,Charlotte,30,34.0,12203,15338,79.6,232016,85614,4657,5285,88.1,5815,6680,87.1,1452,2661,54.6,34,31.0,30.2,3.0,297,1043,262,68,1298,Charlotte,30,34.0,15338,13728,1554,409,36,144,549,655,146,85,32,2,12203,56,218,Charlotte,30,34.0,695,20.44,524,47,49,22,36,17,74,2.18,48,5,9,4,5,3,Charlotte,30,34.0,435,254,204,156,75,217,420,51.7,203,371,131,240,251,686,713,11,Charlotte,30,44.2,34.0,18621,2290,6441,8039,4308,683,18616,467,213,45.6,225,48.2,10446,55202,29690,574,354,168,410,232,12108,1293,Charlotte,30,27.5,34,3060,90,100,34.0,374,84,233,139,16,167,1.5,46,37,9,0.26,46.7,44.6,2.1,0.06,Charlotte,30,34.0,76,2,0,357,333,56,549,251,254,4,1,0,1413,321,373,46.3
Chicago Fire,27,26.9,49.9,34,374,3060,34.0,40,28,68,35,5,5,68,1,44.0,40.1,31.3,71.4,568,1243,1.18,0.82,2.0,1.03,1.85,1.3,0.92,2.22,1.18,2.1,Chicago Fire,2,34,34,3060,34.0,62,1.82,168,107,67.9,7,9,18,4,11.8,8,8,0,0,0.0,Chicago Fire,2,34.0,62,8,1,2,1,58.3,0.31,-2.7,-0.08,111,355,31.3,690,164,30.6,33.9,265,54.3,43.5,382,25,6.5,33,0.97,17.0,Chicago Fire,27,34.0,40,409,143,35.0,12.03,4.21,0.09,0.24,18.1,7,5,5,44.0,40.1,0.1,-4.0,-5.1,Chicago Fire,27,34.0,13790,17177,80.3,244388,83604,6035,6765,89.2,6193,7121,87.0,1275,2477,51.5,28,31.3,31.4,-3.3,301,998,254,58,1243,Chicago Fire,27,34.0,17177,15575,1555,389,44,101,616,660,146,76,42,0,13790,47,307,Chicago Fire,27,34.0,716,21.06,560,43,32,44,19,18,68,2.0,52,1,1,8,3,3,Chicago Fire,27,34.0,571,375,266,235,70,273,553,49.4,280,381,101,280,350,921,603,18,Chicago Fire,27,49.9,34.0,20738,1889,6728,9503,4665,707,20733,538,246,45.7,268,49.8,11871,59128,28493,568,405,162,506,267,13678,1231,Chicago Fire,27,26.9,34,3060,90,100,34.0,374,81,216,160,22,137,0.88,40,62,-22,-0.65,44.0,51.8,-7.8,-0.23,Chicago Fire,27,34.0,68,1,0,429,336,47,616,350,375,3,8,1,1567,397,402,49.7
Colorado Rapids,25,25.5,48.9,34,374,3060,34.0,57,37,94,47,10,15,51,2,57.5,45.6,35.8,81.4,560,1568,1.68,1.09,2.76,1.38,2.47,1.69,1.05,2.74,1.34,2.39,Colorado Rapids,2,34,34,3060,34.0,60,1.76,163,105,65.0,15,5,14,6,17.6,4,3,0,1,0.0,Colorado Rapids,2,34.0,60,3,0,6,2,47.9,0.28,-10.1,-0.3,143,428,33.4,785,152,35.2,34.7,288,52.8,42.6,423,15,3.5,78,2.29,18.5,Colorado Rapids,25,34.0,57,413,151,36.6,12.15,4.44,0.11,0.31,16.8,21,10,15,57.5,45.6,0.12,-0.5,1.4,Colorado Rapids,25,34.0,13135,16406,80.1,229027,85690,5985,6744,88.7,5480,6366,86.1,1293,2414,53.6,37,35.8,40.3,1.2,317,1205,317,67,1568,Colorado Rapids,25,34.0,16406,14622,1711,420,15,74,622,744,165,61,89,0,13135,73,256,Colorado Rapids,25,34.0,763,22.44,544,75,28,45,60,11,97,2.85,61,8,1,14,10,3,Colorado Rapids,25,34.0,525,305,233,211,81,284,585,48.5,301,397,118,279,282,807,639,10,Colorado Rapids,25,48.9,34.0,20019,1771,5696,8807,5693,820,20004,553,251,45.4,267,48.3,11375,57603,28469,560,417,165,528,272,13028,1550,Colorado Rapids,25,25.5,34,3060,90,100,34.0,374,83,228,147,19,152,1.47,61,60,1,0.03,57.5,51.8,5.7,0.17,Colorado Rapids,25,34.0,51,2,1,327,384,73,622,282,305,11,4,2,1376,381,455,45.6
Columbus Crew,29,26.4,58.7,34,374,3060,34.0,72,52,124,69,3,6,45,5,57.9,53.2,43.3,96.5,646,1618,2.12,1.53,3.65,2.03,3.56,1.7,1.27,2.98,1.56,2.84,Columbus Crew,4,34,34,2970,34.0,40,1.21,145,105,74.5,19,9,6,12,35.3,4,3,0,1,0.0,Columbus Crew,4,34.0,40,3,2,4,0,43.6,0.29,3.6,0.11,83,254,32.7,992,164,20.7,28.2,200,24.5,28.2,355,15,4.2,31,0.94,14.5,Columbus Crew,29,34.0,72,473,173,36.6,13.91,5.09,0.15,0.4,17.2,14,3,6,57.9,53.2,0.12,14.1,15.8,Columbus Crew,29,34.0,17957,20793,86.4,299158,105243,8867,9543,92.9,7388,8223,89.8,1329,2143,62.0,52,43.3,37.7,8.7,380,1429,309,70,1618,Columbus Crew,29,34.0,20793,19222,1504,524,45,105,504,544,162,52,63,0,17957,67,326,Columbus Crew,29,34.0,873,25.68,685,49,47,46,25,21,122,3.59,93,6,4,11,4,4,Columbus Crew,29,34.0,484,282,215,190,79,247,439,56.3,192,323,77,246,276,760,455,17,Columbus Crew,29,58.7,34.0,24025,1987,7245,11074,5897,810,24019,621,301,48.5,288,46.4,14900,74789,35479,646,491,185,463,323,17692,1608,Columbus Crew,29,26.4,34,3060,90,100,34.0,374,82,222,150,18,145,1.94,72,40,32,0.94,57.9,44.1,13.9,0.41,Columbus Crew,29,34.0,45,5,1,283,451,67,504,276,282,4,4,0,1523,263,296,47.0
D.C. United,28,27.6,47.0,34,374,3060,34.0,52,41,93,47,5,5,95,7,52.9,48.9,38.9,87.9,477,1246,1.53,1.21,2.74,1.38,2.59,1.56,1.15,2.7,1.44,2.58,D.C. United,2,34,34,3060,34.0,70,2.06,157,89,58.6,10,10,14,2,5.9,5,5,0,0,0.0,D.C. United,2,34.0,70,5,1,8,2,60.6,0.36,-7.4,-0.22,358,815,43.9,1017,119,59.5,41.2,235,89.4,60.2,412,18,4.4,73,2.15,19.6,D.C. United,28,34.0,52,473,158,33.4,13.91,4.65,0.1,0.3,17.3,13,5,5,52.9,48.9,0.11,-0.9,-1.9,D.C. United,28,34.0,10850,14600,74.3,205411,86833,4679,5570,84.0,4412,5413,81.5,1465,2774,52.8,41,38.9,40.3,2.1,346,968,298,83,1246,D.C. United,28,34.0,14600,12972,1555,445,31,117,693,577,194,91,70,13,10850,73,286,D.C. United,28,34.0,826,24.29,570,103,40,65,34,14,93,2.74,63,10,5,8,5,2,D.C. United,28,34.0,591,372,268,242,81,308,591,52.1,283,395,120,275,314,905,608,10,D.C. United,28,47.0,34.0,18249,1793,5464,8157,4833,804,18244,496,229,46.2,245,49.4,9898,49986,23306,477,378,111,480,273,10739,1230,D.C. United,28,27.6,34,3060,90,100,34.0,374,81,230,139,22,118,1.18,52,70,-18,-0.53,52.9,51.3,1.6,0.05,D.C. United,28,34.0,95,7,4,473,382,73,693,314,372,4,5,2,1608,689,502,57.9
FC Cincinnati,29,26.5,53.7,34,374,3060,34.0,57,42,99,54,3,4,82,4,48.4,45.3,37.7,83.0,635,1412,1.68,1.24,2.91,1.59,2.82,1.42,1.11,2.53,1.33,2.44,FC Cincinnati,3,34,34,3060,34.0,48,1.41,144,97,70.1,18,5,11,7,20.6,6,5,1,0,16.7,FC Cincinnati,3,34.0,48,5,0,7,2,45.4,0.28,-0.6,-0.02,98,284,34.5,738,149,27.8,34.0,238,33.2,30.8,425,28,6.6,25,0.74,,FC Cincinnati,29,34.0,57,482,178,36.9,14.18,5.24,0.11,0.3,18.7,29,3,4,48.4,45.3,0.1,8.6,8.7,FC Cincinnati,29,34.0,14769,18039,81.9,260703,92306,6332,7169,88.3,6860,7744,88.6,1250,2182,57.3,42,37.7,40.0,4.3,366,1089,314,43,1412,FC Cincinnati,29,34.0,18039,16380,1573,430,55,118,418,651,172,93,33,1,14769,86,375,FC Cincinnati,29,34.0,852,25.06,616,70,58,48,49,11,100,2.94,70,6,10,7,6,1,FC Cincinnati,29,34.0,562,368,255,234,73,271,494,54.9,223,378,108,270,304,866,561,17,FC Cincinnati,29,53.7,34.0,21803,1961,6825,9914,5279,810,21799,727,316,43.5,373,51.3,12784,63356,32189,635,489,184,527,321,14663,1401,FC Cincinnati,29,26.5,34,3060,90,100,34.0,374,81,212,161,20,145,1.74,58,48,10,0.29,48.4,39.9,8.5,0.25,FC Cincinnati,29,34.0,82,4,3,451,400,86,418,304,368,2,6,2,1623,451,368,55.1
FC Dallas,30,27.1,48.9,34,374,3060,34.0,51,36,87,46,5,6,74,1,41.8,37.1,29.3,66.4,411,1147,1.5,1.06,2.56,1.35,2.41,1.23,0.86,2.09,1.09,1.95,FC Dallas,2,34,34,3060,34.0,56,1.65,191,134,73.3,11,8,15,7,20.6,8,5,3,0,37.5,FC Dallas,2,34.0,56,5,0,6,2,55.9,0.26,1.9,0.05,132,327,40.4,907,141,27.0,30.5,272,30.1,29.1,441,12,2.7,42,1.24,11.7,FC Dallas,30,34.0,51,414,146,35.3,12.18,4.29,0.11,0.32,18.9,16,5,6,41.8,37.1,0.09,9.2,8.9,FC Dallas,30,34.0,14097,17111,82.4,236990,89559,6986,7699,90.7,5650,6458,87.5,1151,2165,53.2,36,29.3,31.9,6.7,297,967,261,59,1147,FC Dallas,30,34.0,17111,15490,1558,462,42,99,432,607,127,55,42,0,14097,63,277,FC Dallas,30,34.0,729,21.44,563,50,22,51,30,13,90,2.65,65,7,3,7,6,2,FC Dallas,30,34.0,487,327,242,182,63,233,455,51.2,222,346,115,231,273,760,693,18,FC Dallas,30,48.9,34.0,20541,2371,7692,9015,3992,616,20535,418,181,43.3,203,48.6,11748,52570,25423,411,342,115,478,284,13976,1140,FC Dallas,30,27.1,34,3060,90,100,34.0,374,82,225,149,20,155,1.21,54,56,-2,-0.06,41.8,54.0,-12.3,-0.36,FC Dallas,30,34.0,74,1,1,430,397,63,432,273,327,4,8,2,1390,350,347,50.2
Houston Dynamo,26,27.8,59.3,34,374,3060,34.0,45,33,78,43,2,2,75,2,43.1,41.5,30.9,72.5,578,1500,1.32,0.97,2.29,1.26,2.24,1.27,0.91,2.18,1.22,2.13,Houston Dynamo,2,34,34,3060,34.0,39,1.15,146,107,76.0,15,9,10,8,23.5,5,4,1,0,20.0,Houston Dynamo,2,34.0,39,4,0,6,1,45.4,0.29,7.4,0.22,78,205,38.0,732,141,19.7,25.8,257,23.7,25.5,443,19,4.3,34,1.0,14.6,Houston Dynamo,26,34.0,45,467,160,34.3,13.74,4.71,0.09,0.27,17.9,8,2,2,43.1,41.5,0.09,1.9,1.5,Houston Dynamo,26,34.0,17338,20400,85.0,294849,99900,8363,9109,91.8,6827,7670,89.0,1624,2534,64.1,33,30.9,38.4,2.1,367,1249,317,60,1500,Houston Dynamo,26,34.0,20400,18782,1538,447,38,171,567,586,175,66,73,5,17338,80,271,Houston Dynamo,26,34.0,828,24.35,636,74,28,53,24,13,75,2.21,56,5,5,6,2,1,Houston Dynamo,26,34.0,510,338,249,187,74,265,492,53.9,227,304,93,211,239,749,570,17,Houston Dynamo,26,59.3,34.0,23681,2225,7534,10711,5542,831,23679,510,232,45.5,235,46.1,14107,65078,31804,578,462,153,422,254,17179,1493,Houston Dynamo,26,27.8,34,3060,90,100,34.0,374,84,234,141,16,162,1.59,47,39,8,0.24,43.1,45.9,-2.8,-0.08,Houston Dynamo,26,34.0,75,2,1,427,407,80,567,239,338,1,5,1,1435,357,364,49.5
Inter Miami,31,27.5,54.7,34,374,3060,34.0,78,65,143,77,1,1,95,4,53.8,53.0,44.8,97.8,515,1409,2.29,1.91,4.21,2.26,4.18,1.58,1.32,2.9,1.56,2.88,Inter Miami,3,34,34,3060,34.0,49,1.44,159,110,72.3,22,8,4,6,17.6,7,5,2,0,28.6,Inter Miami,3,34.0,49,5,0,6,2,49.9,0.28,2.9,0.09,84,262,32.1,923,186,20.7,24.8,276,25.7,29.7,444,36,8.1,30,0.88,14.3,Inter Miami,31,34.0,78,399,181,45.4,11.74,5.32,0.19,0.43,17.2,23,1,1,53.8,53.0,0.14,24.2,24.0,Inter Miami,31,34.0,16597,19694,84.3,289618,96951,7333,8108,90.4,7407,8227,90.0,1462,2380,61.4,65,44.8,42.1,20.2,318,1130,295,49,1409,Inter Miami,31,34.0,19694,18227,1392,403,63,154,416,492,138,43,48,2,16597,75,335,Inter Miami,31,34.0,731,21.5,569,48,45,28,29,12,148,4.35,113,9,11,8,7,0,Inter Miami,31,34.0,596,378,305,216,75,288,618,46.6,330,395,131,264,319,915,581,26,Inter Miami,31,54.7,34.0,23130,2478,8011,10630,4675,752,23129,531,266,50.1,238,44.8,13331,64068,33943,515,386,137,449,231,16481,1400,Inter Miami,31,27.5,34,3060,90,100,34.0,374,83,230,141,18,156,2.18,79,49,30,0.88,53.8,53.0,0.8,0.02,Inter Miami,31,34.0,95,4,4,388,372,75,416,319,378,1,7,2,1598,270,280,49.1
LA Galaxy,26,27.4,56.7,34,374,3060,34.0,68,51,119,64,4,8,61,3,63.8,57.5,44.9,102.4,700,1639,2.0,1.5,3.5,1.88,3.38,1.88,1.32,3.2,1.69,3.01,LA Galaxy,2,34,34,3060,34.0,50,1.47,178,128,74.2,19,7,8,7,20.6,5,4,1,0,20.0,LA Galaxy,2,34.0,50,4,0,11,1,52.7,0.27,3.7,0.11,91,336,27.1,715,157,36.5,21.6,289,26.0,29.1,498,22,4.4,12,0.35,15.0,LA Galaxy,26,34.0,68,489,195,39.9,14.38,5.74,0.13,0.33,18.2,19,4,8,63.8,57.5,0.12,4.2,6.5,LA Galaxy,26,34.0,18744,21525,87.1,304663,102369,9285,9997,92.9,7460,8175,91.3,1355,2168,62.5,51,44.9,40.1,6.1,379,1356,342,36,1639,LA Galaxy,26,34.0,21525,19971,1503,449,62,106,384,513,169,71,41,0,18744,51,292,LA Galaxy,26,34.0,884,26.0,679,47,48,57,41,12,118,3.47,90,2,8,15,3,0,LA Galaxy,26,34.0,485,292,255,169,61,233,480,48.5,247,368,131,237,297,782,688,16,LA Galaxy,26,56.7,34.0,25046,2315,7688,11366,6203,864,25038,632,296,46.8,284,44.9,15241,73016,36186,700,533,216,450,280,18627,1631,LA Galaxy,26,27.4,34,3060,90,100,34.0,374,84,229,144,17,159,1.88,69,50,19,0.56,63.8,53.0,10.8,0.32,LA Galaxy,26,34.0,61,3,1,319,417,51,384,297,292,5,5,1,1426,262,283,48.1
LAFC,24,28.8,46.8,34,374,3060,34.0,62,42,104,55,7,8,74,5,59.2,53.1,41.9,95.0,647,1364,1.82,1.24,3.06,1.62,2.85,1.74,1.23,2.97,1.56,2.79,LAFC,2,34,34,3060,34.0,43,1.26,137,96,69.3,19,7,8,12,35.3,3,1,1,1,50.0,LAFC,2,34.0,43,1,2,6,3,40.7,0.29,0.7,0.02,169,448,37.7,864,127,40.2,33.4,264,38.3,34.3,477,29,6.1,26,0.76,10.3,LAFC,24,34.0,62,535,194,36.3,15.74,5.71,0.1,0.28,17.7,17,7,8,59.2,53.1,0.1,2.8,1.9,LAFC,24,34.0,13159,16160,81.4,241998,87691,5324,5970,89.2,6288,7106,88.5,1337,2403,55.6,42,41.9,34.9,0.1,394,1079,291,54,1364,LAFC,24,34.0,16160,14580,1524,382,39,81,583,591,208,87,92,0,13159,56,294,LAFC,24,34.0,911,26.79,613,84,75,72,42,25,112,3.29,77,4,9,10,10,2,LAFC,24,34.0,605,377,322,194,89,308,617,49.9,309,370,143,227,388,993,664,9,LAFC,24,46.8,34.0,20063,2080,6749,8677,4849,841,20055,754,325,43.1,376,49.9,11329,60331,30667,647,436,210,492,272,13047,1344,LAFC,24,28.8,34,3060,90,100,34.0,374,84,238,133,18,151,1.88,63,43,20,0.59,59.2,39.9,19.4,0.57,LAFC,24,34.0,74,5,3,450,365,56,583,388,377,7,3,3,1519,392,349,52.9
Minnesota Utd,36,26.7,44.3,34,374,3060,34.0,55,39,94,50,5,6,74,4,53.2,48.9,36.8,85.6,515,1278,1.62,1.15,2.76,1.47,2.62,1.57,1.08,2.65,1.44,2.52,Minnesota Utd,3,34,34,3060,34.0,49,1.44,145,96,67.6,15,7,12,7,20.6,4,2,1,1,33.3,Minnesota Utd,3,34.0,49,2,0,8,1,48.9,0.32,0.9,0.03,135,517,26.1,789,144,47.5,31.2,263,54.0,41.2,479,13,2.7,50,1.47,17.4,Minnesota Utd,36,34.0,55,448,163,36.4,13.18,4.79,0.11,0.31,17.6,16,5,6,53.2,48.9,0.11,1.8,1.1,Minnesota Utd,36,34.0,11030,14555,75.8,197202,78070,4969,5823,85.3,4582,5498,83.3,1193,2421,49.3,39,36.8,36.1,2.2,321,936,292,52,1278,Minnesota Utd,36,34.0,14555,12957,1548,407,59,120,533,611,185,104,68,1,11030,50,293,Minnesota Utd,36,34.0,749,22.03,552,55,39,58,28,17,91,2.68,63,9,5,9,4,1,Minnesota Utd,36,34.0,542,342,273,205,64,272,509,53.4,237,364,98,266,339,881,746,8,Minnesota Utd,36,44.3,34.0,18313,1957,6241,7772,4468,761,18307,581,274,47.2,279,48.0,9601,50244,24384,515,356,139,472,286,10916,1262,Minnesota Utd,36,26.7,34,3060,90,100,34.0,374,81,225,147,23,144,1.53,58,49,9,0.26,53.2,50.1,3.1,0.09,Minnesota Utd,36,34.0,74,4,3,472,321,50,533,339,342,3,4,1,1531,438,521,45.7
Nashville SC,29,28.7,47.6,34,374,3060,34.0,37,30,67,32,5,7,59,2,44.8,39.5,29.6,69.1,433,1168,1.09,0.88,1.97,0.94,1.82,1.32,0.87,2.19,1.16,2.03,Nashville SC,2,34,34,3058,34.0,54,1.59,166,114,68.7,9,9,16,9,26.5,5,2,1,2,33.3,Nashville SC,2,34.0,54,2,1,10,3,50.2,0.29,-0.8,-0.02,168,436,38.5,802,182,38.3,33.7,270,47.8,39.1,443,28,6.3,24,0.71,17.5,Nashville SC,29,34.0,37,383,110,28.7,11.26,3.24,0.08,0.29,16.7,10,5,7,44.8,39.5,0.11,-7.8,-7.5,Nashville SC,29,34.0,12911,16102,80.2,247103,90362,4918,5575,88.2,6273,7156,87.7,1557,2730,57.0,30,29.6,30.7,0.4,285,982,231,78,1168,Nashville SC,29,34.0,16102,14523,1515,431,29,123,599,573,154,87,54,2,12911,64,277,Nashville SC,29,34.0,660,19.41,452,69,34,50,39,16,69,2.03,48,4,7,4,5,1,Nashville SC,29,34.0,507,327,272,186,49,251,498,50.4,247,371,119,252,341,848,656,9,Nashville SC,29,47.6,34.0,19523,2184,6877,8875,3937,621,19516,428,184,43.0,209,48.8,10281,50829,23978,433,345,109,491,260,12790,1157,Nashville SC,29,28.7,34,3060,90,100,34.0,374,82,221,152,19,141,1.06,38,54,-16,-0.47,44.8,54.1,-9.3,-0.27,Nashville SC,29,34.0,59,2,0,362,386,64,599,341,327,5,5,3,1358,454,474,48.9
NE Revolution,33,27.4,51.0,34,374,3060,34.0,36,26,62,35,1,1,66,4,36.8,36.0,28.1,64.2,570,1356,1.06,0.76,1.82,1.03,1.79,1.08,0.83,1.91,1.06,1.89,NE Revolution,3,34,34,3060,34.0,74,2.18,203,127,66.5,9,4,21,5,14.7,8,6,2,0,25.0,NE Revolution,3,34.0,74,6,2,7,0,71.1,0.32,-2.9,-0.09,143,447,32.0,758,98,36.3,32.4,300,57.3,46.7,435,14,3.2,12,0.35,12.4,NE Revolution,33,34.0,36,405,136,33.6,11.91,4.0,0.09,0.26,18.0,12,1,1,36.8,36.0,0.09,-0.8,-1.0,NE Revolution,33,34.0,14325,17530,81.7,267051,91150,5814,6525,89.1,6745,7604,88.7,1552,2674,58.0,26,28.1,28.0,-2.1,301,1029,283,73,1356,NE Revolution,33,34.0,17530,15897,1580,409,39,117,622,603,160,51,60,2,14325,53,281,NE Revolution,33,34.0,723,21.26,556,49,42,36,27,13,62,1.82,51,2,3,3,2,1,NE Revolution,33,34.0,486,299,239,193,54,253,475,53.3,222,381,130,251,296,782,684,10,NE Revolution,33,51.0,34.0,20999,2399,7507,9150,4557,654,20998,537,255,47.5,250,46.6,11696,62454,29640,570,443,137,478,290,14200,1335,NE Revolution,33,27.4,34,3060,90,100,34.0,374,83,239,134,19,156,0.91,37,74,-37,-1.09,36.8,62.8,-26.0,-0.76,NE Revolution,33,34.0,66,4,3,396,368,53,622,296,299,1,8,0,1486,404,391,50.8
NY Red Bulls,27,24.3,44.5,34,374,3060,34.0,53,36,89,45,8,10,58,6,56.5,48.8,39.9,88.7,533,1318,1.56,1.06,2.62,1.32,2.38,1.66,1.17,2.84,1.43,2.61,NY Red Bulls,2,34,34,3060,34.0,50,1.47,131,83,66.4,11,14,9,7,20.6,6,6,0,0,0.0,NY Red Bulls,2,34.0,50,6,3,4,2,44.1,0.3,-3.9,-0.12,141,520,27.1,843,136,42.9,34.8,231,68.4,51.1,409,24,5.9,43,1.26,16.1,NY Red Bulls,27,34.0,53,484,171,35.3,14.24,5.03,0.09,0.26,18.1,17,8,10,56.5,48.8,0.1,-3.5,-3.8,NY Red Bulls,27,34.0,11789,15313,77.0,220942,81671,4882,5695,85.7,5390,6333,85.1,1334,2626,50.8,36,39.9,35.9,-3.9,369,1132,273,65,1318,NY Red Bulls,27,34.0,15313,13736,1521,393,53,111,534,635,178,102,57,0,11789,56,283,NY Red Bulls,27,34.0,848,24.94,610,70,43,60,47,18,93,2.74,70,1,8,4,9,1,NY Red Bulls,27,34.0,497,314,218,198,81,234,487,48.0,253,392,90,302,307,804,608,11,NY Red Bulls,27,44.5,34.0,18938,1791,5950,8371,4766,759,18928,514,243,47.3,232,45.1,10395,53382,26304,533,388,151,551,234,11690,1306,NY Red Bulls,27,24.3,34,3060,90,100,34.0,374,83,228,141,19,160,1.38,55,50,5,0.15,56.5,43.7,12.7,0.37,NY Red Bulls,27,34.0,58,6,2,400,341,56,534,307,314,9,6,2,1491,528,539,49.5
NYCFC,25,24.6,52.2,34,374,3060,34.0,54,38,92,49,5,5,73,4,54.5,50.6,43.4,94.0,589,1504,1.59,1.12,2.71,1.44,2.56,1.6,1.28,2.88,1.49,2.76,NYCFC,2,34,34,3060,34.0,49,1.44,170,120,73.5,14,8,12,5,14.7,5,4,1,0,20.0,NYCFC,2,34.0,49,4,1,5,0,54.3,0.3,5.3,0.16,86,326,26.4,1112,208,22.5,28.4,228,33.3,33.3,422,29,6.9,33,0.97,14.6,NYCFC,25,34.0,54,462,158,34.2,13.59,4.65,0.11,0.31,17.3,19,5,5,54.5,50.6,0.11,-0.5,-1.6,NYCFC,25,34.0,14612,17913,81.6,249338,91591,6744,7573,89.1,6197,7080,87.5,1236,2226,55.5,38,43.4,39.7,-5.4,353,1142,338,74,1504,NYCFC,25,34.0,17913,16206,1634,470,74,78,528,677,177,98,37,1,14612,73,330,NYCFC,25,34.0,812,23.88,612,49,53,44,33,21,89,2.62,62,2,11,5,7,2,NYCFC,25,34.0,533,344,214,226,93,261,503,51.9,242,391,98,293,285,818,605,15,NYCFC,25,52.2,34.0,21699,2156,6709,9829,5377,884,21694,659,294,44.6,317,48.1,11886,59982,30393,589,419,194,568,336,14479,1496,NYCFC,25,24.6,34,3060,90,100,34.0,374,82,230,141,22,164,1.47,54,49,5,0.15,54.5,47.1,7.5,0.22,NYCFC,25,34.0,73,4,0,436,404,73,528,285,344,4,5,0,1595,390,428,47.7
Orlando City,26,27.4,52.5,34,374,3060,34.0,56,46,102,52,4,5,69,1,50.6,46.8,39.0,85.8,591,1607,1.65,1.35,3.0,1.53,2.88,1.49,1.15,2.64,1.38,2.52,Orlando City,3,34,34,3060,34.0,50,1.47,136,84,67.6,15,7,12,9,26.5,8,6,2,0,25.0,Orlando City,3,34.0,50,6,1,3,0,50.0,0.32,0.0,0.0,116,292,39.7,569,121,37.8,30.1,253,30.4,29.6,374,23,6.1,36,1.06,14.6,Orlando City,26,34.0,56,447,151,33.8,13.15,4.44,0.12,0.34,17.4,17,4,5,50.6,46.8,0.11,5.4,5.2,Orlando City,26,34.0,15061,18232,82.6,254399,93212,7301,8045,90.8,6070,6917,87.8,1287,2314,55.6,46,39.0,41.9,7.0,350,1250,341,79,1607,Orlando City,26,34.0,18232,16578,1588,461,54,115,676,600,191,67,74,1,15061,66,319,Orlando City,26,34.0,802,23.59,600,65,33,49,35,20,95,2.79,70,6,3,12,4,0,Orlando City,26,34.0,513,297,248,181,84,254,535,47.5,281,322,77,245,248,761,535,10,Orlando City,26,52.5,34.0,21495,1732,6161,9372,6141,807,21490,516,234,45.3,247,47.9,12096,57058,28335,591,459,149,446,250,14956,1597,Orlando City,26,27.4,34,3060,90,100,34.0,374,82,222,152,20,153,1.53,59,50,9,0.26,50.6,47.0,3.6,0.11,Orlando City,26,34.0,69,1,0,337,405,66,676,248,297,4,8,0,1513,322,434,42.6
Philadelphia Union,26,26.3,46.9,34,374,3060,34.0,62,47,109,58,4,5,64,1,59.9,56.1,46.3,102.4,455,1258,1.82,1.38,3.21,1.71,3.09,1.76,1.36,3.12,1.65,3.01,Philadelphia Union,3,34,34,3060,34.0,55,1.62,163,110,67.5,9,10,15,8,23.5,2,2,0,0,0.0,Philadelphia Union,3,34.0,55,2,2,5,2,55.7,0.34,2.7,0.08,150,401,37.4,628,135,36.0,44.0,260,67.3,47.9,458,18,3.9,25,0.74,17.8,Philadelphia Union,26,34.0,62,517,179,34.6,15.21,5.26,0.11,0.32,17.6,9,4,5,59.9,56.1,0.11,2.1,1.9,Philadelphia Union,26,34.0,11648,15066,77.3,222326,85444,4976,5738,86.7,4871,5812,83.8,1592,2816,56.5,47,46.3,44.8,0.7,407,1049,301,86,1258,Philadelphia Union,26,34.0,15066,13451,1546,413,34,193,652,606,179,90,47,10,11648,69,284,Philadelphia Union,26,34.0,916,26.94,646,113,26,69,43,19,99,2.91,64,11,3,13,5,3,Philadelphia Union,26,34.0,601,359,279,231,91,292,541,54.0,249,411,126,285,341,942,626,5,Philadelphia Union,26,46.9,34.0,18653,1776,5812,8190,4814,777,18648,335,144,43.0,171,51.0,9965,49593,24222,455,344,118,423,195,11536,1247,Philadelphia Union,26,26.3,34,3060,90,100,34.0,374,83,263,110,22,184,1.09,62,55,7,0.21,59.9,51.6,8.4,0.25,Philadelphia Union,26,34.0,64,1,0,374,346,69,652,341,359,3,2,2,1550,513,457,52.9
Portland Timbers,27,27.6,48.7,34,374,3060,34.0,64,51,115,59,5,5,68,3,54.0,50.2,40.7,90.8,581,1378,1.88,1.5,3.38,1.74,3.24,1.59,1.2,2.78,1.48,2.67,Portland Timbers,2,34,34,3058,34.0,56,1.65,146,91,63.0,12,11,11,6,17.6,4,2,1,1,33.3,Portland Timbers,2,34.0,56,2,1,12,2,53.5,0.35,-0.5,-0.01,193,481,40.1,1010,145,37.6,35.6,294,34.4,33.2,476,35,7.4,49,1.44,12.6,Portland Timbers,27,34.0,64,467,173,37.0,13.74,5.09,0.13,0.34,17.2,28,5,5,54.0,50.2,0.11,10.0,8.8,Portland Timbers,27,34.0,13679,16895,81.0,255339,95571,5632,6346,88.7,6098,6960,87.6,1639,2740,59.8,51,40.7,44.1,10.3,358,1130,321,69,1378,Portland Timbers,27,34.0,16895,15195,1653,519,46,126,531,602,150,54,62,3,13679,47,330,Portland Timbers,27,34.0,847,24.91,611,60,50,58,52,16,110,3.24,88,2,5,6,8,1,Portland Timbers,27,34.0,586,367,288,217,81,271,553,49.0,282,399,127,272,325,911,712,15,Portland Timbers,27,48.7,34.0,20776,2136,6664,9690,4632,793,20771,659,303,46.0,301,45.7,11499,58988,29910,581,446,161,528,303,13563,1365,Portland Timbers,27,27.6,34,3060,90,100,34.0,374,83,225,146,18,127,1.38,65,56,9,0.26,54.0,48.4,5.6,0.17,Portland Timbers,27,34.0,68,3,1,404,442,47,531,325,367,4,4,2,1516,431,386,52.8
Real Salt Lake,30,25.6,53.9,34,374,3060,34.0,63,49,112,59,4,4,75,2,55.2,52.1,41.3,93.4,614,1451,1.85,1.44,3.29,1.74,3.18,1.62,1.21,2.84,1.53,2.75,Real Salt Lake,2,34,34,3060,34.0,48,1.41,152,104,71.1,16,11,7,9,26.5,6,4,1,1,20.0,Real Salt Lake,2,34.0,48,4,3,3,1,44.2,0.26,-2.8,-0.08,146,391,37.3,1077,185,29.6,30.2,233,30.9,32.2,405,36,8.9,46,1.35,15.6,Real Salt Lake,30,34.0,63,522,185,35.4,15.35,5.44,0.11,0.32,19.1,17,4,4,55.2,52.1,0.1,7.8,6.9,Real Salt Lake,30,34.0,14990,18116,82.7,273244,93694,6455,7188,89.8,6625,7497,88.4,1637,2689,60.9,49,41.3,33.2,7.7,398,1237,286,56,1451,Real Salt Lake,30,34.0,18116,16442,1608,446,37,197,591,659,188,112,35,1,14990,66,288,Real Salt Lake,30,34.0,881,25.91,658,58,47,61,36,21,108,3.18,79,7,6,7,5,4,Real Salt Lake,30,34.0,495,326,198,238,59,221,480,46.0,259,405,127,278,312,807,589,16,Real Salt Lake,30,53.9,34.0,21927,2057,6581,10309,5244,720,21923,674,294,43.6,344,51.0,12675,63212,33150,614,505,165,535,289,14825,1438,Real Salt Lake,30,25.6,34,3060,90,100,34.0,374,82,221,151,21,139,1.74,65,48,17,0.5,55.2,43.5,11.7,0.35,Real Salt Lake,30,34.0,75,2,1,450,395,66,591,312,326,1,6,1,1602,321,319,50.2
Seattle Sounders,28,27.6,50.5,34,374,3060,34.0,49,31,80,41,8,9,55,8,49.3,42.2,34.7,77.0,563,1455,1.44,0.91,2.35,1.21,2.12,1.45,1.02,2.47,1.24,2.26,Seattle Sounders,2,34,34,3057,34.0,35,1.03,125,89,75.2,16,9,9,13,38.2,5,4,1,0,20.0,Seattle Sounders,2,34.0,35,4,0,2,0,34.5,0.25,-0.5,-0.02,129,385,33.5,702,121,38.3,35.2,248,46.8,40.8,471,39,8.3,14,0.41,10.2,Seattle Sounders,28,34.0,49,451,143,31.7,13.26,4.21,0.09,0.29,18.0,14,8,9,49.3,42.2,0.1,-0.3,-1.2,Seattle Sounders,28,34.0,14601,17819,81.9,259319,91433,6578,7290,90.2,6170,7065,87.3,1514,2615,57.9,31,34.7,35.8,-3.7,338,1189,286,57,1455,Seattle Sounders,28,34.0,17819,16239,1548,446,30,108,666,575,210,83,86,1,14601,32,309,Seattle Sounders,28,34.0,817,24.03,585,83,36,59,44,10,84,2.47,54,8,1,7,12,2,Seattle Sounders,28,34.0,538,341,249,211,78,247,452,54.6,205,398,122,276,331,869,654,14,Seattle Sounders,28,50.5,34.0,21440,1968,6413,9738,5464,809,21431,571,268,46.9,258,45.2,11947,60379,29158,563,393,176,473,299,14463,1435,Seattle Sounders,28,27.6,34,3060,90,100,34.0,374,82,225,142,20,160,1.68,51,35,16,0.47,49.3,38.3,11.0,0.32,Seattle Sounders,28,34.0,55,8,4,342,415,32,666,331,341,8,5,0,1574,434,397,52.2
SJ Earthquakes,27,27.6,44.6,34,374,3060,34.0,39,29,68,38,1,1,70,3,45.4,44.6,35.2,79.8,493,1129,1.15,0.85,2.0,1.12,1.97,1.34,1.04,2.37,1.31,2.35,SJ Earthquakes,3,34,34,3060,34.0,78,2.29,190,112,62.6,6,3,25,2,5.9,8,7,1,0,12.5,SJ Earthquakes,3,34.0,78,7,0,10,1,62.5,0.3,-14.5,-0.43,161,374,43.0,767,151,31.8,30.2,286,45.5,37.0,534,30,5.6,25,0.74,13.5,SJ Earthquakes,27,34.0,39,404,122,30.2,11.88,3.59,0.09,0.31,17.4,13,1,1,45.4,44.6,0.11,-6.4,-6.6,SJ Earthquakes,27,34.0,11984,15132,79.2,220403,83927,5050,5749,87.8,5266,6101,86.3,1383,2466,56.1,29,35.2,31.4,-6.2,312,863,241,70,1129,SJ Earthquakes,27,34.0,15132,13466,1622,446,35,112,599,601,177,65,86,2,11984,44,321,SJ Earthquakes,27,34.0,719,21.15,517,76,35,48,30,13,63,1.85,39,5,7,9,2,1,SJ Earthquakes,27,34.0,599,329,294,231,74,300,624,48.1,324,372,115,257,325,924,844,11,SJ Earthquakes,27,44.6,34.0,19002,2403,7015,8246,3935,608,19001,578,273,47.2,265,45.8,10250,54054,26974,493,329,111,516,259,11891,1122,SJ Earthquakes,27,27.6,34,3060,90,100,34.0,374,80,208,163,22,142,0.62,41,78,-37,-1.09,45.4,58.3,-12.9,-0.38,SJ Earthquakes,27,34.0,70,3,1,368,398,44,599,325,329,1,8,1,1446,383,395,49.2
Sporting KC,25,28.6,50.6,34,374,3060,34.0,51,39,90,51,0,3,65,3,42.9,40.5,31.5,72.0,583,1363,1.5,1.15,2.65,1.5,2.65,1.26,0.93,2.19,1.19,2.12,Sporting KC,2,34,34,3060,34.0,66,1.94,148,83,56.8,8,7,19,3,8.8,5,2,3,0,60.0,Sporting KC,2,34.0,66,2,1,8,4,58.1,0.38,-3.9,-0.11,120,442,27.1,773,137,39.6,35.2,244,55.7,45.3,347,14,4.0,26,0.76,13.2,Sporting KC,25,34.0,51,464,145,31.3,13.65,4.26,0.11,0.35,18.4,17,0,3,42.9,40.5,0.09,8.1,10.5,Sporting KC,25,34.0,14104,17398,81.1,258560,88644,5937,6672,89.0,6280,7125,88.1,1567,2728,57.4,39,31.5,30.5,7.5,343,1199,228,60,1363,Sporting KC,25,34.0,17398,15698,1640,474,27,149,593,636,186,128,30,0,14104,60,336,Sporting KC,25,34.0,807,23.74,576,73,45,48,45,20,86,2.53,60,7,9,7,1,2,Sporting KC,25,34.0,574,332,250,229,95,261,518,50.4,257,366,79,287,296,870,536,13,Sporting KC,25,50.6,34.0,20863,1811,6220,9314,5512,700,20860,576,250,43.4,274,47.6,12020,60030,28465,583,459,178,503,277,13973,1347,Sporting KC,25,28.6,34,3060,90,100,34.0,374,81,246,126,26,165,0.91,51,66,-15,-0.44,42.9,52.8,-9.9,-0.29,Sporting KC,25,34.0,65,3,1,422,399,60,593,296,332,3,5,4,1563,364,398,47.8
St. Louis,35,26.3,46.9,34,374,3060,34.0,47,33,80,42,5,7,91,1,47.0,41.6,32.9,74.5,530,1333,1.38,0.97,2.35,1.24,2.21,1.38,0.97,2.35,1.22,2.19,St. Louis,2,34,34,3060,34.0,63,1.85,167,107,65.3,8,13,13,7,20.6,6,5,1,0,16.7,St. Louis,2,34.0,63,5,1,2,4,63.7,0.36,4.7,0.14,201,508,39.6,987,134,41.4,36.9,228,43.4,39.5,442,15,3.4,45,1.32,15.6,St. Louis,35,34.0,47,501,151,30.1,14.74,4.44,0.08,0.28,18.6,21,5,7,47.0,41.6,0.08,0.0,0.4,St. Louis,35,34.0,11395,14968,76.1,205043,86163,5056,5873,86.1,4909,5897,83.2,1180,2365,49.9,33,32.9,35.5,0.1,351,1014,323,68,1333,St. Louis,35,34.0,14968,13274,1643,431,42,63,655,709,179,75,77,2,11395,51,337,St. Louis,35,34.0,828,24.35,583,78,54,56,40,17,78,2.29,49,10,6,7,5,1,St. Louis,35,34.0,598,376,247,249,102,312,603,51.7,291,453,120,333,327,925,673,15,St. Louis,35,46.9,34.0,18951,1888,6056,7970,5125,803,18944,534,256,47.9,244,45.7,9874,49973,24171,530,362,159,562,321,11288,1329,St. Louis,35,26.3,34,3060,90,100,34.0,374,81,218,155,21,143,1.09,50,63,-13,-0.38,47.0,57.4,-10.5,-0.31,St. Louis,35,34.0,91,1,1,492,374,51,655,327,376,4,6,4,1560,509,419,54.8
Toronto FC,27,27.4,49.9,34,374,3060,34.0,38,28,66,35,3,6,102,5,38.9,34.2,26.6,60.8,530,1302,1.12,0.82,1.94,1.03,1.85,1.14,0.78,1.93,1.01,1.79,Toronto FC,2,34,34,3060,34.0,61,1.79,161,101,65.2,11,4,19,8,23.5,5,5,0,0,0.0,Toronto FC,2,34.0,61,5,1,4,1,57.1,0.33,-2.9,-0.09,122,388,31.4,901,141,32.6,32.4,241,39.0,36.7,416,23,5.5,45,1.32,16.8,Toronto FC,27,34.0,38,377,128,34.0,11.09,3.76,0.09,0.27,17.6,14,3,6,38.9,34.2,0.09,-0.9,0.8,Toronto FC,27,34.0,14315,17420,82.2,257934,91184,6432,7135,90.1,6048,6872,88.0,1539,2631,58.5,28,26.6,32.4,1.4,289,1101,269,64,1302,Toronto FC,27,34.0,17420,15872,1479,444,32,207,457,569,130,55,29,1,14315,69,278,Toronto FC,27,34.0,679,19.97,525,37,42,33,29,13,68,2.0,53,2,3,6,3,1,Toronto FC,27,34.0,534,329,252,217,65,252,445,56.6,193,380,96,284,293,827,595,15,Toronto FC,27,49.9,34.0,21022,2146,7335,9287,4604,741,21016,634,297,46.8,285,45.0,11865,57197,26282,530,404,168,520,299,14185,1287,Toronto FC,27,27.4,34,3060,90,100,34.0,374,80,217,153,24,148,1.09,40,61,-21,-0.62,38.9,48.5,-9.5,-0.28,Toronto FC,27,34.0,102,5,5,417,391,69,457,293,329,5,5,1,1583,418,406,50.7
Vancouver W'caps,29,26.7,47.6,34,374,3060,34.0,50,36,86,48,2,3,67,3,49.4,47.1,37.6,84.7,442,1258,1.47,1.06,2.53,1.41,2.47,1.45,1.11,2.56,1.38,2.49,Vancouver W'caps,2,34,34,3060,34.0,49,1.44,138,90,68.1,13,8,13,7,20.6,6,5,1,0,16.7,Vancouver W'caps,2,34.0,49,5,0,4,2,50.2,0.33,3.2,0.1,137,394,34.8,795,100,33.8,34.4,215,58.1,48.9,472,21,4.4,18,0.53,12.2,Vancouver W'caps,29,34.0,50,425,140,32.9,12.5,4.12,0.11,0.34,16.0,12,2,3,49.4,47.1,0.11,0.6,0.9,Vancouver W'caps,29,34.0,14034,17006,82.5,275030,90280,4980,5524,90.2,7081,7922,89.4,1775,2896,61.3,36,37.6,40.4,-1.6,326,1122,290,105,1258,Vancouver W'caps,29,34.0,17006,15548,1402,372,31,124,703,566,165,92,46,1,14034,56,231,Vancouver W'caps,29,34.0,754,22.18,553,86,30,44,34,7,83,2.44,64,5,5,7,1,1,Vancouver W'caps,29,34.0,498,306,223,211,64,228,451,50.6,223,367,110,257,298,796,711,11,Vancouver W'caps,29,47.6,34.0,20379,2222,6718,9131,4693,736,20376,391,179,45.8,177,45.3,11748,55295,25986,442,365,99,453,209,13959,1251,Vancouver W'caps,29,26.7,34,3060,90,100,34.0,374,81,213,159,20,147,1.38,52,49,3,0.09,49.4,44.6,4.9,0.14,Vancouver W'caps,29,34.0,67,3,2,338,329,56,703,298,306,2,6,2,1403,432,414,51.1
