Jugador,Equipo,Competición,Posición,Edad,Partidos,Minutos,Goles,Asistencias,xG,xAG,npxG,ValorMercado,PasesCompletados,IntentosPase,PctPasesCompletados,DistanciaTotalPases,DistanciaProgresiva,PasesClave,Entradas,Intercepciones,Bloqueos,TarjetasAmarillas,TarjetasRojas,Goles_Asistencias,xG_xAG,Equiv_90min,EntradasGanadas,AsistDesdeCruzados,Tiros,TirosAlArco
Erling Haaland,Manchester City,Premier League,FW,24,31,2736,22,3,22.0,3.0,18.8,200000000.0,255,381,66.9,3086,593,29,11,5,12,2,0,25,0.82,30.4,6,1,104,55
Vinicius Junior,Real Madrid,La Liga,FW,24,30,2253,11,8,10.4,8.0,8.2,200000000.0,673,901,74.7,10433,2523,58,21,3,9,8,1,19,0.73,25.0,10,6,78,24
Jude Bellingham,Real Madrid,La Liga,MF,21,31,2488,9,8,11.4,3.9,9.9,180000000.0,1333,1548,86.1,21413,4654,42,61,28,37,5,1,17,0.55,27.6,33,0,60,22
Lamine Yamal,Barcelona,La Liga,FW,17,35,2856,9,13,9.8,13.9,9.8,180000000.0,1161,1553,74.8,16208,4559,64,42,16,12,3,0,22,0.75,31.7,28,16,144,46
Kylian Mbappe,Real Madrid,La Liga,FW,25,34,2907,31,3,25.9,7.7,18.6,170000000.0,949,1145,82.9,13622,2382,51,8,1,3,3,1,34,1.04,32.3,5,3,152,75
Bukayo Saka,Arsenal,Premier League,FW,22,25,1729,6,10,6.8,7.6,6.0,150000000.0,552,731,75.5,8408,2487,58,29,3,22,3,0,16,0.75,19.2,15,12,66,22
Jamal Musiala,Bayern Munich,Bundesliga,MF,21,25,1798,12,2,9.3,4.5,9.3,140000000.0,778,942,82.6,10803,2645,41,36,8,30,3,0,14,0.69,20.0,21,0,68,31
Florian Wirtz,Leverkusen,Bundesliga,MF,21,31,2351,10,12,9.4,7.0,6.1,140000000.0,1370,1749,78.3,18566,5171,57,32,10,32,3,0,22,0.63,26.1,20,8,74,35
Federico Valverde,Real Madrid,La Liga,MF,26,36,3032,6,4,2.7,3.1,2.7,130000000.0,2010,2237,89.9,34974,10229,39,50,55,38,4,0,10,0.17,33.7,30,2,57,22
Cole Palmer,Chelsea,Premier League,MF,22,37,3191,15,8,17.3,10.9,13.3,130000000.0,1140,1480,77.0,21582,5611,87,34,11,16,7,0,23,0.79,35.5,20,17,121,44
Rodri,Betis,La Liga,FW,24,3,118,0,0,0.2,0.1,0.2,130000000.0,56,66,84.8,941,282,2,2,1,2,0,0,0,0.19,1.3,1,0,2,2
Phil Foden,Manchester City,Premier League,MF,24,28,1777,7,2,5.2,4.8,5.2,130000000.0,791,941,84.1,12385,2615,43,13,9,13,2,0,9,0.5,19.7,5,6,54,16
Pedri,Barcelona,La Liga,MF,21,37,2879,4,5,2.2,7.4,2.2,120000000.0,2404,2749,87.4,40804,10163,70,61,26,45,3,0,9,0.3,32.0,34,4,25,11
Declan Rice,Arsenal,Premier League,MF,25,35,2825,4,7,3.5,6.6,3.5,110000000.0,1376,1650,83.4,23402,6234,59,53,25,27,7,1,11,0.32,31.4,25,5,48,14
Martin Odegaard,Arsenal,Premier League,MF,25,30,2325,3,8,4.8,5.4,4.0,100000000.0,1237,1499,82.5,19237,5460,63,19,6,5,4,0,11,0.4,25.8,11,5,48,15
Alexander Isak,Newcastle Utd,Premier League,FW,24,34,2756,23,6,20.3,4.3,17.2,100000000.0,519,689,75.3,7434,1644,41,12,3,18,1,0,29,0.81,30.6,5,1,95,41
Rodrygo,Real Madrid,La Liga,FW,23,30,1928,6,5,4.0,3.0,3.9,100000000.0,939,1093,85.9,12276,3000,49,21,11,18,0,0,11,0.33,21.4,14,2,54,20
Lautaro Martinez,Inter,Serie A,FW,26,30,2474,12,3,13.5,4.3,13.5,95000000.0,472,634,74.4,7494,1609,36,30,10,21,1,0,15,0.62,27.5,16,1,99,33
Harry Kane,Bayern Munich,Bundesliga,FW,31,31,2381,26,9,20.3,5.3,13.3,90000000.0,509,645,78.9,9141,2258,35,13,2,16,5,0,35,0.97,26.5,11,2,105,45
Alexis Mac Allister,Liverpool,Premier League,MF,25,35,2599,5,5,2.8,4.7,2.8,90000000.0,1273,1524,83.5,20344,5748,45,95,22,61,6,0,10,0.26,28.9,58,2,38,13
Julian Alvarez,Atletico Madrid,La Liga,FW,24,37,2509,17,4,14.1,5.3,11.0,90000000.0,717,966,74.2,10651,2652,41,25,2,14,5,0,21,0.7,27.9,17,5,70,36
Luis Diaz,Liverpool,Premier League,FW,27,36,2399,13,5,12.0,5.0,12.0,85000000.0,736,874,84.2,11789,2533,56,39,7,19,2,0,18,0.64,26.7,26,6,71,30
Bruno Guimaraes,Newcastle Utd,Premier League,MF,26,38,3271,5,6,4.3,6.1,4.3,80000000.0,1481,1798,82.4,24436,7860,52,83,29,36,7,0,11,0.29,36.3,47,6,45,13
Khvicha Kvaratskhelia,Napoli,Serie A,FW,23,17,1178,5,3,4.1,3.7,3.4,80000000.0,352,461,76.4,5985,1769,28,15,4,13,1,0,8,0.6,13.1,9,4,49,16
Nicolo Barella,Inter,Serie A,MF,27,32,2456,3,6,2.2,4.5,2.2,80000000.0,1484,1808,82.1,26231,7745,55,50,12,26,4,0,9,0.24,27.3,31,12,42,9
Raphinha,Barcelona,La Liga,FW,27,36,2839,18,9,19.2,12.7,17.6,80000000.0,1064,1497,71.1,17773,4933,91,36,11,29,4,0,27,1.01,31.5,22,18,112,40
Dominik Szoboszlai,Liverpool,Premier League,MF,23,36,2491,6,6,7.3,7.4,7.3,80000000.0,1114,1322,84.3,17528,3641,56,38,9,39,6,0,12,0.53,27.7,20,5,67,22
William Saliba,Arsenal,Premier League,DF,23,35,3039,2,0,2.3,0.9,2.3,80000000.0,2413,2559,94.3,41458,12540,7,62,21,25,2,1,2,0.09,33.8,37,0,6,2
Michael Olise,Bayern Munich,Bundesliga,FW,22,34,2334,12,15,9.7,12.0,9.7,80000000.0,1290,1585,81.4,19018,5660,90,36,8,23,3,0,27,0.84,25.9,23,13,86,36
Aurelien Tchouameni,Real Madrid,La Liga,DF,24,32,2689,0,0,1.7,0.6,1.7,80000000.0,1869,2025,92.3,32598,10694,5,47,46,34,5,0,0,0.07,29.9,23,1,19,3
Alessandro Bastoni,Inter,Serie A,DF,25,32,2333,1,5,0.8,2.3,0.8,80000000.0,1966,2225,88.4,36493,11275,27,46,21,25,6,1,6,0.12,25.9,23,24,12,2
Moises Caicedo,Chelsea,Premier League,MF,22,38,3351,1,2,0.8,3.0,0.8,80000000.0,1967,2194,89.7,33834,8949,30,114,49,49,11,0,3,0.1,37.2,73,2,20,3
Josko Gvardiol,Manchester City,Premier League,DF,22,37,3277,5,0,4.6,2.1,4.3,75000000.0,2454,2721,90.2,39905,10760,26,58,44,42,2,0,5,0.18,36.4,39,1,40,12
Gabriel Magalhaes,Arsenal,Premier League,DF,26,28,2363,3,1,2.6,0.9,2.6,75000000.0,1480,1641,90.2,25788,7938,13,25,16,42,4,0,4,0.13,26.3,15,0,22,5
Rafael Leao,Milan,Serie A,FW,25,34,2323,8,8,7.6,8.4,7.6,75000000.0,630,849,74.2,10407,2763,58,16,6,15,5,0,16,0.62,25.8,10,10,66,29
Marcus Thuram,Inter,Serie A,FW,26,31,2200,14,4,9.9,4.4,9.9,75000000.0,412,559,73.7,5263,1082,39,18,3,16,1,0,18,0.56,24.4,8,4,64,27
Enzo Fernandez,Chelsea,Premier League,MF,23,36,2947,6,7,6.1,6.8,6.1,75000000.0,1518,1900,79.9,26776,7512,77,65,13,43,8,0,13,0.39,32.7,33,7,53,20
Omar Marmoush,Manchester City,Premier League,FW,25,16,1175,7,0,5.5,2.8,5.5,75000000.0,252,318,79.2,3443,849,15,13,6,15,0,0,7,0.64,13.1,8,4,49,17
Ousmane Dembele,Paris S-G,Ligue 1,FW,27,29,1730,21,6,16.6,8.2,15.8,75000000.0,844,1068,79.0,13453,3685,63,11,9,3,1,0,27,1.29,19.2,5,3,96,49
Trent Alexander-Arnold,Liverpool,Premier League,DF,25,33,2365,3,6,1.9,7.3,1.9,75000000.0,1448,1971,73.5,27901,11363,52,72,31,26,5,0,9,0.35,26.3,50,20,45,8
Ruben Dias,Manchester City,Premier League,DF,27,27,2271,0,0,1.5,0.3,1.5,70000000.0,2167,2317,93.5,37644,12143,5,17,20,23,4,0,0,0.07,25.2,11,0,21,7
Kai Havertz,Arsenal,Premier League,FW,25,23,1875,9,3,9.5,2.4,9.5,70000000.0,407,519,78.4,4905,1033,17,16,6,23,5,0,12,0.57,20.8,9,1,53,21
Xavi Simons,RB Leipzig,Bundesliga,MF,21,25,2150,10,6,5.1,6.3,5.1,70000000.0,944,1201,78.6,14792,3997,51,28,12,19,5,0,16,0.48,23.9,21,4,50,23
Nico Williams,Athletic Club,La Liga,FW,22,29,1996,5,5,4.2,3.5,4.2,70000000.0,497,705,70.5,7797,1800,40,28,7,20,1,0,10,0.35,22.2,18,8,54,19
Ryan Gravenberch,Liverpool,Premier League,MF,22,37,3160,0,4,1.1,3.1,1.1,70000000.0,1718,1927,89.2,25904,6528,26,69,60,35,6,1,4,0.12,35.1,35,2,20,5
Cody Gakpo,Liverpool,Premier League,FW,25,35,1935,10,4,7.1,4.4,7.1,70000000.0,480,634,75.7,6870,1656,38,28,12,23,5,0,14,0.53,21.5,16,8,57,22
Pau Cubarsi,Barcelona,La Liga,DF,17,35,2618,0,3,0.8,1.6,0.8,70000000.0,2434,2604,93.5,45654,16006,9,34,16,12,3,0,3,0.08,29.1,23,1,8,0
Gavi,Barcelona,La Liga,MF,19,26,1085,1,1,0.9,1.6,0.9,70000000.0,733,814,90.0,10848,2687,14,30,10,14,4,0,2,0.2,12.1,21,1,11,1
Bradley Barcola,Paris S-G,Ligue 1,FW,21,34,2181,14,10,13.4,10.1,13.4,70000000.0,749,917,81.7,10250,2486,50,27,19,25,2,0,24,0.97,24.2,17,4,74,38
Eduardo Camavinga,Real Madrid,La Liga,MF,21,19,1102,1,2,0.4,0.8,0.4,70000000.0,700,793,88.3,11361,3012,11,42,18,24,2,0,3,0.1,12.2,26,0,8,2
Benjamin Sesko,RB Leipzig,Bundesliga,FW,21,33,2380,13,5,10.0,2.1,8.4,65000000.0,415,614,67.6,5132,1145,19,7,5,15,2,1,18,0.46,26.4,3,0,66,29
Achraf Hakimi,Paris S-G,Ligue 1,DF,25,25,2066,4,6,2.9,6.2,2.9,65000000.0,1898,2140,88.7,26053,7482,50,48,31,25,4,0,10,0.4,23.0,36,9,32,12
Joao Neves,Paris S-G,Ligue 1,MF,19,29,1844,3,8,3.0,4.0,3.0,65000000.0,1491,1634,91.2,23851,5397,33,63,23,29,1,0,11,0.34,20.5,31,2,28,11
Anthony Gordon,Newcastle Utd,Premier League,FW,23,34,2434,6,5,8.0,5.0,6.5,65000000.0,720,982,73.3,11128,3642,51,32,7,25,2,0,11,0.48,27.0,18,17,57,16
Ademola Lookman,Atalanta,Serie A,MF,26,31,2247,15,5,10.3,7.1,9.5,60000000.0,684,944,72.5,9662,2659,61,32,3,19,4,0,20,0.7,25.0,15,13,81,32
Alejandro Balde,Barcelona,La Liga,DF,20,32,2284,0,4,0.5,3.4,0.5,60000000.0,1306,1484,88.0,19158,3986,26,18,5,24,2,0,4,0.15,25.4,10,11,12,3
Vitinha,Genoa,Serie A,FW,24,25,1328,2,3,1.6,3.3,1.6,60000000.0,191,322,59.3,2886,753,16,23,12,14,2,0,5,0.34,14.8,8,7,33,5
Lois Openda,RB Leipzig,Bundesliga,FW,24,33,2453,9,5,9.0,3.4,8.2,60000000.0,377,591,63.8,4849,996,28,9,5,19,5,1,14,0.45,27.3,4,1,77,31
Desire Doue,Paris S-G,Ligue 1,FW,19,31,1730,6,6,5.1,7.8,5.1,60000000.0,933,1133,82.3,13916,3351,55,48,13,26,1,0,12,0.67,19.2,30,16,55,20
Warren Zaire-Emery,Paris S-G,Ligue 1,MF,18,29,2050,1,2,1.7,1.4,1.7,60000000.0,1557,1677,92.8,22787,4864,18,51,23,35,3,0,3,0.14,22.8,26,1,17,7
Ibrahima Konate,Liverpool,Premier League,DF,25,31,2560,1,2,1.7,1.0,1.7,60000000.0,1718,1905,90.2,31820,10824,10,40,17,29,5,0,3,0.1,28.4,26,0,19,3
Martin Zubimendi,Real Sociedad,La Liga,MF,25,36,2962,2,1,2.6,1.1,2.6,60000000.0,1482,1772,83.6,25341,7363,19,73,44,42,6,0,3,0.11,32.9,37,1,24,6
Federico Dimarco,Inter,Serie A,DF,26,32,2140,4,7,3.3,6.1,3.3,60000000.0,973,1275,76.3,16613,4805,48,25,14,24,3,0,11,0.39,23.8,14,19,55,20
Oihan Sancet,Athletic Club,La Liga,MF,24,29,1620,15,1,9.7,1.9,7.3,60000000.0,461,569,81.0,6927,1632,21,13,5,10,2,0,16,0.64,18.0,8,1,47,17
Jules Kounde,Barcelona,La Liga,DF,25,32,2605,2,3,1.8,3.9,1.8,60000000.0,1856,2140,86.7,28736,8279,32,63,20,35,4,0,5,0.2,28.9,43,8,18,6
Dani Olmo,Barcelona,La Liga,MF,26,25,1212,10,3,6.5,3.0,4.9,60000000.0,520,641,81.1,7634,2216,26,16,3,6,1,0,13,0.7,13.5,11,1,40,15
Dejan Kulusevski,Tottenham,Premier League,MF,24,32,2389,7,4,4.2,6.2,4.2,60000000.0,658,893,73.7,9216,2920,65,45,13,34,3,0,11,0.39,26.5,23,6,47,17
Levi Colwill,Chelsea,Premier League,DF,21,35,3149,2,1,1.9,1.1,1.9,55000000.0,2338,2619,89.3,42476,14955,14,47,33,37,9,0,3,0.09,35.0,34,3,17,4
Eberechi Eze,Crystal Palace,Premier League,MF,26,34,2588,8,8,10.5,6.2,8.9,55000000.0,777,1047,74.2,13226,3540,58,39,11,27,1,0,16,0.58,28.8,22,4,100,27
Mohamed Salah,Liverpool,Premier League,FW,32,38,3371,29,18,25.2,14.2,18.2,55000000.0,892,1263,70.6,13343,3919,88,21,9,12,1,0,47,1.05,37.5,11,15,121,50
Hugo Ekitike,Eint Frankfurt,Bundesliga,FW,22,33,2563,15,8,21.6,6.8,19.3,55000000.0,486,644,75.5,6414,1191,44,16,7,13,1,0,23,0.99,28.5,12,4,114,44
Murillo,Nott'ham Forest,Premier League,DF,22,36,3188,2,0,1.4,1.2,1.4,55000000.0,1138,1450,78.5,22680,10645,13,53,36,69,6,0,2,0.07,35.4,36,1,25,6
Ethan Nwaneri,Arsenal,Premier League,FW,17,26,895,4,2,1.2,1.2,1.2,55000000.0,342,425,80.5,4906,1216,16,11,2,8,1,0,6,0.24,9.9,7,6,24,9
Gabriel Martinelli,Arsenal,Premier League,FW,23,33,2290,8,4,7.4,5.0,7.4,55000000.0,499,699,71.4,7113,1534,40,23,5,15,1,0,12,0.49,25.4,15,15,55,24
Jeremy Doku,Manchester City,Premier League,FW,22,29,1516,3,6,1.3,4.8,1.3,55000000.0,603,762,79.1,8464,1506,32,31,4,11,1,0,9,0.36,16.8,22,6,29,9
Nicolas Jackson,Chelsea,Premier League,FW,23,30,2220,10,5,12.3,4.3,12.3,55000000.0,303,399,75.9,4088,884,28,22,3,15,7,1,15,0.67,24.7,13,1,76,34
Micky van de Ven,Tottenham,Premier League,DF,23,13,1015,0,2,0.6,1.2,0.6,55000000.0,729,802,90.9,13817,4206,2,10,10,12,4,0,2,0.15,11.3,6,0,6,2
Nuno Mendes,Paris S-G,Ligue 1,DF,22,24,1676,1,3,2.2,5.0,2.2,55000000.0,1293,1488,86.9,22683,6256,30,30,18,25,3,0,4,0.39,18.6,19,13,21,9
Bruno Fernandes,Manchester Utd,Premier League,MF,29,36,3018,8,10,9.9,8.5,7.6,55000000.0,1707,2242,76.1,30541,10698,91,84,26,35,5,2,18,0.55,33.5,50,11,93,26
Cristian Romero,Tottenham,Premier League,DF,26,18,1416,1,0,1.6,0.6,1.6,55000000.0,1094,1223,89.5,20402,8197,7,35,21,18,3,0,1,0.14,15.7,29,1,16,8
Leny Yoro,Manchester Utd,Premier League,DF,18,21,1165,0,0,0.7,0.1,0.7,55000000.0,708,766,92.4,11513,3678,2,29,18,5,5,0,0,0.06,12.9,11,1,5,1
Matheus Cunha,Wolves,Premier League,MF,25,33,2597,15,6,8.6,7.7,8.6,55000000.0,811,1133,71.6,12850,4384,56,38,17,21,4,0,21,0.57,28.9,22,10,110,44
Kobbie Mainoo,Manchester Utd,Premier League,MF,19,25,1651,0,0,0.7,1.6,0.7,55000000.0,723,836,86.5,9649,2346,14,46,19,16,5,0,0,0.12,18.3,29,1,15,2
Amadou Onana,Aston Villa,Premier League,MF,22,26,1617,3,0,2.1,0.7,2.1,55000000.0,703,802,87.7,11058,2897,10,55,26,16,4,0,3,0.16,18.0,30,2,17,6
Marcus Rashford,Aston Villa,Premier League,FW,26,10,444,2,2,3.1,2.3,2.3,50000000.0,117,164,71.3,1772,447,13,10,1,2,0,0,4,1.08,10.9,7,2,18,5
Morgan Rogers,Aston Villa,Premier League,FW,22,37,3114,8,10,6.6,7.8,6.6,50000000.0,664,907,73.2,9771,3327,51,43,6,26,10,0,18,0.42,34.6,22,3,55,20
Alphonso Davies,Bayern Munich,Bundesliga,DF,23,19,1560,1,2,1.2,1.6,1.2,50000000.0,1141,1272,89.7,16222,3977,27,30,13,14,0,0,3,0.16,17.3,17,2,17,3
Ederson,Manchester City,Premier League,GK,30,26,2320,0,4,0.0,1.5,0.0,50000000.0,811,923,87.9,19885,13212,4,0,1,0,4,0,4,0.06,25.8,0,0,0,0
Ronald Araujo,Barcelona,La Liga,DF,25,12,754,1,1,1.0,0.4,1.0,50000000.0,666,725,91.9,12408,3957,4,12,9,6,3,0,2,0.17,8.4,9,0,4,2
Joao Pedro,Brighton,Premier League,FW,22,27,1948,10,6,8.9,5.0,5.0,50000000.0,482,661,72.9,6847,1766,30,16,9,12,4,1,16,0.64,21.6,12,5,42,15
James Maddison,Tottenham,Premier League,MF,27,31,1809,9,7,5.8,4.2,5.8,50000000.0,1021,1256,81.3,16664,5028,41,31,12,15,6,0,16,0.5,20.1,19,5,39,17
Bryan Mbeumo,Brentford,Premier League,FW,24,38,3414,20,7,12.3,8.3,7.5,50000000.0,872,1319,66.1,13902,4325,70,49,14,26,3,0,27,0.54,37.9,31,19,79,34
Brennan Johnson,Tottenham,Premier League,FW,23,33,2177,11,3,10.4,2.3,10.4,50000000.0,449,638,70.4,5932,1611,19,39,4,25,5,0,14,0.52,24.2,26,6,54,20
Pedro Neto,Chelsea,Premier League,FW,24,35,2269,4,6,3.5,6.7,3.5,50000000.0,702,895,78.4,11347,2418,46,23,9,14,8,0,10,0.4,25.2,9,23,59,17
Alex Baena,Villarreal,La Liga,MF,23,32,2595,7,9,7.1,11.7,6.3,50000000.0,857,1287,66.6,17433,6579,95,28,22,29,9,0,16,0.65,28.8,15,19,69,17
Darwin Nunez,Liverpool,Premier League,FW,25,30,1133,5,2,5.8,1.3,5.8,50000000.0,163,230,70.9,2390,587,11,21,4,6,8,0,7,0.57,12.6,18,1,34,13
Jarrad Branthwaite,Everton,Premier League,DF,22,30,2511,0,1,1.2,0.7,1.2,50000000.0,984,1198,82.1,19285,7699,3,36,27,31,4,0,1,0.07,27.9,20,0,10,3
Dayot Upamecano,Bayern Munich,Bundesliga,DF,25,20,1759,2,0,1.2,0.5,1.2,50000000.0,1805,1923,93.9,34017,11145,7,36,34,17,6,0,2,0.09,19.5,22,1,13,6
Castello Lukeba,RB Leipzig,Bundesliga,DF,21,23,1577,0,0,0.4,0.2,0.4,50000000.0,1054,1238,85.1,17686,7070,4,31,17,29,2,0,0,0.04,17.5,17,1,4,1
Jurrien Timber,Arsenal,Premier League,DF,23,30,2417,1,3,1.2,0.8,1.2,50000000.0,1194,1395,85.6,17327,4642,17,58,22,19,7,0,4,0.08,26.9,38,2,14,4
Ollie Watkins,Aston Villa,Premier League,FW,28,38,2598,16,8,15.3,3.3,13.8,50000000.0,307,424,72.4,3915,656,24,10,8,11,2,0,24,0.65,28.9,7,0,82,36
Ben White,Arsenal,Premier League,DF,26,17,1198,0,2,0.5,1.4,0.5,50000000.0,580,692,83.8,9173,2998,10,20,16,10,2,0,2,0.14,13.3,14,2,9,2
Aleksandar Pavlovic,Bayern Munich,Bundesliga,MF,20,21,1451,1,0,0.6,0.2,0.6,50000000.0,1437,1541,93.3,22476,5374,7,38,5,18,2,0,1,0.05,16.1,21,1,9,4
Christian Pulisic,Milan,Serie A,FW,25,34,2478,11,9,12.0,6.4,8.9,50000000.0,825,1078,76.5,12131,3064,69,43,5,24,1,0,20,0.67,27.5,29,8,53,20
Tijjani Reijnders,Milan,Serie A,MF,26,37,3128,10,4,7.5,3.5,7.5,50000000.0,1355,1549,87.5,22565,6476,47,26,38,22,2,1,14,0.32,34.8,13,2,77,28
Pablo Barrios,Atletico Madrid,La Liga,MF,21,31,2330,1,4,1.3,2.4,1.3,50000000.0,1299,1511,86.0,20821,5648,26,46,34,18,4,1,5,0.14,25.9,26,5,29,8
Joshua Kimmich,Bayern Munich,Bundesliga,MF,29,33,2847,3,7,1.8,7.4,1.8,50000000.0,3269,3652,89.5,58907,17234,83,47,25,23,4,0,10,0.29,31.6,29,10,34,10
Piero Hincapie,Leverkusen,Bundesliga,DF,22,32,2670,2,2,2.9,3.2,2.9,50000000.0,1855,2110,87.9,30779,10852,16,52,32,40,8,0,4,0.21,29.7,40,7,22,3
Jamie Gittens,Dortmund,Bundesliga,FW,19,32,1776,8,3,3.6,2.5,3.6,50000000.0,427,558,76.5,5844,1011,21,31,10,16,4,0,11,0.31,19.7,19,4,52,24
Morgan Gibbs-White,Nott'ham Forest,Premier League,MF,24,34,2803,7,8,6.3,5.0,6.3,50000000.0,993,1269,78.3,15389,4754,51,43,23,18,11,1,15,0.36,31.1,22,10,61,21
Jeremie Frimpong,Leverkusen,Bundesliga,DF,23,33,2314,5,5,4.1,4.2,4.1,50000000.0,715,940,76.1,10545,2224,30,33,8,25,4,0,10,0.32,25.7,25,18,34,16
Fermin Lopez,Barcelona,La Liga,MF,21,28,1252,6,5,5.6,3.9,5.6,50000000.0,552,675,81.8,8398,2128,29,19,5,11,4,1,11,0.69,13.9,15,6,41,15
Curtis Jones,Liverpool,Premier League,MF,23,33,1712,3,3,4.3,1.1,4.3,50000000.0,1021,1097,93.1,15072,3158,22,39,7,22,3,1,6,0.29,19.0,22,1,34,13
Mohammed Kudus,West Ham,Premier League,FW,23,32,2590,5,3,6.9,3.1,6.9,50000000.0,715,855,83.6,11695,1800,31,38,4,24,2,1,8,0.35,28.8,23,15,75,21
Brahim Diaz,Real Madrid,La Liga,FW,24,31,1385,4,2,5.3,3.3,5.3,45000000.0,573,660,86.8,7322,1909,23,25,4,16,0,0,6,0.56,15.4,19,0,28,15
Arda Guler,Real Madrid,La Liga,MF,19,28,1250,3,4,3.3,4.5,3.3,45000000.0,763,886,86.1,12391,3189,40,30,7,18,1,0,7,0.56,13.9,16,5,39,16
Frenkie de Jong,Barcelona,La Liga,MF,27,26,1143,2,2,0.7,2.0,0.7,45000000.0,1084,1148,94.4,16878,4702,21,19,12,9,3,0,4,0.21,12.7,11,0,5,3
Diogo Jota,Liverpool,Premier League,FW,27,26,1196,6,3,7.9,1.8,7.9,45000000.0,216,310,69.7,3313,829,11,14,8,9,2,0,9,0.74,13.3,8,1,51,13
Mateo Retegui,Atalanta,Serie A,FW,25,36,2383,25,8,18.9,4.9,14.9,45000000.0,440,575,76.5,6210,971,38,14,4,7,3,0,33,0.9,26.5,9,1,99,32
Victor Boniface,Leverkusen,Bundesliga,FW,23,19,1008,8,1,7.8,1.1,7.1,45000000.0,172,245,70.2,2453,503,10,5,0,1,2,0,9,0.8,11.2,4,2,50,17
Alejandro Garnacho,Manchester Utd,Premier League,MF,20,36,2199,6,2,7.3,4.5,7.3,45000000.0,649,823,78.9,9138,1181,37,30,13,19,3,0,8,0.48,24.4,18,5,84,29
Marc Guehi,Crystal Palace,Premier League,DF,24,34,3059,3,2,2.0,1.8,2.0,45000000.0,1473,1765,83.5,28093,11512,16,61,28,55,9,1,5,0.11,34.0,34,3,15,7
Kaoru Mitoma,Brighton,Premier League,FW,27,36,2603,10,4,9.2,4.6,9.2,45000000.0,749,988,75.8,9777,2226,37,45,14,48,1,0,14,0.48,28.9,27,8,57,27
Christopher Nkunku,Chelsea,Premier League,FW,26,27,921,3,2,4.8,2.1,4.8,45000000.0,299,334,89.5,3928,760,14,12,7,9,2,0,5,0.68,10.2,8,0,25,11
Pedro Porro,Tottenham,Premier League,DF,24,33,2610,2,6,1.6,5.0,1.6,45000000.0,1385,1892,73.2,24256,9602,57,66,36,44,5,0,8,0.23,29.0,49,27,39,8
Bernardo Silva,Manchester City,Premier League,MF,29,33,2670,4,4,3.9,5.1,3.9,45000000.0,1547,1783,86.8,23646,4501,53,56,23,36,7,0,8,0.3,29.7,37,7,32,11
Dominic Solanke,Tottenham,Premier League,FW,26,27,2201,9,3,10.9,2.9,10.1,45000000.0,255,361,70.6,3429,944,14,18,1,20,0,0,12,0.57,24.5,11,0,59,24
Sven Botman,Newcastle Utd,Premier League,DF,24,8,412,0,0,0.5,0.5,0.5,45000000.0,220,246,89.4,3768,1437,2,12,5,5,1,0,0,0.24,4.6,9,0,5,2
Jarrod Bowen,West Ham,Premier League,FW,27,34,2973,13,8,8.6,6.8,7.8,45000000.0,584,815,71.7,9476,2687,51,41,16,22,1,0,21,0.47,33.0,26,8,86,36
Sandro Tonali,Newcastle Utd,Premier League,MF,24,36,2630,4,2,4.4,2.2,4.4,45000000.0,1285,1535,83.7,20569,5348,28,51,34,34,5,0,6,0.22,29.2,32,5,35,12
Destiny Udogie,Tottenham,Premier League,DF,21,25,1924,0,1,0.3,1.5,0.3,45000000.0,972,1115,87.2,14117,4770,16,75,22,40,2,0,1,0.08,21.4,47,1,5,1
Willian Pacho,Paris S-G,Ligue 1,DF,22,28,2132,0,1,0.3,0.3,0.3,45000000.0,1865,1968,94.8,33030,9702,3,56,40,35,2,0,1,0.02,23.7,32,0,4,1
Goncalo Ramos,Paris S-G,Ligue 1,FW,23,22,1066,10,3,13.6,2.2,11.3,45000000.0,193,241,80.1,2279,367,15,11,0,5,1,0,13,1.33,11.8,6,0,52,29
Alessandro Buongiorno,Napoli,Serie A,DF,25,22,1924,1,0,0.8,0.6,0.8,45000000.0,1161,1279,90.8,20369,6363,5,39,35,30,2,0,1,0.07,21.4,23,0,8,4
Jonathan David,Lille,Ligue 1,FW,24,32,2554,16,5,16.2,4.4,10.7,45000000.0,563,686,82.1,7502,1225,36,24,7,13,4,0,21,0.73,28.4,8,0,66,28
Rasmus Hojlund,Manchester Utd,Premier League,FW,21,32,2004,4,0,5.3,1.8,5.3,45000000.0,251,336,74.7,2741,486,16,3,2,6,2,0,4,0.32,22.3,1,1,32,13
Lisandro Martinez,Manchester Utd,Premier League,DF,26,20,1751,2,1,1.3,1.1,1.3,45000000.0,1200,1342,89.4,20292,7055,9,40,32,22,7,0,3,0.13,19.5,24,2,17,6
Dusan Vlahovic,Juventus,Serie A,FW,24,29,1784,10,4,12.3,1.3,9.2,45000000.0,253,366,69.1,3895,421,15,4,1,7,3,0,14,0.69,19.8,2,0,73,25
Kenan Yildiz,Juventus,Serie A,FW,19,35,2402,7,4,4.3,5.0,4.3,45000000.0,896,1124,79.7,13767,3753,57,54,5,25,2,1,11,0.35,26.7,30,13,61,22
Dean Huijsen,Bournemouth,Premier League,DF,19,32,2427,3,2,1.9,2.0,1.9,42000000.0,1355,1625,83.4,27219,10928,15,36,51,40,10,0,5,0.14,27.0,26,2,18,3
Karim Adeyemi,Dortmund,Bundesliga,FW,22,25,1433,7,6,5.5,6.0,5.5,40000000.0,298,401,74.3,4376,889,28,20,7,14,4,0,13,0.72,15.9,14,2,46,18
Teun Koopmeiners,Juventus,Serie A,MF,26,28,1994,3,3,3.8,2.9,3.8,40000000.0,761,953,79.9,12045,3133,38,32,8,36,3,0,6,0.3,22.2,16,3,42,10
Khephren Thuram,Juventus,Serie A,MF,23,35,2326,4,5,3.5,3.6,3.5,40000000.0,1228,1389,88.4,18876,4695,25,44,14,32,5,0,9,0.28,25.8,21,0,36,10
Nico Schlotterbeck,Dortmund,Bundesliga,DF,24,23,1982,0,4,1.3,2.1,1.3,40000000.0,1856,2080,89.2,35474,13457,18,38,22,31,7,2,4,0.15,22.0,24,2,17,4
Conor Gallagher,Atletico Madrid,La Liga,MF,24,32,1633,3,3,2.8,1.2,2.8,40000000.0,714,840,85.0,9884,2176,12,45,20,23,2,0,6,0.22,18.1,32,1,22,4
Endrick,Real Madrid,La Liga,FW,18,22,363,1,0,2.5,0.5,2.5,40000000.0,59,75,78.7,939,120,4,1,4,0,1,0,1,0.73,4.0,1,0,24,6
Edmond Tapsoba,Leverkusen,Bundesliga,DF,25,29,2507,0,0,1.1,0.2,1.1,40000000.0,1703,1972,86.4,29215,10275,4,39,24,21,4,0,0,0.05,27.9,24,2,21,2
Exequiel Palacios,Leverkusen,Bundesliga,MF,25,24,1155,1,6,1.5,2.3,1.5,40000000.0,922,1023,90.1,13196,3782,28,22,13,14,2,0,7,0.3,12.8,15,2,13,8
Takefusa Kubo,Real Sociedad,La Liga,MF,23,36,2372,5,0,3.6,4.5,3.6,40000000.0,694,962,72.1,9938,2961,45,31,17,38,5,0,5,0.31,26.4,20,11,43,14
Joao Palhinha,Bayern Munich,Bundesliga,MF,29,17,673,0,0,0.7,0.2,0.7,40000000.0,510,552,92.4,8227,1663,4,20,4,13,2,1,0,0.12,7.5,14,0,10,3
Pape Matar Sarr,Tottenham,Premier League,MF,21,36,1913,3,2,3.7,1.6,3.7,40000000.0,889,1029,86.4,13609,3128,15,49,30,26,6,0,5,0.25,21.3,36,2,34,13
Moise Kean,Fiorentina,Serie A,FW,24,31,2615,17,3,19.4,1.9,17.9,40000000.0,228,326,69.9,3457,552,19,7,5,12,5,0,20,0.71,29.1,5,1,98,45
Hugo Larsson,Eint Frankfurt,Bundesliga,MF,20,33,2393,3,1,3.1,2.1,3.1,40000000.0,1080,1243,86.9,16893,4921,21,47,30,42,2,0,4,0.19,26.6,27,3,21,10
Mathys Tel,Bayern Munich,Bundesliga,FW,19,8,256,0,1,0.7,0.3,0.7,40000000.0,108,128,84.4,1721,329,1,2,1,0,0,0,1,0.36,2.8,2,1,10,3
Scott McTominay,Napoli,Serie A,MF,27,34,2938,12,4,7.4,2.7,7.4,40000000.0,777,924,84.1,12625,2930,26,43,24,22,3,0,16,0.31,32.6,25,1,76,33
Pau Torres,Aston Villa,Premier League,DF,27,24,2020,0,0,0.5,0.1,0.5,40000000.0,1217,1369,88.9,21319,7907,3,21,10,16,2,0,0,0.03,22.4,15,0,8,2
Noni Madueke,Chelsea,Premier League,FW,22,32,2033,7,3,9.6,4.2,9.6,40000000.0,530,685,77.4,7705,1853,32,25,10,17,3,0,10,0.61,22.6,18,8,80,30
Amad Diallo,Manchester Utd,Premier League,MF,22,26,1901,8,6,4.7,4.9,4.7,40000000.0,795,949,83.8,11030,2193,49,38,11,15,5,0,14,0.45,21.1,31,7,47,17
Romeo Lavia,Chelsea,Premier League,MF,20,16,797,0,1,0.3,0.7,0.3,40000000.0,389,424,91.7,6552,1692,7,22,16,6,4,0,1,0.11,8.9,13,0,2,0
Joelinton,Newcastle Utd,Premier League,MF,27,29,2393,4,3,3.9,2.5,3.9,40000000.0,863,1043,82.7,12199,3384,23,57,23,37,10,0,7,0.24,26.6,35,2,45,13
Riccardo Calafiori,Arsenal,Premier League,DF,22,19,983,2,1,0.9,0.3,0.9,40000000.0,470,549,85.6,6903,1705,6,27,9,12,4,0,3,0.11,10.9,19,1,10,6
David Raya,Arsenal,Premier League,GK,28,38,3420,0,0,0.0,0.0,0.0,40000000.0,1040,1413,73.6,24784,17222,1,0,2,0,3,0,0,0.0,38.0,0,0,0,0
Matthijs de Ligt,Manchester Utd,Premier League,DF,24,29,2123,2,0,2.5,0.3,2.5,40000000.0,1241,1380,89.9,21810,5955,6,30,33,29,3,0,2,0.12,23.6,22,1,18,9
Andrea Cambiaso,Juventus,Serie A,DF,24,33,2221,2,3,0.7,2.6,0.7,40000000.0,1476,1667,88.5,24469,5281,34,46,16,24,4,0,5,0.13,24.7,30,9,17,6
Eder Militao,Real Madrid,La Liga,DF,26,12,938,1,1,0.6,0.5,0.6,40000000.0,636,712,89.3,13095,4633,6,19,12,13,2,0,2,0.11,10.4,17,0,10,3
Robin Le Normand,Atletico Madrid,La Liga,DF,27,27,2151,1,0,1.5,0.5,1.5,40000000.0,1174,1298,90.4,20104,6230,3,27,10,20,8,0,1,0.08,23.9,18,0,11,3
Maghnes Akliouche,Monaco,Ligue 1,FW,22,32,2406,5,10,9.2,7.3,8.4,40000000.0,989,1216,81.3,13887,4098,49,51,15,21,2,0,15,0.62,26.7,31,3,61,17
Marquinhos,Paris S-G,Ligue 1,DF,30,22,1725,2,0,1.1,0.8,1.1,40000000.0,1736,1830,94.9,33775,10072,9,30,11,27,3,0,2,0.1,19.2,19,1,8,3
Joao Gomes,Wolves,Premier League,MF,23,36,2974,3,1,2.9,1.2,2.9,40000000.0,1380,1623,85.0,19707,4911,23,116,25,42,11,1,4,0.12,33.0,71,1,35,7
Theo Hernandez,Milan,Serie A,DF,26,33,2696,4,3,2.7,4.7,1.9,40000000.0,1373,1639,83.8,21883,6748,47,36,17,25,4,1,7,0.25,30.0,28,12,43,14
Serhou Guirassy,Dortmund,Bundesliga,FW,28,30,2598,21,4,22.7,3.9,19.6,40000000.0,456,627,72.7,5726,933,25,7,4,10,4,0,25,0.92,28.9,6,0,86,33
Gregor Kobel,Dortmund,Bundesliga,GK,26,32,2880,0,0,0.0,0.0,0.0,40000000.0,993,1241,80.0,24180,16099,1,0,1,0,1,0,0,0.0,32.0,0,0,0,0
Gabriel Jesus,Arsenal,Premier League,FW,27,17,608,3,0,3.0,0.7,3.0,40000000.0,156,203,76.8,2030,378,8,10,4,10,4,0,3,0.54,6.8,6,1,20,7
Rico Lewis,Manchester City,Premier League,DF,19,28,1893,1,2,1.4,0.3,1.4,40000000.0,1201,1312,91.5,17279,3228,7,30,13,28,5,1,3,0.08,21.0,19,0,10,2
Douglas Luiz,Juventus,Serie A,MF,26,19,529,0,0,0.6,1.0,0.6,38000000.0,379,438,86.5,6855,1625,15,13,4,5,2,0,0,0.27,5.9,8,1,8,2
Angelo Stiller,Stuttgart,Bundesliga,MF,23,32,2741,1,8,1.8,7.2,1.8,38000000.0,2219,2540,87.4,37222,12647,59,49,26,29,6,0,9,0.29,30.5,27,10,21,4
Boubacar Kamara,Aston Villa,Premier League,MF,24,26,1726,1,0,0.8,0.9,0.8,38000000.0,825,931,88.6,13054,4037,11,50,19,19,2,0,1,0.09,19.2,21,0,10,3
Leroy Sane,Bayern Munich,Bundesliga,FW,28,30,1637,11,5,10.2,5.5,10.2,38000000.0,750,909,82.5,10629,1878,36,23,7,8,2,0,16,0.87,18.2,15,7,67,29
Charles De Ketelaere,Atalanta,Serie A,MF,23,36,2070,7,7,7.3,6.0,7.3,38000000.0,754,995,75.8,11207,3089,39,13,3,14,1,0,14,0.57,23.0,9,9,48,20
Santiago Gimenez,Milan,Serie A,FW,23,14,669,5,2,4.8,0.9,4.0,37000000.0,79,98,80.6,962,169,6,5,1,3,3,1,7,0.77,7.4,3,1,22,9
Francisco Conceicao,Juventus,Serie A,FW,21,26,1340,3,3,2.3,4.3,2.3,36000000.0,427,545,78.3,7032,1122,28,23,6,7,5,1,6,0.45,14.9,14,10,40,13
Giorgio Scalvini,Atalanta,Serie A,DF,20,6,272,0,0,0.1,0.0,0.1,35000000.0,165,195,84.6,2779,1088,0,8,4,0,2,0,0,0.05,3.0,4,0,4,0
Carlos Baleba,Brighton,Premier League,MF,20,34,2661,3,1,3.1,1.3,3.1,35000000.0,1149,1314,87.4,19305,4741,21,79,46,47,8,1,4,0.15,29.6,46,3,44,11
Lionel Messi,Inter Miami,MLS,FW,36,19,1489,20,11,11.8,4.0,11.0,35000000.0,674,874,77.1,11127,4115,30,15,2,4,2,0,31,0.96,16.5,6,1,83,39
Manu Kone,Roma,Serie A,MF,23,34,2572,2,1,3.4,1.7,3.4,35000000.0,1160,1273,91.1,18915,4440,19,41,24,27,6,0,3,0.18,28.6,26,1,34,8
Mohamed Simakan,RB Leipzig,Bundesliga,DF,24,1,54,0,0,0.0,0.3,0.0,35000000.0,42,50,84.0,779,306,3,0,2,0,0,0,0,0.46,0.6,0,1,0,0
Jonathan Burkardt,Mainz 05,Bundesliga,FW,24,29,2109,18,2,14.8,3.1,13.2,35000000.0,379,523,72.5,6262,854,20,15,1,11,0,0,20,0.76,23.4,8,4,70,28
Antoine Semenyo,Bournemouth,Premier League,FW,24,37,3203,11,5,10.0,5.8,10.0,35000000.0,821,1119,73.4,11674,2915,46,55,11,67,9,0,16,0.44,35.6,35,8,125,40
Mason Greenwood,Marseille,Ligue 1,FW,22,34,2804,21,5,16.3,5.7,9.1,35000000.0,1089,1389,78.4,18128,4250,47,35,12,7,3,0,26,0.71,31.2,18,14,111,45
Abdukodir Khusanov,Lens,Ligue 1,DF,20,13,975,0,0,0.2,0.3,0.2,35000000.0,483,548,88.1,8942,3769,2,15,26,17,2,1,0,0.05,10.8,11,1,6,4
Mikel Merino,Arsenal,Premier League,MF,28,28,1586,7,2,5.9,2.0,5.9,35000000.0,451,577,78.2,6182,1776,17,46,15,18,4,1,9,0.45,17.6,28,4,38,13
Kingsley Coman,Bayern Munich,Bundesliga,FW,28,28,1282,5,4,4.3,3.3,4.3,35000000.0,624,740,84.3,9720,1512,32,17,8,12,0,0,9,0.53,14.2,12,5,44,17
Gianluigi Donnarumma,Paris S-G,Ligue 1,GK,25,24,2091,0,0,0.0,0.0,0.0,35000000.0,552,632,87.3,12174,7092,0,1,0,0,2,0,0,0.0,23.2,1,0,0,0
Archie Gray,Tottenham,Premier League,DF,18,28,1751,0,0,0.0,0.1,0.0,35000000.0,1001,1145,87.4,17440,5370,3,16,19,22,1,0,0,0.01,19.5,8,0,1,1
Jack Grealish,Manchester City,Premier League,FW,28,20,721,1,1,1.1,1.8,1.1,35000000.0,382,436,87.6,5685,986,24,9,2,12,3,0,2,0.37,8.0,5,0,15,5
Hakan Calhanoglu,Inter,Serie A,MF,30,28,1879,5,6,4.4,5.6,1.3,35000000.0,1464,1690,86.6,27437,8326,49,43,17,17,5,0,11,0.46,20.9,22,11,41,12
Santiago Castro,Bologna,Serie A,FW,19,36,2294,8,4,7.7,2.9,6.9,35000000.0,354,461,76.8,6386,993,28,18,3,13,7,0,12,0.41,25.5,10,0,62,20
Enzo Millot,Stuttgart,Bundesliga,MF,22,29,1843,6,5,7.6,3.1,6.7,35000000.0,967,1140,84.8,13665,3306,23,30,13,27,9,0,11,0.52,20.5,13,3,43,17
Joshua Zirkzee,Manchester Utd,Premier League,FW,23,32,1402,3,1,4.8,1.5,4.8,35000000.0,292,410,71.2,3600,901,12,14,6,15,2,0,4,0.41,15.6,8,0,28,11
Rayan Cherki,Lyon,Ligue 1,FW,20,30,2041,8,11,5.0,11.1,5.0,35000000.0,1079,1375,78.5,17006,5140,75,15,7,6,3,0,19,0.71,22.7,12,3,45,19
Rayan Ait-Nouri,Wolves,Premier League,DF,23,37,3109,4,7,2.7,5.5,2.7,35000000.0,1449,1721,84.2,19837,5926,46,89,26,42,7,1,11,0.24,34.5,57,10,36,10
Justin Kluivert,Bournemouth,Premier League,MF,25,34,2340,12,6,10.3,4.8,5.6,35000000.0,582,782,74.4,8844,2330,45,23,14,24,8,0,18,0.58,26.0,11,6,57,23
Milos Kerkez,Bournemouth,Premier League,DF,20,38,3336,2,5,0.6,3.9,0.5,35000000.0,1346,1776,75.8,20911,6878,35,52,45,38,4,0,7,0.12,37.1,26,27,19,5
Lucas Paqueta,West Ham,Premier League,MF,26,33,2380,4,0,5.3,3.1,3.7,35000000.0,1126,1456,77.3,18683,6014,36,66,18,29,10,0,4,0.32,26.4,37,4,39,3
Harvey Elliott,Liverpool,Premier League,MF,21,18,371,1,2,1.8,1.1,1.8,35000000.0,240,292,82.2,4164,1016,10,5,1,7,1,0,3,0.69,4.1,3,0,17,4
Evanilson,Bournemouth,Premier League,FW,24,31,2319,10,1,12.5,1.9,11.7,35000000.0,244,342,71.3,3038,622,26,16,1,11,1,1,11,0.56,25.8,10,0,72,31
Anthony Elanga,Nott'ham Forest,Premier League,FW,22,38,2501,6,11,4.5,5.7,4.5,35000000.0,540,827,65.3,8021,2660,50,19,6,11,1,0,17,0.36,27.8,14,8,44,24
Adam Wharton,Crystal Palace,Premier League,MF,20,20,1318,0,2,0.4,3.0,0.4,35000000.0,548,725,75.6,10271,3780,26,34,20,11,2,0,2,0.23,14.6,14,5,13,5
Youri Tielemans,Aston Villa,Premier League,MF,27,36,3026,3,7,3.3,7.0,2.5,35000000.0,1694,2061,82.2,29049,10244,60,84,23,38,4,0,10,0.31,33.6,58,4,40,12
Guglielmo Vicario,Tottenham,Premier League,GK,27,24,2160,0,0,0.0,0.0,0.0,35000000.0,764,874,87.4,15137,8856,0,0,1,0,1,0,0,0.0,24.0,0,0,0,0
Ezri Konsa,Aston Villa,Premier League,DF,26,34,2936,2,0,1.3,0.4,1.3,35000000.0,1555,1673,92.9,26299,8781,6,34,24,20,1,0,2,0.05,32.6,18,0,11,5
Matheus Nunes,Manchester City,Premier League,DF,25,26,1674,1,6,1.2,4.4,1.2,35000000.0,1065,1234,86.3,16409,2994,23,35,15,17,4,0,7,0.3,18.6,22,7,9,4
Malo Gusto,Chelsea,Premier League,DF,21,32,1862,0,1,1.7,1.4,1.7,35000000.0,1198,1385,86.5,19538,4892,22,45,24,29,4,0,1,0.15,20.7,29,7,22,4
Antonee Robinson,Fulham,Premier League,DF,26,36,3167,0,10,0.7,4.2,0.7,35000000.0,1595,2076,76.8,27385,10017,43,95,62,43,8,0,10,0.14,35.2,61,29,16,2
Liam Delap,Ipswich Town,Premier League,FW,21,37,2593,12,2,9.3,1.9,7.8,35000000.0,219,357,61.3,3011,657,21,11,2,8,12,0,14,0.39,28.8,8,0,66,29
Diogo Dalot,Manchester Utd,Premier League,DF,25,33,2814,0,3,2.0,2.0,2.0,35000000.0,1347,1673,80.5,21723,6617,26,68,37,22,5,0,3,0.13,31.3,40,8,25,5
Noussair Mazraoui,Manchester Utd,Premier League,DF,26,37,2838,0,1,0.7,1.5,0.7,32000000.0,1526,1781,85.7,23059,8056,20,115,34,36,3,0,1,0.07,31.5,68,5,13,3
Joachim Andersen,Fulham,Premier League,DF,28,29,2583,0,0,1.0,0.5,1.0,32000000.0,1654,2000,82.7,36471,14436,4,27,34,37,6,1,0,0.05,28.7,18,3,19,4
Davide Frattesi,Inter,Serie A,MF,24,27,1158,5,1,4.0,0.8,4.0,32000000.0,297,360,82.5,4304,880,7,17,5,12,1,0,6,0.35,12.9,8,1,26,7
Evan Ferguson,Brighton,Premier League,FW,19,13,246,1,0,0.5,0.4,0.5,32000000.0,43,58,74.1,484,44,3,3,1,2,0,0,1,0.35,2.7,1,0,7,2
Andre Onana,Manchester Utd,Premier League,GK,28,34,3060,0,0,0.0,0.2,0.0,32000000.0,948,1306,72.6,22819,13922,1,2,0,0,0,0,0,0.0,34.0,2,0,0,0
Jacob Ramsey,Aston Villa,Premier League,FW,23,29,1623,1,3,1.6,2.3,1.6,32000000.0,497,586,84.8,6645,1578,21,30,8,23,4,1,4,0.22,18.0,15,1,19,4
Manuel Akanji,Manchester City,Premier League,DF,29,26,2014,0,0,1.6,0.4,1.6,32000000.0,1632,1744,93.6,27046,7578,9,19,9,11,3,0,0,0.09,22.4,12,2,15,2
Nathan Ake,Manchester City,Premier League,DF,29,10,678,0,0,0.2,0.0,0.2,32000000.0,509,542,93.9,8321,2950,1,9,3,7,0,0,0,0.03,7.5,7,0,3,0
Georginio Rutter,Brighton,Premier League,MF,22,28,1656,5,3,4.6,2.5,4.6,32000000.0,237,355,66.8,3344,1174,19,39,10,20,2,0,8,0.39,18.4,15,1,50,12
Emile Smith Rowe,Fulham,Premier League,MF,24,34,2043,6,3,4.5,1.4,4.5,32000000.0,922,1023,90.1,13141,2429,24,31,11,22,3,0,9,0.26,22.7,18,1,37,11
Jan Paul van Hecke,Brighton,Premier League,DF,24,34,2958,1,1,1.3,1.5,1.3,32000000.0,2016,2286,88.2,39486,15217,15,45,24,37,8,1,2,0.09,32.9,29,4,17,5
Leon Bailey,Aston Villa,Premier League,FW,26,24,1139,1,2,1.7,1.5,1.7,32000000.0,277,390,71.0,4313,1055,16,7,3,6,3,0,3,0.26,12.7,5,2,28,6
Mohamed Amoura,Wolfsburg,Bundesliga,FW,24,31,2467,10,9,8.7,4.0,7.2,32000000.0,532,757,70.3,8149,1608,35,29,9,42,6,0,19,0.46,27.4,22,5,73,25
Matteo Guendouzi,Lazio,Serie A,MF,25,37,3270,1,3,1.4,3.2,1.4,32000000.0,1961,2183,89.8,36189,9790,43,37,32,34,7,0,4,0.13,36.3,21,3,27,8
Samuele Ricci,Torino,Serie A,MF,22,34,2825,1,1,1.3,0.6,1.3,30000000.0,1177,1338,88.0,20766,4393,15,35,25,23,8,1,2,0.06,31.4,21,0,22,7
Benjamin Pavard,Inter,Serie A,DF,28,23,1584,0,1,0.5,0.8,0.5,30000000.0,1050,1150,91.3,19188,5573,8,29,16,16,4,0,1,0.08,17.6,16,2,8,1
David Neres,Napoli,Serie A,FW,27,28,1283,2,4,2.7,3.5,2.7,30000000.0,420,555,75.7,6127,1548,26,21,7,7,1,0,6,0.43,14.3,11,14,29,7
Randal Kolo Muani,Paris S-G,Ligue 1,FW,25,10,358,2,1,4.7,0.9,3.9,30000000.0,57,78,73.1,755,123,5,4,0,1,0,0,3,1.39,4.0,4,0,15,6
Yoane Wissa,Brentford,Premier League,FW,27,35,2919,19,4,18.5,2.6,18.5,30000000.0,450,588,76.5,6490,1617,27,22,8,29,5,0,23,0.65,32.4,12,1,90,41
Vitor Reis,Manchester City,Premier League,DF,18,1,1,0,0,0.0,0.0,0.0,30000000.0,2,2,100.0,50,10,0,0,0,0,0,0,0,0.0,0.0,0,0,0,0
Eliesse Ben Seghir,Monaco,Ligue 1,MF,19,33,1750,6,3,5.5,5.2,4.1,30000000.0,754,951,79.3,10638,3042,33,31,13,20,0,0,9,0.55,19.4,22,4,58,19
Youssouf Fofana,Milan,Serie A,MF,25,35,2504,1,6,1.3,3.4,1.3,30000000.0,1237,1444,85.7,21531,7225,23,56,19,32,5,0,7,0.17,27.8,34,2,36,5
Giorgi Mamardashvili,Valencia,La Liga,GK,23,34,3060,0,0,0.0,0.1,0.0,30000000.0,732,1080,67.8,20581,15111,2,2,1,0,2,0,0,0.0,34.0,2,0,0,0
Raul Asencio,Real Madrid,La Liga,DF,21,23,1670,0,1,0.1,0.6,0.1,30000000.0,927,988,93.8,15881,5389,6,22,16,11,3,0,1,0.04,18.6,16,0,3,1
Marc Cucurella,Chelsea,Premier League,DF,26,36,2988,5,1,2.8,2.1,2.8,30000000.0,1680,1916,87.7,26450,7598,19,67,28,49,10,1,6,0.15,33.2,45,3,24,11
Cristhian Mosquera,Valencia,La Liga,DF,20,37,3319,1,0,0.4,0.0,0.4,30000000.0,1858,2053,90.5,32827,11556,0,56,35,37,6,0,1,0.01,36.9,36,0,5,2
Mikel Oyarzabal,Real Sociedad,La Liga,FW,27,35,2250,9,3,9.9,2.4,6.8,30000000.0,371,505,73.5,4901,837,15,25,4,17,4,1,12,0.5,25.0,16,3,39,13
Vitor Roque,Betis,La Liga,FW,19,22,1235,4,0,6.1,1.2,6.1,30000000.0,142,195,72.8,1986,451,12,11,7,5,4,0,4,0.53,13.7,6,3,41,18
Rodrigo Bentancur,Tottenham,Premier League,MF,27,26,1645,2,0,1.3,0.4,1.3,30000000.0,946,1076,87.9,15392,3700,10,40,40,25,9,0,2,0.1,18.3,22,2,22,5
Jonathan Tah,Leverkusen,Bundesliga,DF,28,33,2970,3,0,1.1,0.4,1.1,30000000.0,2145,2309,92.9,38573,15060,4,19,36,22,3,0,3,0.05,33.0,12,3,24,7
Harvey Barnes,Newcastle Utd,Premier League,FW,26,33,1755,9,4,7.2,4.0,7.2,30000000.0,474,607,78.1,6642,1989,26,16,6,8,0,0,13,0.57,19.5,9,9,63,20
Elliot Anderson,Nott'ham Forest,Premier League,MF,21,37,2728,2,6,2.1,3.3,2.1,30000000.0,1085,1386,78.3,17458,5922,37,92,31,48,10,0,8,0.18,30.3,56,2,40,7
Lewis Hall,Newcastle Utd,Premier League,DF,19,27,2189,0,4,0.4,4.3,0.4,30000000.0,1300,1592,81.7,21999,8891,34,58,18,33,3,0,4,0.19,24.3,41,5,11,1
Isak Hien,Atalanta,Serie A,DF,25,30,2327,0,0,1.0,0.1,1.0,30000000.0,1146,1277,89.7,22379,7040,2,48,31,31,10,0,0,0.04,25.9,28,0,8,2
Reece James,Chelsea,Premier League,DF,24,19,1063,1,1,0.4,0.7,0.4,30000000.0,717,854,84.0,12618,4375,11,10,13,14,1,0,2,0.1,11.8,9,1,11,3
Loic Bade,Sevilla,La Liga,DF,24,32,2686,1,1,0.6,0.7,0.6,30000000.0,1562,1822,85.7,31207,11821,4,47,29,22,7,1,2,0.04,29.8,27,0,13,4
John Stones,Manchester City,Premier League,DF,30,11,548,2,0,0.4,0.1,0.4,30000000.0,367,403,91.1,6382,1601,2,6,4,5,1,0,2,0.08,6.1,2,0,2,2
Marc Casado,Barcelona,La Liga,MF,20,23,1611,1,3,1.1,1.4,1.1,30000000.0,1221,1367,89.3,18725,4279,9,44,22,20,4,1,4,0.13,17.9,25,0,14,1
Jadon Sancho,Chelsea,Premier League,FW,24,31,1764,3,4,2.2,3.7,2.2,30000000.0,663,803,82.6,8932,2093,38,13,2,11,2,0,7,0.3,19.6,7,0,24,8
Jean-Philippe Mateta,Crystal Palace,Premier League,FW,27,37,2648,14,2,13.5,3.2,11.9,30000000.0,291,447,65.1,3849,1016,29,18,2,19,2,0,16,0.57,29.4,12,2,68,29
Ferdi Kadioglu,Brighton,Premier League,DF,24,6,385,1,0,0.4,0.2,0.4,30000000.0,144,175,82.3,2372,698,5,10,8,2,1,0,1,0.14,4.3,6,4,4,1
Hiroki Ito,Bayern Munich,Bundesliga,DF,25,6,250,1,0,0.4,0.4,0.4,30000000.0,183,211,86.7,2740,750,3,2,6,3,1,0,1,0.27,2.8,0,1,1,1
Denis Zakaria,Monaco,Ligue 1,MF,27,26,2144,6,4,5.2,1.4,3.6,30000000.0,1062,1175,90.4,15671,4921,16,41,34,31,5,0,10,0.28,23.8,26,2,29,9
Cheick Doucoure,Crystal Palace,Premier League,MF,24,13,452,0,0,0.4,0.0,0.4,30000000.0,174,204,85.3,2909,823,1,16,11,4,1,0,0,0.08,5.0,8,0,7,0
Pervis Estupinan,Brighton,Premier League,DF,26,30,2402,1,1,1.2,2.1,1.2,30000000.0,1338,1610,83.1,20347,6261,26,65,37,20,5,0,2,0.12,26.7,43,18,28,9
Simon Adingra,Brighton,Premier League,FW,22,29,1097,2,2,2.5,2.5,2.5,30000000.0,290,382,75.9,4148,820,16,23,8,12,0,0,4,0.4,12.2,14,6,33,8
Edson Alvarez,West Ham,Premier League,MF,26,28,1772,0,1,0.4,0.8,0.4,30000000.0,861,1003,85.8,14393,4200,12,50,18,23,9,1,1,0.06,19.7,27,3,12,1
Bilal El Khannouss,Leicester City,Premier League,MF,20,32,2182,2,3,1.3,4.6,1.3,30000000.0,798,1063,75.1,14413,4123,42,50,6,22,4,0,5,0.24,24.2,30,6,30,7
Leandro Trossard,Arsenal,Premier League,FW,29,38,2546,8,7,7.2,6.1,7.2,30000000.0,711,954,74.5,11435,2972,41,31,9,32,4,1,15,0.47,28.3,20,10,72,21
Artem Dovbyk,Roma,Serie A,FW,27,32,2418,12,2,11.9,2.4,10.3,30000000.0,321,433,74.1,3515,432,25,4,2,10,0,0,14,0.53,26.9,2,0,61,25
Yankuba Minteh,Brighton,Premier League,FW,20,32,1838,6,4,4.1,5.0,4.1,30000000.0,348,557,62.5,5531,1843,29,48,11,22,6,0,10,0.44,20.4,35,9,34,16
Ayyoub Bouaddi,Lille,Ligue 1,MF,16,24,1151,0,1,0.1,1.0,0.1,30000000.0,487,555,87.7,8241,1609,5,50,10,12,2,0,1,0.08,12.8,31,0,3,1
Lucas Chevalier,Lille,Ligue 1,GK,22,34,3060,0,0,0.0,0.9,0.0,30000000.0,862,1083,79.6,21173,14738,3,3,0,0,0,0,0,0.03,34.0,2,0,0,0
Lucas Hernandez,Paris S-G,Ligue 1,DF,28,16,877,0,0,0.0,0.1,0.0,30000000.0,832,907,91.7,14282,4851,1,24,7,12,2,0,0,0.01,9.7,18,0,3,0
Nikola Milenkovic,Nott'ham Forest,Premier League,DF,26,37,3330,5,2,4.0,1.1,4.0,28000000.0,850,1033,82.3,17093,6325,9,51,27,41,4,0,7,0.14,37.0,29,0,29,8
Virgil van Dijk,Liverpool,Premier League,DF,33,37,3330,3,1,2.2,0.7,2.2,28000000.0,2687,2934,91.6,49026,19099,12,38,56,27,5,0,4,0.08,37.0,20,0,27,8
Antonio Nusa,RB Leipzig,Bundesliga,MF,19,25,1558,3,3,1.6,2.8,1.6,28000000.0,420,566,74.2,5993,1905,20,30,8,22,0,0,6,0.26,17.3,17,6,24,7
Matty Cash,Aston Villa,Premier League,DF,26,27,2070,1,1,0.5,1.1,0.5,28000000.0,732,945,77.5,12171,3259,10,56,23,22,7,0,2,0.07,23.0,32,5,13,6
Yves Bissouma,Tottenham,Premier League,MF,27,28,1408,2,0,0.6,0.3,0.6,28000000.0,755,852,88.6,11376,2858,6,49,18,11,7,0,2,0.06,15.6,31,1,11,4
Nicolo Rovella,Lazio,Serie A,MF,22,33,2718,0,3,1.5,2.2,1.5,28000000.0,1862,2078,89.6,34282,8459,31,84,47,19,13,0,3,0.12,30.2,50,3,28,8
Danilo,Nott'ham Forest,Premier League,MF,23,8,275,0,0,0.0,0.0,0.0,28000000.0,94,121,77.7,1541,549,0,8,4,2,0,0,0,0.0,3.1,4,0,0,0
Josip Stanisic,Bayern Munich,Bundesliga,DF,24,14,876,0,2,0.3,1.5,0.3,28000000.0,716,782,91.6,12338,3732,14,13,6,10,0,0,2,0.18,9.7,11,2,2,0
Nathan Collins,Brentford,Premier League,DF,23,38,3420,2,3,2.5,1.8,2.5,28000000.0,1705,1985,85.9,32826,10799,10,40,34,77,5,0,5,0.11,38.0,24,2,17,6
Jean-Clair Todibo,West Ham,Premier League,DF,24,27,1825,0,0,0.4,0.0,0.4,28000000.0,951,1082,87.9,16772,5965,2,47,26,25,3,0,0,0.02,20.3,28,0,5,0
Joe Willock,Newcastle Utd,Premier League,MF,24,32,1086,0,2,1.6,2.1,1.6,28000000.0,300,363,82.6,4282,903,22,30,6,24,4,0,2,0.31,12.1,17,0,18,3
Ibrahim Sangare,Nott'ham Forest,Premier League,MF,26,13,590,0,1,0.0,0.4,0.0,28000000.0,276,323,85.4,4521,1475,4,28,6,10,3,0,1,0.06,6.6,14,1,1,1
Vitaliy Mykolenko,Everton,Premier League,DF,25,35,3082,1,2,0.5,2.6,0.5,28000000.0,986,1322,74.6,16470,6579,24,63,44,25,4,0,3,0.09,34.2,38,24,14,1
Myles Lewis-Skelly,Arsenal,Premier League,DF,17,23,1369,1,0,0.2,0.4,0.2,28000000.0,708,776,91.2,10525,2307,8,22,7,4,3,2,1,0.04,15.2,14,2,3,1
Ian Maatsen,Aston Villa,Premier League,DF,22,29,1139,1,2,0.9,2.7,0.9,28000000.0,609,747,81.5,9635,2492,19,29,15,13,2,0,3,0.28,12.7,17,3,19,5
Ferran Torres,Barcelona,La Liga,FW,24,27,1106,10,6,8.0,3.1,8.0,28000000.0,267,360,74.2,3409,773,19,8,4,7,1,1,16,0.9,12.3,4,2,48,22
Denzel Dumfries,Inter,Serie A,DF,28,28,1865,7,2,5.4,3.2,5.4,28000000.0,603,831,72.6,9776,2992,21,25,6,31,4,0,9,0.4,20.7,15,9,36,19
Felix Nmecha,Dortmund,Bundesliga,MF,23,26,1509,4,1,1.3,1.1,1.3,28000000.0,794,903,87.9,14123,3259,14,34,23,20,3,0,5,0.15,16.8,22,0,18,6
Mason Mount,Manchester Utd,Premier League,MF,25,17,622,1,0,3.2,0.6,3.2,28000000.0,207,253,81.8,3015,709,8,15,4,11,3,0,1,0.55,6.9,5,2,20,9
Manuel Locatelli,Juventus,Serie A,MF,26,36,2822,2,2,1.8,2.5,1.0,28000000.0,2134,2431,87.8,40150,14489,29,72,23,58,9,0,4,0.14,31.4,49,2,24,7
Mario Gila,Lazio,Serie A,DF,23,32,2741,1,0,1.1,0.6,1.1,28000000.0,1877,2049,91.6,36948,12033,15,55,28,20,8,0,1,0.05,30.5,37,1,15,4
Marcos Llorente,Atletico Madrid,La Liga,DF,29,33,2513,2,4,0.8,4.3,0.8,28000000.0,1337,1563,85.5,20093,5694,28,69,27,32,0,1,6,0.18,27.9,52,14,16,5
Unai Simon,Athletic Club,La Liga,GK,27,21,1890,0,0,0.0,0.0,0.0,28000000.0,455,654,69.6,13411,10784,0,0,1,1,0,0,0,0.0,21.0,0,0,0,0
Brais Mendez,Real Sociedad,La Liga,MF,27,27,1531,3,2,3.5,2.0,3.5,28000000.0,631,810,77.9,9572,2725,23,24,7,14,4,0,5,0.33,17.0,13,3,28,9
Wesley Fofana,Chelsea,Premier League,DF,23,14,1172,0,0,0.4,0.4,0.4,27000000.0,724,803,90.2,12262,3415,6,13,14,14,7,0,0,0.07,13.0,12,0,3,0
Kevin Schade,Brentford,Premier League,FW,22,38,2293,11,2,8.2,3.7,8.2,27000000.0,323,541,59.7,4930,1389,23,39,5,19,3,0,13,0.47,25.5,25,3,55,27
Jorgen Strand Larsen,Wolves,Premier League,FW,24,35,2587,14,4,10.3,3.0,10.3,27000000.0,295,457,64.6,3818,697,21,10,6,19,4,0,18,0.46,28.7,6,1,54,33
Kevin De Bruyne,Manchester City,Premier League,MF,33,28,1702,4,7,5.1,8.0,5.1,27000000.0,908,1196,75.9,15487,4454,57,17,7,8,2,0,11,0.69,18.9,9,13,57,15
Patrik Schick,Leverkusen,Bundesliga,FW,28,31,1684,21,0,12.7,0.6,11.9,27000000.0,287,368,78.0,3565,473,11,6,4,9,4,0,21,0.71,18.7,5,0,68,32
Mats Wieffer,Brighton,Premier League,DF,24,25,1015,1,3,0.8,1.6,0.8,27000000.0,594,698,85.1,9762,2650,16,58,17,18,6,0,4,0.21,11.3,34,2,9,4
Lutsharel Geertruida,RB Leipzig,Bundesliga,DF,24,24,1557,1,0,1.1,1.0,1.1,27000000.0,961,1109,86.7,16254,5823,10,35,16,15,2,0,1,0.12,17.3,24,4,8,1
Pierre Kalulu,Juventus,Serie A,DF,24,29,2337,1,0,0.7,0.5,0.7,26000000.0,1932,2076,93.1,32032,9746,11,41,17,27,2,1,1,0.05,26.0,25,5,7,3
Axel Disasi,Aston Villa,Premier League,DF,26,7,490,0,0,0.1,0.4,0.1,25000000.0,243,280,86.8,4080,1517,3,7,2,4,2,0,0,0.09,4.0,4,0,2,0
Dan Ndoye,Bologna,Serie A,FW,23,30,2143,8,4,7.0,3.8,5.4,25000000.0,519,704,73.7,8220,1854,27,26,9,23,4,0,12,0.45,23.8,19,2,50,17
David Raum,RB Leipzig,Bundesliga,DF,26,22,1783,1,5,0.5,6.5,0.5,25000000.0,841,1212,69.4,14506,6549,48,38,9,25,5,0,6,0.35,19.8,28,13,9,4
Nuno Tavares,Lazio,Serie A,DF,24,23,1686,0,8,1.1,4.8,1.1,25000000.0,820,1042,78.7,13097,5090,33,28,21,21,4,1,8,0.32,18.7,21,23,28,5
Sander Berge,Fulham,Premier League,MF,26,31,2224,0,0,0.4,0.6,0.4,25000000.0,1091,1193,91.5,19377,4626,18,50,21,27,6,0,0,0.04,24.7,30,0,3,1
Lucas Bergvall,Tottenham,Premier League,MF,18,27,1212,0,1,0.7,0.6,0.7,25000000.0,629,720,87.4,10567,2202,11,39,24,18,3,0,1,0.09,13.5,19,3,12,2
Oscar Bobb,Manchester City,Premier League,FW,21,3,16,0,0,0.0,0.1,0.0,25000000.0,13,15,86.7,169,33,1,0,0,0,0,0,0,0.41,0.2,0,0,0,0
Serge Gnabry,Bayern Munich,Bundesliga,FW,29,27,1242,7,5,7.5,5.1,6.8,25000000.0,498,597,83.4,7268,1449,24,20,6,11,0,0,12,0.92,13.8,11,2,48,17
Konrad Laimer,Bayern Munich,Bundesliga,DF,27,29,1699,2,2,2.1,2.7,2.1,25000000.0,1075,1225,87.8,14939,3794,20,49,8,24,8,0,4,0.25,18.9,27,4,18,6
Elye Wahi,Eint Frankfurt,Bundesliga,FW,21,8,196,0,0,1.3,0.1,1.3,25000000.0,27,42,64.3,366,99,1,0,0,1,1,0,0,0.62,2.2,0,1,9,2
Patrick Dorgu,Manchester Utd,Premier League,DF,19,12,842,0,0,0.4,0.7,0.4,25000000.0,400,494,81.0,5631,1295,12,31,4,11,3,1,0,0.12,9.4,24,2,10,2
Nayef Aguerd,Real Sociedad,La Liga,DF,28,21,1760,0,0,2.4,0.1,2.4,25000000.0,1213,1389,87.3,23636,8366,5,30,13,21,5,0,0,0.13,19.6,24,1,15,5
Radu Dragusin,Tottenham,Premier League,DF,22,16,1252,0,0,0.1,0.4,0.1,25000000.0,716,840,85.2,13638,5250,4,10,15,22,1,0,0,0.04,13.9,6,1,5,1
Donyell Malen,Dortmund,Bundesliga,FW,25,14,614,3,0,2.9,0.2,2.9,25000000.0,136,190,71.6,1735,423,1,0,3,2,1,0,3,0.46,6.8,0,1,19,6
Joao Felix,Chelsea,Premier League,FW,24,12,369,1,1,2.2,1.0,2.2,25000000.0,171,199,85.9,2588,663,6,8,3,2,2,0,2,0.78,4.1,3,0,20,5
Mateo Kovacic,Manchester City,Premier League,MF,30,31,2198,6,2,1.9,3.6,1.9,25000000.0,1742,1882,92.6,27279,7278,33,69,24,20,5,1,8,0.23,24.4,38,0,45,12
Alisson,Liverpool,Premier League,GK,31,28,2508,0,0,0.0,0.6,0.0,25000000.0,794,959,82.8,17555,11360,1,1,0,0,0,0,0,0.02,27.9,0,0,0,0
Mikkel Damsgaard,Brentford,Premier League,MF,24,38,2911,2,10,2.8,8.4,2.8,25000000.0,1107,1529,72.4,19063,7512,63,83,27,40,2,0,12,0.35,32.3,44,17,35,7
Maximilian Beier,Dortmund,Bundesliga,FW,21,29,1591,8,5,7.7,3.3,7.7,25000000.0,291,413,70.5,3569,852,24,25,7,15,2,0,13,0.62,17.7,16,3,42,13
Dango Ouattara,Bournemouth,Premier League,FW,22,32,2005,7,4,8.4,5.5,8.4,25000000.0,367,612,60.0,5725,1706,35,35,11,36,3,0,11,0.62,22.3,26,11,62,20
Kevin Danso,Tottenham,Premier League,DF,25,10,842,0,0,0.4,0.1,0.4,25000000.0,480,555,86.5,9082,2716,2,7,6,15,0,0,0,0.05,9.4,5,1,7,3
Takehiro Tomiyasu,Arsenal,Premier League,DF,25,1,7,0,0,0.2,0.0,0.2,25000000.0,3,4,75.0,42,10,0,0,0,0,0,0,0,2.37,0.1,0,0,1,0
Leif Davis,Ipswich Town,Premier League,DF,24,33,2743,1,2,1.0,4.9,1.0,25000000.0,919,1284,71.6,15858,6353,61,46,25,25,5,1,3,0.19,30.5,27,12,16,2
Tyler Dibling,Southampton,Premier League,FW,18,33,1874,2,0,2.5,1.5,2.5,25000000.0,504,620,81.3,7544,1553,20,34,8,19,6,0,2,0.2,20.8,20,1,28,9
Bart Verbruggen,Brighton,Premier League,GK,21,36,3240,0,1,0.0,0.0,0.0,25000000.0,1011,1315,76.9,23986,16175,1,0,0,1,5,0,1,0.0,36.0,0,0,0,0
Adrien Rabiot,Marseille,Ligue 1,MF,29,29,2485,9,4,7.3,3.8,7.3,25000000.0,1309,1543,84.8,18021,4031,28,49,21,21,4,0,13,0.4,27.6,31,5,48,22
Andrey Santos,Strasbourg,Ligue 1,MF,20,32,2855,10,3,5.1,3.3,5.1,25000000.0,1401,1588,88.2,23008,7859,27,110,32,46,8,0,13,0.27,31.7,74,0,46,16
Wilfried Singo,Monaco,Ligue 1,DF,23,27,2096,1,2,1.9,1.5,1.9,25000000.0,1252,1452,86.2,23389,7968,7,37,43,17,4,0,3,0.14,23.3,23,1,17,5
Edon Zhegrova,Lille,Ligue 1,FW,25,12,978,4,1,2.3,2.2,2.3,25000000.0,316,416,76.0,4971,1467,16,5,4,8,1,0,5,0.41,10.9,2,3,23,9
Andre,Wolves,Premier League,MF,23,33,2472,0,0,0.4,0.8,0.4,25000000.0,1247,1342,92.9,19660,5471,18,91,37,42,7,0,0,0.05,27.5,55,0,10,1
Tyrick Mitchell,Crystal Palace,Premier League,DF,24,37,3092,0,5,1.3,6.4,1.3,25000000.0,976,1355,72.0,15688,5986,41,91,19,68,2,0,5,0.22,34.4,55,16,12,3
Mika Biereth,Monaco,Ligue 1,FW,21,16,1228,13,2,11.3,4.5,9.7,25000000.0,149,241,61.8,2062,532,22,5,4,11,0,0,15,1.16,13.6,5,1,40,22
Benoit Badiashile,Chelsea,Premier League,DF,23,5,334,0,0,0.0,0.0,0.0,25000000.0,273,304,89.8,4820,1473,0,9,6,2,0,0,0,0.0,3.7,6,0,0,0
Calvin Bassey,Fulham,Premier League,DF,24,35,3074,1,0,1.0,0.1,1.0,25000000.0,1934,2155,89.7,34171,11961,3,54,20,40,7,0,1,0.03,34.2,34,0,14,4
Bafode Diakite,Lille,Ligue 1,DF,23,31,2766,4,1,2.3,0.2,2.3,25000000.0,2086,2239,93.2,38535,12423,3,31,27,30,8,1,5,0.08,30.7,18,0,16,7
Malick Fofana,Lyon,Ligue 1,FW,19,29,1589,5,4,3.8,3.7,3.8,25000000.0,494,638,77.4,6737,1373,25,22,8,12,2,0,9,0.43,17.7,11,13,31,15
Aleksandr Golovin,Monaco,Ligue 1,MF,28,19,1153,3,0,2.3,2.4,2.3,25000000.0,523,678,77.1,8301,3070,24,38,12,16,1,0,3,0.37,12.8,24,3,24,9
Evann Guessand,Nice,Ligue 1,FW,23,33,2565,12,8,9.2,5.4,9.2,25000000.0,421,574,73.3,5792,1599,32,44,15,27,2,0,20,0.51,28.5,29,4,63,27
Richarlison,Tottenham,Premier League,FW,27,15,504,4,1,3.7,0.9,3.7,25000000.0,62,103,60.2,937,280,4,5,0,1,2,0,5,0.82,5.6,3,2,17,7
Facundo Medina,Lens,Ligue 1,DF,25,29,2543,0,1,1.8,2.0,1.8,25000000.0,1655,1889,87.6,27012,9960,24,44,32,30,15,1,1,0.13,28.3,29,2,27,3
Tom Bischof,Hoffenheim,Bundesliga,MF,19,31,2559,5,2,2.2,3.6,2.2,25000000.0,1210,1537,78.7,20642,6105,50,95,30,66,5,0,7,0.21,28.4,53,10,51,18
Julian Brandt,Dortmund,Bundesliga,MF,28,30,2303,5,10,4.8,8.5,4.8,25000000.0,953,1209,78.8,14633,3911,61,26,14,17,1,0,15,0.52,25.6,11,6,45,15
Alexander Sorloth,Atletico Madrid,La Liga,FW,28,35,1566,20,2,16.8,1.6,16.0,25000000.0,229,359,63.8,2905,601,13,9,1,6,4,0,22,1.06,17.4,5,1,78,40
Sam Beukema,Bologna,Serie A,DF,25,35,3012,0,1,1.5,0.9,1.5,25000000.0,1826,2114,86.4,36806,11130,10,54,30,36,1,0,1,0.07,33.5,29,3,15,4
Marco Carnesecchi,Atalanta,Serie A,GK,24,34,3060,0,0,0.0,0.2,0.0,25000000.0,811,1082,75.0,22450,14922,1,0,0,1,1,0,0,0.01,34.0,0,0,0,0
Pietro Comuzzo,Fiorentina,Serie A,DF,19,32,2110,1,0,0.5,0.6,0.5,25000000.0,1085,1266,85.7,22161,6285,7,43,29,35,5,0,1,0.05,23.4,21,0,5,2
Thiago Almada,Lyon,Ligue 1,MF,23,16,951,1,4,2.0,2.6,2.0,25000000.0,635,748,84.9,10034,2735,22,14,7,2,3,0,5,0.44,10.6,8,2,23,5
Lucas Beraldo,Paris S-G,Ligue 1,DF,20,25,2011,1,0,0.9,0.4,0.9,25000000.0,2013,2132,94.4,35552,12625,8,38,21,16,6,0,1,0.06,22.3,31,2,12,4
Joe Gomez,Liverpool,Premier League,DF,27,9,519,0,0,0.3,0.1,0.3,25000000.0,377,425,88.7,6689,2299,2,13,7,9,1,0,0,0.08,5.8,10,0,3,2
Brajan Gruda,Brighton,Premier League,MF,20,21,687,1,4,1.2,2.1,1.2,25000000.0,187,251,74.5,2759,970,23,16,2,8,0,0,5,0.43,7.6,8,1,11,5
Dwight McNeil,Everton,Premier League,MF,24,21,1371,4,6,1.1,5.2,1.1,25000000.0,461,619,74.5,8501,2790,37,13,6,7,1,0,10,0.41,15.2,8,10,25,10
Federico Gatti,Juventus,Serie A,DF,26,30,2195,1,0,2.5,0.5,2.5,25000000.0,1387,1460,95.0,25073,7810,6,28,18,27,2,0,1,0.12,24.4,23,0,25,9
Miguel Gutierrez,Girona,La Liga,DF,23,29,2458,1,5,1.6,4.1,1.6,25000000.0,1241,1502,82.6,20464,4847,41,37,16,17,4,0,6,0.21,27.3,24,27,28,9
Samuel Lino,Atletico Madrid,La Liga,MF,24,31,1552,3,4,6.0,2.9,6.0,25000000.0,652,821,79.4,9905,2363,22,33,8,23,3,0,7,0.52,17.2,17,6,45,18
Dodi Lukebakio,Sevilla,La Liga,FW,26,38,3092,11,2,10.1,4.5,9.3,25000000.0,780,1052,74.1,12204,2657,54,22,11,18,3,1,13,0.42,34.4,14,6,93,38
Alberto Moleiro,Las Palmas,La Liga,FW,20,35,2714,6,1,5.6,3.3,5.6,25000000.0,845,1039,81.3,11961,2734,41,27,18,24,5,0,7,0.3,30.2,12,5,68,24
Nahuel Molina,Atletico Madrid,La Liga,DF,26,30,1590,0,3,0.8,1.5,0.8,25000000.0,945,1182,79.9,14192,5083,13,44,13,16,1,0,3,0.13,17.7,19,5,9,1
Jan Oblak,Atletico Madrid,La Liga,GK,31,36,3240,0,0,0.0,0.0,0.0,25000000.0,763,948,80.5,19982,13324,0,0,0,0,0,0,0,0.0,36.0,0,0,0,0
Conor Bradley,Liverpool,Premier League,DF,21,19,754,0,2,0.7,1.4,0.7,25000000.0,456,544,83.8,6875,1711,7,14,4,9,4,0,2,0.25,8.4,10,1,10,3
Alex Remiro,Real Sociedad,La Liga,GK,29,36,3240,0,0,0.0,0.0,0.0,25000000.0,955,1291,74.0,26773,18734,1,1,0,0,0,0,0,0.0,36.0,0,0,0,0
Giuliano Simeone,Atletico Madrid,La Liga,MF,21,33,1926,2,6,2.2,5.2,2.2,25000000.0,600,795,75.5,7159,2076,24,27,14,22,4,0,8,0.35,21.4,13,10,22,7
Daniel Munoz,Crystal Palace,Premier League,DF,28,37,3228,4,5,4.9,5.5,4.9,25000000.0,1129,1492,75.7,17091,5219,46,123,44,40,10,0,9,0.29,35.9,80,15,37,14
Taylor Harwood-Bellis,Southampton,Premier League,DF,22,34,2825,1,0,1.8,1.0,1.8,25000000.0,1892,2164,87.4,35252,12592,14,28,30,65,9,0,1,0.09,31.4,20,1,20,8
Alex Iwobi,Fulham,Premier League,FW,28,38,2981,9,6,4.7,7.0,4.7,25000000.0,1150,1532,75.1,19530,5723,59,44,14,26,1,0,15,0.36,33.1,25,19,68,29
Assane Diao,Como,Serie A,FW,18,15,1252,8,1,4.0,0.4,4.0,25000000.0,241,304,79.3,3311,698,8,25,3,8,2,0,9,0.31,13.9,14,0,28,13
Odilon Kossounou,Atalanta,Serie A,DF,23,18,1125,0,0,0.5,0.0,0.5,25000000.0,599,679,88.2,10625,3587,1,16,13,16,1,0,0,0.04,12.5,11,0,6,4
Stanislav Lobotka,Napoli,Serie A,MF,29,32,2636,0,1,0.3,1.2,0.3,25000000.0,1600,1762,90.8,28161,6745,17,47,21,29,3,0,1,0.05,29.3,30,1,7,0
Mike Maignan,Milan,Serie A,GK,29,37,3294,0,0,0.0,0.8,0.0,25000000.0,1338,1553,86.2,33388,21322,5,0,0,1,1,0,0,0.02,36.6,0,0,0,0
Thibaut Courtois,Real Madrid,La Liga,GK,32,30,2700,0,0,0.0,0.1,0.0,25000000.0,848,1020,83.1,20000,12835,1,0,1,0,1,0,0,0.0,30.0,0,0,0,0
Rodrigo De Paul,Atletico Madrid,La Liga,MF,30,34,2106,3,5,1.3,5.6,1.3,25000000.0,1449,1773,81.7,24390,7515,42,33,6,25,7,0,8,0.29,23.4,26,13,19,4
Emiliano Martinez,Aston Villa,Premier League,GK,31,37,3194,0,0,0.0,0.5,0.0,25000000.0,1091,1387,78.7,28659,17513,2,3,0,1,5,1,0,0.02,35.5,3,0,0,0
Jack Hinshelwood,Brighton,Premier League,MF,19,26,1842,5,2,2.7,1.5,2.7,24000000.0,870,1046,83.2,13114,3047,17,27,16,10,5,0,7,0.21,20.5,19,2,18,10
Marcos Senesi,Bournemouth,Premier League,DF,27,17,1106,0,0,0.8,0.2,0.8,24000000.0,561,735,76.3,11536,5815,3,39,14,16,5,0,0,0.09,12.3,21,3,3,0
Antonio Rudiger,Real Madrid,La Liga,DF,31,29,2291,0,0,1.7,0.5,1.7,24000000.0,1706,1858,91.8,32076,10610,7,20,9,22,3,0,0,0.09,25.5,13,1,24,4
Callum Hudson-Odoi,Nott'ham Forest,Premier League,FW,23,31,2194,5,2,2.5,2.7,2.5,24000000.0,691,843,82.0,10242,2075,44,22,13,11,2,0,7,0.21,24.4,14,11,37,17
Gianluca Scamacca,Atalanta,Serie A,FW,25,1,6,0,0,0.1,0.0,0.1,24000000.0,1,1,100.0,8,0,0,0,0,0,0,0,0,1.29,0.1,0,0,1,1
Arthur Theate,Eint Frankfurt,Bundesliga,DF,24,31,2704,0,0,2.4,1.0,2.4,24000000.0,1539,1863,82.6,28003,10918,13,36,39,42,6,1,0,0.11,30.0,25,5,36,9
Weston McKennie,Juventus,Serie A,MF,25,32,2310,2,4,2.9,3.5,2.9,24000000.0,928,1117,83.1,14100,3768,32,33,14,28,3,0,6,0.25,25.7,12,2,22,8
Lewis Ferguson,Bologna,Serie A,MF,24,16,983,1,1,1.0,1.1,0.2,24000000.0,569,658,86.5,9928,2246,14,24,5,9,0,0,2,0.19,10.9,13,0,5,1
Keane Lewis-Potter,Brentford,Premier League,DF,23,38,3093,1,3,3.1,3.2,3.1,23000000.0,982,1273,77.1,16310,5025,26,49,21,28,7,0,4,0.18,34.4,27,18,28,14
Albert Gudmundsson,Fiorentina,Serie A,FW,27,24,1273,6,1,4.5,1.8,2.9,23000000.0,415,500,83.0,5921,1164,15,9,6,5,2,0,7,0.45,14.1,5,0,25,13
Julio Enciso,Ipswich Town,Premier League,MF,20,13,869,2,3,1.7,1.4,1.7,22000000.0,171,248,69.0,2779,819,13,0,0,2,3,0,5,0.32,9.7,0,1,32,11
Amine Adli,Leverkusen,Bundesliga,MF,24,20,766,2,0,2.7,0.7,2.7,22000000.0,267,360,74.2,3379,721,11,15,0,11,3,0,2,0.4,8.5,9,4,20,7
Ritsu Doan,Freiburg,Bundesliga,FW,26,34,2862,10,7,6.6,3.7,6.6,22000000.0,783,1090,71.8,12072,4302,27,66,14,57,2,0,17,0.32,31.8,42,15,61,21
Ermedin Demirovic,Stuttgart,Bundesliga,FW,26,34,1855,15,1,14.1,1.9,12.4,22000000.0,258,367,70.3,2971,645,18,12,3,14,2,0,16,0.78,20.6,7,0,64,27
Kiernan Dewsbury-Hall,Chelsea,Premier League,MF,25,13,264,0,1,0.2,1.1,0.2,22000000.0,127,152,83.6,1898,319,3,8,2,2,0,0,1,0.44,2.9,5,0,1,0
Facundo Buonanotte,Leicester City,Premier League,FW,19,31,1523,5,2,3.9,3.1,3.9,22000000.0,437,572,76.4,6930,1757,24,53,12,34,8,0,7,0.41,16.9,32,2,36,12
Leon Goretzka,Bayern Munich,Bundesliga,MF,29,26,1325,4,1,2.8,1.7,2.8,22000000.0,1101,1225,89.9,17307,4696,12,21,20,27,2,0,5,0.3,14.7,11,0,32,11
Maxence Lacroix,Crystal Palace,Premier League,DF,24,35,3116,1,1,3.4,1.0,3.4,22000000.0,1207,1477,81.7,24841,9717,8,68,54,48,5,0,2,0.13,34.6,41,2,30,5
Jakub Kiwior,Arsenal,Premier League,DF,24,17,1122,1,0,0.2,0.3,0.2,22000000.0,673,736,91.4,11598,3392,5,22,6,13,1,0,1,0.04,12.5,8,0,3,1
Caoimhin Kelleher,Liverpool,Premier League,GK,25,10,900,0,0,0.0,0.0,0.0,22000000.0,289,382,75.7,6252,3968,0,0,0,0,0,0,0,0.0,10.0,0,0,0,0
Vitaly Janelt,Brentford,Premier League,MF,26,32,2254,1,3,0.8,2.2,0.8,22000000.0,872,1057,82.5,14466,4279,14,38,27,33,3,0,4,0.12,25.0,22,7,14,4
Igor,Brighton,Premier League,DF,26,13,961,0,0,0.0,0.2,0.0,22000000.0,671,730,91.9,12145,3851,2,5,4,24,4,0,0,0.02,10.7,5,1,1,0
Omari Hutchinson,Ipswich Town,Premier League,MF,20,31,2583,3,2,2.9,3.5,2.9,22000000.0,690,885,78.0,10875,2022,31,32,11,27,5,0,5,0.22,28.7,13,15,45,18
Carlos Augusto,Inter,Serie A,DF,25,28,1625,3,2,2.8,1.6,2.8,22000000.0,1083,1227,88.3,17582,4524,9,29,9,21,1,0,5,0.23,18.1,14,3,24,6
Oleksandr Zinchenko,Arsenal,Premier League,DF,27,15,527,0,1,0.6,0.2,0.6,22000000.0,382,451,84.7,6080,1345,3,6,5,8,1,0,1,0.14,5.9,1,3,10,0
Aaron Wan-Bissaka,West Ham,Premier League,DF,26,36,3154,2,5,1.2,3.5,1.2,22000000.0,1472,1815,81.1,20696,7523,33,70,66,37,1,0,7,0.14,35.0,49,11,16,5
Crysencio Summerville,West Ham,Premier League,FW,22,19,786,1,1,1.6,1.7,1.6,22000000.0,194,254,76.4,2881,640,17,13,0,13,2,0,2,0.38,8.7,7,5,14,4
Tomas Soucek,West Ham,Premier League,MF,29,35,2567,9,1,6.7,1.0,6.7,22000000.0,715,969,73.8,11811,3221,14,46,20,41,8,0,10,0.27,28.5,21,1,55,17
Ismaila Sarr,Crystal Palace,Premier League,MF,26,38,2711,8,6,10.7,8.5,10.7,22000000.0,490,742,66.0,7257,2202,44,22,9,27,4,0,14,0.64,30.1,10,9,59,29
Jarell Quansah,Liverpool,Premier League,DF,21,13,495,0,0,0.1,0.1,0.1,22000000.0,356,392,90.8,6327,2038,2,12,7,10,2,0,0,0.04,5.5,8,0,1,0
Matt O'Riley,Brighton,Premier League,MF,23,21,938,2,2,2.8,2.4,2.0,22000000.0,316,413,76.5,5018,1362,21,16,13,7,1,0,4,0.5,10.4,9,1,21,6
Eddie Nketiah,Crystal Palace,Premier League,FW,25,29,1034,3,1,5.8,1.7,5.8,22000000.0,179,241,74.3,2722,563,13,15,3,10,6,1,4,0.65,11.5,8,0,43,16
Iliman Ndiaye,Everton,Premier League,FW,24,33,2430,9,0,6.2,1.9,4.7,22000000.0,602,736,81.8,9038,1875,18,53,20,30,3,0,9,0.3,27.0,28,5,35,15
Lewis Miley,Newcastle Utd,Premier League,MF,18,14,313,1,0,0.5,0.0,0.5,22000000.0,168,191,88.0,2439,402,1,14,2,5,0,0,1,0.16,3.5,11,0,3,2
Sean Longstaff,Newcastle Utd,Premier League,MF,26,25,798,0,0,0.6,0.2,0.6,22000000.0,295,349,84.5,4407,1175,4,27,7,17,2,0,0,0.09,8.9,16,0,6,1
Raoul Bellanova,Torino,Serie A,DF,24,1,87,0,0,0.0,0.1,0.0,22000000.0,31,43,72.1,541,130,1,24,18,12,0,0,0,0.11,26.7,14,0,1,0
Aitor Paredes,Athletic Club,La Liga,DF,24,23,1812,3,0,2.3,0.1,2.3,22000000.0,789,947,83.3,16864,6216,2,15,22,26,4,1,3,0.12,20.1,13,0,6,3
Matias Soule,Roma,Serie A,MF,21,27,1781,5,5,3.0,5.2,3.0,22000000.0,785,955,82.2,11957,2869,51,26,9,25,3,0,10,0.42,19.8,16,12,42,13
Arthur Vermeeren,RB Leipzig,Bundesliga,MF,19,28,1572,0,2,0.4,0.9,0.4,22000000.0,821,953,86.1,12663,3480,12,32,23,34,7,0,2,0.07,17.5,19,0,4,1
Deniz Undav,Stuttgart,Bundesliga,FW,28,27,1726,9,3,11.7,3.6,11.7,22000000.0,431,589,73.2,6294,1741,26,11,3,15,4,0,12,0.79,19.2,10,2,75,31
Pedro,Lazio,Serie A,FW,37,30,1102,10,1,5.3,1.7,3.8,22000000.0,482,604,79.8,7852,1822,22,19,3,11,2,0,11,0.57,12.2,14,5,37,16
Yunus Musah,Milan,Serie A,MF,21,29,1571,0,2,1.9,1.8,1.9,22000000.0,631,724,87.2,10809,2425,23,27,7,9,5,0,2,0.22,17.5,19,7,22,5
Romelu Lukaku,Napoli,Serie A,FW,31,36,2843,14,10,13.0,3.9,9.8,22000000.0,353,497,71.0,4407,659,35,4,1,7,4,0,24,0.54,31.6,2,1,60,20
Lorenzo Lucca,Udinese,Serie A,FW,23,33,2353,12,1,7.6,1.6,6.8,22000000.0,240,375,64.0,3772,404,14,10,7,18,10,0,13,0.35,26.1,6,0,64,25
Dodo,Fiorentina,Serie A,DF,25,34,3025,0,4,1.4,4.2,1.4,22000000.0,1341,1728,77.6,24063,7341,36,44,34,22,8,0,4,0.16,33.6,29,22,25,5
Antoine Griezmann,Atletico Madrid,La Liga,FW,33,38,2469,8,7,7.4,7.1,5.9,22000000.0,1094,1463,74.8,17074,4671,48,30,6,20,2,0,15,0.53,27.4,17,11,48,17
Yan Couto,Dortmund,Bundesliga,DF,22,21,895,0,0,0.3,0.9,0.3,20000000.0,586,723,81.1,9367,2659,12,24,10,12,5,0,0,0.12,9.9,16,10,6,2
Vanderson,Monaco,Ligue 1,DF,23,29,2064,1,3,2.2,3.1,2.2,20000000.0,1090,1403,77.7,18537,6599,23,76,39,43,6,1,4,0.23,22.9,48,12,21,8
Tosin Adarabioyo,Chelsea,Premier League,DF,26,22,1409,1,1,0.9,0.2,0.9,20000000.0,1079,1184,91.1,19805,7144,1,17,11,9,4,0,2,0.07,15.7,13,0,13,2
Enzo Boyomo,Osasuna,La Liga,DF,22,34,2987,2,0,1.5,0.9,1.5,20000000.0,1220,1402,87.0,23483,9044,4,6,1,4,5,0,2,0.07,33.2,2,0,12,3
Riccardo Orsolini,Bologna,Serie A,FW,27,30,1878,15,4,10.1,3.7,7.8,20000000.0,425,646,65.8,7551,2206,30,16,8,26,2,0,19,0.66,20.9,13,11,72,25
Orel Mangala,Everton,Premier League,MF,26,19,1261,1,0,1.1,0.6,1.1,20000000.0,437,490,89.2,6998,1567,8,16,21,8,2,0,1,0.13,14.0,8,1,16,6
Rodrigo Muniz,Fulham,Premier League,FW,23,31,964,8,1,5.8,0.7,5.8,20000000.0,92,142,64.8,1540,528,7,10,5,9,1,0,9,0.61,10.7,5,0,39,19
Filip Jorgensen,Chelsea,Premier League,GK,22,6,540,0,0,0.0,0.0,0.0,20000000.0,158,189,83.6,2843,1649,0,0,0,0,0,0,0,0.0,6.0,0,0,0,0
Jesper Lindstrom,Everton,Premier League,FW,24,25,1239,0,1,2.1,2.0,2.1,20000000.0,297,428,69.4,4593,1335,19,45,12,15,2,0,1,0.3,13.8,25,7,28,10
Arnaud Kalimuendo,Rennes,Ligue 1,FW,22,33,2578,17,3,14.9,2.0,8.9,20000000.0,477,605,78.8,7080,1245,19,19,4,9,2,0,20,0.59,28.6,12,1,68,29
Amine Gouiri,Rennes,Ligue 1,MF,24,19,1037,3,2,3.5,0.4,3.5,20000000.0,277,354,78.2,3878,899,8,9,2,8,2,0,5,0.34,11.5,6,0,31,16
Julian Ryerson,Dortmund,Bundesliga,DF,26,29,2259,2,3,0.7,4.5,0.7,20000000.0,1234,1447,85.3,20090,5214,36,46,22,29,6,1,5,0.21,25.1,30,22,18,5
Fikayo Tomori,Milan,Serie A,DF,26,22,1593,0,1,0.1,0.7,0.1,20000000.0,1019,1103,92.4,18036,6914,8,40,20,17,4,1,1,0.05,17.7,25,3,2,0
Malick Thiaw,Milan,Serie A,DF,22,22,1806,0,0,0.6,0.1,0.6,20000000.0,1181,1269,93.1,23117,7754,4,24,15,14,2,0,0,0.04,20.1,17,0,7,0
Sepp van den Berg,Brentford,Premier League,DF,22,31,2586,0,0,2.0,0.8,2.0,20000000.0,1092,1278,85.4,19151,6135,6,39,21,52,3,0,0,0.1,28.7,24,1,20,6
Emanuel Emegha,Strasbourg,Ligue 1,FW,21,27,2293,14,3,17.0,2.4,17.0,20000000.0,273,340,80.3,3373,347,18,6,1,18,5,0,17,0.76,25.5,6,0,61,35
Angel Gomes,Lille,Ligue 1,MF,23,14,736,1,1,1.7,2.1,0.9,20000000.0,295,364,81.0,4789,1376,14,10,0,0,1,0,2,0.47,8.2,6,3,8,2
Lazar Samardzic,Atalanta,Serie A,MF,22,31,1169,2,1,2.0,2.9,2.0,20000000.0,539,692,77.9,9402,2297,35,21,2,9,3,0,3,0.37,13.0,15,3,33,12
Giacomo Raspadori,Napoli,Serie A,FW,24,26,1103,6,1,4.0,2.4,4.0,20000000.0,280,410,68.3,5058,1374,28,18,3,10,1,0,7,0.52,12.3,9,3,42,14
Matteo Ruggeri,Atalanta,Serie A,DF,22,30,1751,0,3,0.2,2.0,0.2,20000000.0,1107,1315,84.2,17350,4754,24,39,22,30,2,0,3,0.11,19.5,24,21,3,2
Johnny Cardoso,Betis,La Liga,MF,22,28,2144,3,1,2.0,0.9,2.0,20000000.0,950,1109,85.7,14556,3689,9,55,48,27,4,0,4,0.12,23.8,31,0,19,7
Marcin Bulka,Nice,Ligue 1,GK,24,34,3060,0,0,0.0,0.2,0.0,20000000.0,898,1110,80.9,21944,15371,1,0,0,0,0,0,0,0.01,34.0,0,0,0,0
Lamine Camara,Monaco,Ligue 1,MF,20,29,2054,2,7,2.3,4.4,2.3,20000000.0,1224,1479,82.8,22283,6556,44,66,31,30,10,1,9,0.29,22.8,41,4,26,9
Habib Diarra,Strasbourg,Ligue 1,MF,20,30,2352,4,5,3.3,4.5,1.8,20000000.0,812,978,83.0,13413,2876,27,22,13,22,6,0,9,0.3,26.1,13,12,25,10
Andreas Pereira,Fulham,Premier League,MF,28,33,2013,2,4,3.8,4.6,3.0,20000000.0,670,970,69.1,12139,3902,57,24,8,17,7,0,6,0.38,22.4,13,4,38,8
Jordan Pickford,Everton,Premier League,GK,30,38,3420,0,1,0.0,0.4,0.0,20000000.0,1057,1595,66.3,33692,25121,2,1,1,0,7,0,1,0.01,38.0,0,0,0,0
Joan Garcia,Espanyol,La Liga,GK,23,38,3420,0,0,0.1,0.0,0.1,20000000.0,901,1259,71.6,25475,19491,0,0,0,1,2,0,0,0.0,38.0,0,0,1,1
Sergio Gomez,Real Sociedad,La Liga,MF,23,37,2738,2,5,1.9,8.9,1.9,20000000.0,1076,1439,74.8,17323,4647,56,71,19,44,4,0,7,0.35,30.4,39,11,18,10
Yangel Herrera,Girona,La Liga,MF,26,29,2257,4,3,3.6,1.5,3.6,20000000.0,868,1068,81.3,14298,3657,17,66,31,24,10,1,7,0.2,25.1,39,3,39,14
Mikel Jauregizar,Athletic Club,La Liga,MF,20,34,2244,2,1,1.1,1.4,1.1,20000000.0,904,1121,80.6,16776,4632,23,84,29,24,4,1,3,0.1,24.9,48,1,21,8
Giovani Lo Celso,Betis,La Liga,MF,28,25,1457,8,3,4.8,4.9,2.4,20000000.0,766,970,79.0,12440,4308,43,34,5,14,4,0,11,0.59,16.2,22,1,31,16
Ange-Yoan Bonny,Parma,Serie A,FW,20,37,2529,6,4,9.4,2.9,7.1,20000000.0,431,573,75.2,6282,1251,30,34,3,17,2,0,10,0.44,28.1,16,2,61,19
Mattia Zaccagni,Lazio,Serie A,FW,29,34,2686,8,6,6.4,4.6,4.9,20000000.0,872,1151,75.8,14136,3758,55,38,29,19,10,0,14,0.37,29.8,27,6,46,14
Maximilian Mittelstadt,Stuttgart,Bundesliga,DF,27,31,2469,1,7,0.9,4.7,0.9,20000000.0,1698,2035,83.4,27337,8592,47,79,47,47,5,0,8,0.2,27.4,54,31,21,4
Andriy Lunin,Real Madrid,La Liga,GK,25,7,630,0,1,0.0,0.9,0.0,20000000.0,174,202,86.1,4252,2741,1,1,0,0,0,0,1,0.13,7.0,0,0,0,0
Jose Maria Gimenez,Atletico Madrid,La Liga,DF,29,27,1999,0,1,0.4,0.2,0.4,20000000.0,1250,1362,91.8,25411,9603,2,26,27,29,5,0,1,0.03,22.2,16,0,5,1
Oscar Mingueza,Celta Vigo,La Liga,MF,25,34,2729,4,6,1.5,5.6,1.5,20000000.0,1692,2197,77.0,29803,11814,35,38,22,35,6,1,10,0.23,30.3,24,11,33,10
Sofyan Amrabat,Fiorentina,Serie A,MF,27,2,180,0,0,0.0,0.1,0.0,20000000.0,112,133,84.2,2140,528,2,3,0,1,0,0,0,0.03,2.0,2,0,0,0
Neco Williams,Nott'ham Forest,Premier League,DF,23,35,2594,1,3,2.3,1.6,2.3,20000000.0,843,1116,75.5,12607,5011,18,90,31,42,7,0,4,0.13,28.8,57,10,37,7
Fabio Silva,Las Palmas,La Liga,FW,22,24,1866,10,3,8.8,2.0,6.4,20000000.0,309,466,66.3,4149,710,16,12,4,12,7,0,13,0.52,20.7,7,3,46,20
Lesley Ugochukwu,Southampton,Premier League,MF,20,26,1655,1,1,0.9,1.0,0.9,20000000.0,600,706,85.0,9335,2081,14,50,14,27,7,0,2,0.1,18.4,24,1,10,1
Marcus Tavernier,Bournemouth,Premier League,FW,25,29,1939,3,5,5.5,4.0,5.5,20000000.0,689,934,73.8,11654,3481,43,43,5,16,6,0,8,0.44,21.5,24,14,57,17
Carlos Soler,West Ham,Premier League,MF,27,31,1409,1,1,1.8,1.4,1.8,20000000.0,570,669,85.2,8890,2414,18,16,8,19,6,0,2,0.21,15.7,11,0,25,8
Andrew Robertson,Liverpool,Premier League,DF,30,33,2482,0,1,1.2,4.6,1.2,20000000.0,1559,1885,82.7,26310,8406,40,39,21,10,3,1,1,0.21,27.6,22,17,15,2
Robert Sanchez,Chelsea,Premier League,GK,26,32,2880,0,0,0.0,0.1,0.0,20000000.0,871,1249,69.7,21022,13967,2,0,2,0,5,0,0,0.0,32.0,0,0,0,0
Alex Scott,Bournemouth,Premier League,MF,20,20,755,0,0,0.7,0.9,0.7,20000000.0,286,342,83.6,4583,1359,12,27,10,17,3,0,0,0.19,8.4,14,1,15,6
Inaki Williams,Athletic Club,La Liga,FW,30,35,2652,6,8,7.6,7.8,7.6,20000000.0,525,830,63.3,7922,2296,43,17,12,34,1,0,14,0.52,29.5,10,15,63,24
Marco Asensio,Paris S-G,Ligue 1,FW,28,12,618,2,4,5.6,2.7,5.6,20000000.0,291,335,86.9,4166,808,16,4,0,1,0,0,6,1.21,6.9,3,1,26,14
Leonardo Balerdi,Marseille,Ligue 1,DF,25,27,2273,0,0,0.9,0.7,0.9,20000000.0,2360,2516,93.8,39477,14824,8,54,38,25,9,1,0,0.07,25.3,39,0,15,1
Folarin Balogun,Monaco,Ligue 1,FW,23,13,615,4,0,4.8,0.9,4.8,20000000.0,85,125,68.0,959,126,6,1,1,0,0,0,4,0.82,6.8,1,0,31,10
Said Benrahma,Lyon,Ligue 1,FW,28,13,735,1,3,2.0,2.1,2.0,20000000.0,258,358,72.1,3787,1234,14,9,3,6,0,0,4,0.49,8.2,5,3,17,4
Dominic Calvert-Lewin,Everton,Premier League,FW,27,26,1609,3,1,6.7,0.6,6.7,20000000.0,181,289,62.6,2113,498,7,9,7,7,2,0,4,0.41,17.9,7,1,50,19
Beto,Everton,Premier League,FW,26,30,1534,8,0,8.2,1.2,8.2,20000000.0,156,268,58.2,2060,282,12,14,4,12,2,0,8,0.55,17.0,6,1,49,23
Antony,Manchester Utd,Premier League,DF,24,8,141,0,0,1.0,0.1,1.0,20000000.0,56,69,81.2,688,111,3,6,2,2,0,0,0,0.73,1.6,3,2,6,3
Gustav Isaksen,Lazio,Serie A,FW,23,37,2210,4,2,5.2,2.1,5.2,20000000.0,610,796,76.6,10259,1771,35,16,10,22,5,0,6,0.3,24.6,9,10,54,24
Morten Frendrup,Genoa,Serie A,MF,23,35,3103,2,0,1.6,0.9,1.6,20000000.0,1067,1250,85.4,16062,3294,14,102,47,62,5,0,2,0.07,34.5,61,0,30,9
James Garner,Everton,Premier League,MF,23,21,1594,0,1,0.7,1.4,0.7,20000000.0,611,803,76.1,10658,3158,13,47,23,20,5,0,1,0.12,17.7,31,4,12,4
Jacob Greaves,Ipswich Town,Premier League,DF,23,25,2205,1,0,1.3,0.3,1.3,20000000.0,962,1121,85.8,15937,6129,5,40,21,41,5,0,1,0.06,24.5,21,0,10,4
Wout Faes,Leicester City,Premier League,DF,26,34,2815,1,0,1.5,0.1,1.5,20000000.0,1376,1564,88.0,25369,9014,4,42,26,48,4,0,1,0.05,31.3,26,0,12,1
Georges Mikautadze,Lyon,Ligue 1,FW,23,34,1449,11,6,10.3,4.3,7.0,20000000.0,326,426,76.5,4382,925,21,7,4,11,2,0,17,0.91,16.1,6,0,52,22
Aleix Garcia,Leverkusen,Bundesliga,MF,27,28,1455,3,4,1.0,4.9,1.0,20000000.0,1212,1390,87.2,21055,6014,32,13,11,12,3,0,7,0.36,16.2,7,4,15,5
Amadou Haidara,RB Leipzig,Bundesliga,MF,26,28,1320,0,1,1.4,0.9,1.4,20000000.0,723,902,80.2,11273,3363,5,30,18,42,7,0,1,0.15,14.7,17,2,18,1
Konstantinos Koulierakis,Wolfsburg,Bundesliga,DF,20,30,2468,0,2,1.0,1.0,1.0,20000000.0,1292,1557,83.0,26360,9632,10,40,33,34,4,0,2,0.07,27.4,20,4,22,3
Jamie Leweling,Stuttgart,Bundesliga,MF,23,27,1663,2,2,1.6,3.8,1.6,20000000.0,409,580,70.5,5858,1400,25,16,11,22,4,0,4,0.29,18.5,6,9,29,16
Lovro Majer,Wolfsburg,Bundesliga,MF,26,9,304,2,1,1.4,1.1,0.6,20000000.0,98,141,69.5,1511,571,8,2,1,5,1,0,3,0.72,3.4,1,0,6,4
Miguel Almiron,Newcastle Utd,Premier League,FW,30,9,157,0,0,0.5,0.3,0.5,20000000.0,54,66,81.8,707,219,3,3,0,2,0,0,0,0.45,1.7,2,0,6,2
Guillaume Restes,Toulouse,Ligue 1,GK,19,29,2543,0,1,0.0,0.1,0.0,20000000.0,587,811,72.4,14175,9705,1,2,1,0,2,0,1,0.0,28.3,1,0,0,0
Ola Aina,Nott'ham Forest,Premier League,DF,27,35,2995,2,1,0.6,1.4,0.6,20000000.0,994,1352,73.5,15371,6297,16,55,33,34,5,0,3,0.06,33.3,42,11,11,2
Nadiem Amiri,Mainz 05,Bundesliga,MF,27,30,2473,7,5,5.5,6.6,3.9,18000000.0,1371,1781,77.0,25127,9676,63,50,16,19,9,2,12,0.44,27.5,23,9,60,24
Kristoffer Ajer,Brentford,Premier League,DF,26,24,1438,0,0,1.0,1.2,1.0,18000000.0,504,644,78.3,7868,2831,8,26,12,17,5,0,0,0.14,16.0,18,4,9,3
Robin Koch,Eint Frankfurt,Bundesliga,DF,28,30,2586,3,0,1.7,0.2,1.7,18000000.0,1631,1799,90.7,30310,10229,7,24,25,39,3,0,3,0.07,28.7,11,0,15,6
Luis Guilherme,West Ham,Premier League,MF,18,12,150,0,0,0.4,0.1,0.4,18000000.0,58,67,86.6,894,212,3,1,3,7,0,0,0,0.3,1.7,0,2,4,1
Sacha Boey,Bayern Munich,Bundesliga,DF,23,13,593,0,2,0.1,1.2,0.1,18000000.0,462,500,92.4,6335,1608,3,20,2,6,1,0,2,0.2,6.6,5,2,3,1
Reiss Nelson,Arsenal,Premier League,FW,24,1,3,0,0,0.0,0.0,0.0,18000000.0,0,0,0.0,0,0,0,1,0,0,0,0,0,0.0,5.4,0,0,0,0
Nicolo Fagioli,Fiorentina,Serie A,MF,23,15,962,1,2,0.5,3.0,0.5,18000000.0,519,617,84.1,8944,2503,23,19,5,11,0,0,3,0.32,6.3,10,2,10,4
Koni De Winter,Genoa,Serie A,DF,22,25,2135,3,0,2.1,0.2,2.1,18000000.0,1116,1289,86.6,20309,6901,3,33,25,11,6,0,3,0.1,23.7,19,2,13,7
Michele Di Gregorio,Juventus,Serie A,GK,27,33,2970,0,0,0.0,0.5,0.0,18000000.0,761,994,76.6,20100,14111,1,0,1,0,0,0,0,0.01,33.0,0,0,0,0
Kelechi Iheanacho,Sevilla,La Liga,FW,27,9,400,0,0,1.5,0.3,1.5,18000000.0,60,80,75.0,831,125,5,1,0,0,0,0,0,0.41,4.4,0,0,9,2
Lucas Beltran,Fiorentina,Serie A,FW,23,32,1864,5,4,5.4,3.0,3.1,18000000.0,459,591,77.7,6934,1421,29,23,5,15,6,0,9,0.39,20.7,10,3,26,6
Jaka Bijol,Udinese,Serie A,DF,25,34,2963,1,0,2.0,0.6,2.0,18000000.0,1432,1712,83.6,30455,10665,12,43,38,38,13,1,1,0.08,32.9,25,2,19,6
Ferland Mendy,Real Madrid,La Liga,DF,29,14,1005,0,1,0.0,0.5,0.0,18000000.0,630,671,93.9,9091,2431,3,17,9,11,1,1,1,0.05,11.2,14,0,0,0
Benat Prados,Athletic Club,La Liga,MF,23,30,1715,1,0,1.0,1.1,1.0,18000000.0,647,789,82.0,10848,2659,11,55,28,21,7,0,1,0.11,19.1,36,1,16,5
Benjamin Bourigeaud,Rennes,Ligue 1,MF,30,1,80,1,0,0.2,0.0,0.2,18000000.0,36,48,75.0,646,141,0,1,2,2,0,0,1,0.17,0.9,0,0,2,1
Ludovic Blas,Rennes,Ligue 1,MF,26,29,2293,6,8,5.0,4.6,5.0,18000000.0,693,938,73.9,12028,3413,47,38,13,16,6,0,14,0.38,25.5,25,9,57,26
Wilson Odobert,Tottenham,Premier League,FW,19,16,850,1,0,1.6,1.0,1.6,18000000.0,212,274,77.4,2878,567,6,14,4,6,0,0,1,0.27,9.4,5,3,13,4
Nathan Tella,Leverkusen,Bundesliga,MF,25,27,1359,2,4,3.1,1.5,3.1,18000000.0,256,343,74.6,3452,603,18,16,4,15,1,0,6,0.31,15.1,11,2,28,10
Can Uzun,Eint Frankfurt,Bundesliga,MF,18,20,675,4,1,3.0,1.1,3.0,18000000.0,239,299,79.9,3821,1135,14,10,1,9,1,0,5,0.55,7.5,4,4,27,11
Renato Veiga,Juventus,Serie A,DF,21,13,1093,0,1,1.0,0.1,1.0,18000000.0,500,568,88.0,10016,3525,2,17,19,17,2,0,1,0.09,12.1,12,0,12,5
Xaver Schlager,RB Leipzig,Bundesliga,MF,26,4,181,0,0,0.1,0.7,0.1,18000000.0,85,98,86.7,1392,408,1,4,0,7,1,0,0,0.38,2.0,2,0,1,0
Federico Chiesa,Liverpool,Premier League,FW,26,6,108,0,0,0.3,0.2,0.3,18000000.0,27,31,87.1,373,131,2,1,0,1,0,0,0,0.43,1.2,0,0,5,2
Ben Chilwell,Crystal Palace,Premier League,DF,27,8,259,1,0,0.2,0.8,0.2,18000000.0,92,125,73.6,1512,497,5,7,6,6,1,0,1,0.34,2.9,6,0,5,3
Luis Henrique,Marseille,Ligue 1,DF,22,33,2613,7,7,4.2,4.2,4.2,18000000.0,1156,1427,81.0,17828,5190,53,16,10,15,0,0,14,0.29,29.0,9,20,30,14
Hamed Junior Traore,Auxerre,Ligue 1,MF,24,26,2093,10,2,7.9,2.7,7.9,18000000.0,474,640,74.1,7145,2293,27,41,8,14,5,0,12,0.46,23.3,20,5,68,27
Paul Wanner,Heidenheim,Bundesliga,MF,18,29,1771,3,2,3.7,1.3,2.9,18000000.0,518,709,73.1,7975,2039,20,40,4,15,2,0,5,0.25,19.7,27,3,24,5
Strahinja Pavlovic,Milan,Serie A,DF,23,24,1864,2,1,1.8,1.1,1.8,18000000.0,1208,1369,88.2,21120,7800,6,52,16,17,3,1,3,0.14,20.7,31,1,17,8
Adam Hlozek,Hoffenheim,Bundesliga,FW,22,27,1871,8,4,5.6,3.5,5.6,18000000.0,348,508,68.5,5351,1301,20,22,4,13,2,0,12,0.44,20.8,10,4,59,24
Waldemar Anton,Dortmund,Bundesliga,DF,28,26,1949,2,2,1.7,0.8,1.7,18000000.0,1664,1841,90.4,30553,9607,6,34,30,33,4,0,4,0.11,21.7,21,3,19,3
Tyler Adams,Bournemouth,Premier League,MF,25,28,1965,0,3,1.6,1.0,1.6,18000000.0,902,1069,84.4,14322,3525,18,83,32,33,7,0,3,0.12,21.8,50,1,9,2
Gianluca Mancini,Roma,Serie A,DF,28,37,3143,2,0,1.7,0.9,1.7,18000000.0,1689,1965,86.0,31192,10669,14,42,35,22,8,0,2,0.07,34.9,26,4,22,5
Enzo Le Fee,Roma,Serie A,MF,24,6,318,0,0,0.2,0.1,0.2,18000000.0,226,263,85.9,3851,949,3,7,5,9,1,0,0,0.1,3.5,4,0,4,2
Mathias Olivera,Napoli,Serie A,DF,26,32,2370,0,2,1.1,1.7,1.1,18000000.0,1350,1580,85.4,21815,7058,25,63,28,36,4,0,2,0.11,26.3,35,4,16,2
Wilfred Ndidi,Leicester City,Premier League,MF,27,28,2324,0,5,2.0,1.9,2.0,18000000.0,839,1045,80.3,12034,3031,17,85,31,47,8,0,5,0.15,25.8,51,3,22,8
John McGinn,Aston Villa,Premier League,MF,29,34,2223,1,4,3.1,3.5,2.8,18000000.0,699,854,81.9,11807,3243,31,33,14,22,7,0,5,0.27,24.7,24,8,31,5
Michael Kayode,Brentford,Premier League,DF,20,12,528,0,1,0.2,1.2,0.2,18000000.0,184,241,76.3,3294,961,8,17,7,3,2,0,1,0.25,5.9,11,2,2,0
Lloyd Kelly,Newcastle Utd,Premier League,DF,25,10,303,0,1,0.4,0.5,0.4,18000000.0,146,181,80.7,2636,867,2,5,1,6,2,0,1,0.26,3.4,4,1,3,0
Rodrigo Riquelme,Atletico Madrid,La Liga,MF,24,16,516,0,1,0.9,0.8,0.9,18000000.0,210,269,78.1,2838,854,15,11,2,3,0,0,1,0.3,5.7,5,3,14,4
Luka Sucic,Real Sociedad,La Liga,MF,21,29,1792,1,1,3.3,2.6,3.3,18000000.0,727,882,82.4,11561,2321,25,25,15,30,4,0,2,0.3,19.9,18,2,43,11
Kyle Walker-Peters,Southampton,Premier League,DF,27,33,2918,0,2,0.8,2.8,0.8,18000000.0,1493,1693,88.2,22418,6584,24,44,19,27,5,0,2,0.11,32.4,29,4,20,6
Igor Zubeldia,Real Sociedad,La Liga,DF,27,28,2269,0,0,0.6,0.4,0.6,18000000.0,1281,1483,86.4,24957,7655,4,34,31,32,6,1,0,0.04,25.2,22,0,12,4
Dilane Bakwa,Strasbourg,Ligue 1,MF,21,30,2497,6,8,4.7,6.6,4.7,18000000.0,808,1109,72.9,13642,4130,47,26,15,21,4,0,14,0.41,27.7,14,10,52,22
Jhon Lucumi,Bologna,Serie A,DF,26,32,2614,0,1,0.6,0.4,0.6,18000000.0,1859,2040,91.1,35721,10917,8,53,26,32,8,1,1,0.03,29.0,30,0,13,2
Jean-Ricner Bellegarde,Wolves,Premier League,MF,26,35,1677,2,7,1.5,3.8,1.5,18000000.0,475,599,79.3,7404,1436,27,39,10,19,3,0,9,0.29,18.6,24,8,22,5
Claudio Echeverri,Manchester City,Premier League,FW,18,1,6,0,0,0.0,0.0,0.0,18000000.0,3,3,100.0,26,18,0,1,0,0,0,0,0,0.0,0.1,0,0,0,0
Taiwo Awoniyi,Nott'ham Forest,Premier League,FW,26,26,416,1,0,2.1,0.1,2.1,18000000.0,61,96,63.5,705,157,2,6,0,1,0,0,1,0.48,4.6,3,0,10,4
Ivan Ilic,Torino,Serie A,MF,23,19,920,1,0,0.9,1.1,0.9,18000000.0,451,541,83.4,7640,1954,9,5,5,0,4,0,1,0.2,10.2,2,3,11,4
Yaser Asprilla,Girona,La Liga,FW,20,27,1405,3,1,2.1,2.8,2.1,18000000.0,471,653,72.1,8613,2194,24,22,7,14,2,0,4,0.31,15.6,12,9,38,11
Ander Barrenetxea,Real Sociedad,La Liga,MF,22,30,1263,1,3,1.6,1.9,1.6,18000000.0,375,529,70.9,6235,1409,16,26,11,15,6,0,4,0.26,14.0,19,4,25,8
Chris Fuhrich,Stuttgart,Bundesliga,MF,26,33,1981,2,3,2.9,3.7,2.9,18000000.0,807,1003,80.5,11366,3268,32,15,6,23,1,0,5,0.3,22.0,10,13,36,12
Trevoh Chalobah,Chelsea,Premier League,DF,25,13,910,0,1,0.8,1.2,0.8,17000000.0,349,442,79.0,6831,2195,4,20,19,19,2,0,1,0.19,11.8,16,1,7,2
Alexis Saelemaekers,Roma,Serie A,DF,25,22,1389,7,3,2.5,2.6,2.5,17000000.0,630,773,81.5,9155,2444,24,33,9,12,4,0,10,0.33,1.0,20,7,25,12
Martin Terrier,Leverkusen,Bundesliga,MF,27,15,584,2,1,2.4,0.9,2.4,17000000.0,163,199,81.9,2144,377,8,4,1,3,1,0,3,0.52,6.5,2,1,16,6
Nick Woltemade,Stuttgart,Bundesliga,FW,22,28,1622,12,2,10.2,4.6,8.0,17000000.0,345,489,70.6,4286,1058,37,10,1,23,5,1,14,0.82,18.0,7,0,46,23
Granit Xhaka,Leverkusen,Bundesliga,MF,31,33,2888,2,7,0.9,4.4,0.9,17000000.0,2528,2818,89.7,42166,11905,50,48,12,30,3,0,9,0.17,32.1,26,6,21,3
Emmanuel Agbadou,Reims,Ligue 1,DF,27,14,1260,0,0,0.5,0.3,0.5,17000000.0,810,922,87.9,16521,6962,8,25,19,22,3,0,0,0.06,14.0,17,1,15,3
Luis Sinisterra,Bournemouth,Premier League,FW,25,12,236,1,1,1.2,1.4,1.2,17000000.0,73,93,78.5,1067,200,9,7,1,3,0,0,2,1.0,2.6,2,2,13,6
Diogo Leite,Union Berlin,Bundesliga,DF,25,30,2546,1,2,1.4,1.0,1.4,17000000.0,1099,1398,78.6,20381,8856,13,64,57,61,3,0,3,0.08,28.3,32,3,18,8
Harry Wilson,Fulham,Premier League,FW,27,25,1162,6,1,4.2,1.1,4.2,17000000.0,326,445,73.3,5413,1378,20,20,7,15,2,0,7,0.41,12.9,14,1,43,17
Tim Kleindienst,Gladbach,Bundesliga,FW,28,31,2737,16,7,13.6,6.2,11.9,17000000.0,466,765,60.9,6509,1615,29,30,12,45,5,1,23,0.65,30.4,15,1,73,36
Yasin Ayari,Brighton,Premier League,MF,20,34,1965,2,1,2.4,2.3,2.4,17000000.0,793,973,81.5,11915,3328,30,59,20,24,3,0,3,0.22,21.8,32,4,28,8
Benjamin Henrichs,RB Leipzig,Bundesliga,DF,27,15,935,0,2,0.5,1.4,0.4,17000000.0,360,476,75.6,5784,2051,11,32,15,22,3,0,2,0.18,10.4,16,3,11,1
Chrislain Matsima,Augsburg,Bundesliga,DF,22,30,2551,1,1,1.8,0.3,1.8,17000000.0,1139,1324,86.0,20152,6622,5,31,52,48,4,0,2,0.07,28.3,20,0,14,2
Paul Nebel,Mainz 05,Bundesliga,MF,21,31,2345,10,4,5.8,4.1,5.8,17000000.0,853,1167,73.1,13018,2789,35,38,13,54,5,1,14,0.38,26.1,24,19,44,18
Timothy Weah,Juventus,Serie A,DF,24,30,1638,5,2,3.4,1.6,3.4,17000000.0,659,787,83.7,10475,2680,19,36,14,25,4,0,7,0.28,18.2,19,6,21,9
El Bilal Toure,Stuttgart,Bundesliga,FW,22,12,356,2,1,1.6,1.1,1.6,17000000.0,75,96,78.1,960,201,7,4,0,1,0,0,3,0.7,4.0,1,0,14,4
Mile Svilar,Roma,Serie A,GK,24,38,3420,0,0,0.0,0.0,0.0,17000000.0,1151,1459,78.9,29765,16946,0,0,0,0,1,0,0,0.0,38.0,0,0,1,0
Kaishu Sano,Mainz 05,Bundesliga,MF,23,34,3043,0,0,0.9,1.2,0.9,17000000.0,1153,1439,80.1,18623,5611,19,61,65,66,3,0,0,0.06,33.8,36,1,20,2
Konstantinos Mavropanos,West Ham,Premier League,DF,26,33,2045,0,0,1.5,0.5,1.5,17000000.0,1092,1265,86.3,21548,7277,5,35,40,25,6,1,0,0.09,22.7,24,1,18,5
Rico Henry,Brentford,Premier League,DF,27,5,99,0,0,0.0,0.0,0.0,17000000.0,33,49,67.3,503,195,0,2,1,4,0,0,0,0.0,1.1,2,0,0,0
Nicolas Dominguez,Nott'ham Forest,Premier League,MF,26,34,1963,0,1,1.5,1.3,1.5,17000000.0,821,947,86.7,11995,3387,13,86,29,38,9,0,1,0.13,21.8,45,1,21,9
Nicolo Zaniolo,Atalanta,Serie A,FW,25,14,356,2,2,0.9,0.5,0.9,16000000.0,85,102,83.3,1138,252,7,0,1,0,4,0,4,0.37,3.8,0,0,11,4
Billy Gilmour,Brighton,Premier League,MF,23,2,98,0,0,0.1,0.0,0.1,16000000.0,58,67,86.6,980,346,0,3,0,1,0,0,0,0.07,1.1,3,0,1,0
Aaron Ramsdale,Southampton,Premier League,GK,26,30,2700,0,0,0.0,0.0,0.0,16000000.0,774,1223,63.3,21949,16992,0,0,2,0,2,0,0,0.0,0.0,0,0,0,0
Andrea Pinamonti,Genoa,Serie A,FW,25,36,2850,10,1,7.7,1.7,7.0,16000000.0,419,667,62.8,6023,1027,15,10,1,16,4,0,11,0.3,31.7,6,3,78,29
Benat Turrientes,Real Sociedad,La Liga,MF,22,21,942,0,0,0.6,0.2,0.6,16000000.0,405,452,89.6,6925,1458,3,15,5,15,4,0,0,0.07,10.5,6,1,7,1
Luke Shaw,Manchester Utd,Premier League,DF,29,7,349,0,0,0.0,0.7,0.0,16000000.0,249,290,85.9,4252,1388,5,4,2,6,1,0,0,0.19,3.9,3,1,1,0
Andreas Skov Olsen,Wolfsburg,Bundesliga,FW,24,12,535,1,1,0.8,1.9,0.8,16000000.0,217,270,80.4,3677,768,18,8,2,4,0,0,2,0.46,5.9,6,2,7,1
Issa Diop,Fulham,Premier League,DF,27,21,1339,0,0,0.5,0.1,0.5,16000000.0,663,758,87.5,12350,4179,3,26,9,10,2,0,0,0.04,14.9,12,0,5,2
Nicolas Seiwald,RB Leipzig,Bundesliga,MF,23,30,2084,0,0,0.2,1.7,0.2,16000000.0,1115,1348,82.7,18798,6983,20,53,31,43,2,0,0,0.08,23.2,31,3,5,0
Jacob Murphy,Newcastle Utd,Premier League,FW,29,35,2360,8,12,5.7,8.9,5.7,16000000.0,688,1004,68.5,10412,3438,42,28,13,31,4,0,20,0.56,26.2,19,15,43,15
Jack Harrison,Everton,Premier League,FW,27,34,2076,1,0,3.5,3.7,3.5,16000000.0,414,659,62.8,6596,2477,33,32,10,18,0,0,1,0.31,23.1,22,11,29,7
Mathias Jensen,Brentford,Premier League,MF,28,24,862,0,2,0.2,1.7,0.2,16000000.0,363,486,74.7,6736,2465,16,14,8,15,2,0,2,0.2,9.6,10,3,6,1
Ruben Loftus-Cheek,Milan,Serie A,MF,28,19,1037,0,0,0.7,1.9,0.7,16000000.0,435,485,89.7,6891,1390,16,19,3,3,3,0,0,0.22,11.5,8,2,9,2
Noah Okafor,Napoli,Serie A,FW,24,4,40,0,0,0.0,0.6,0.0,15000000.0,77,105,73.3,1323,270,4,3,0,0,0,0,0,1.47,4.6,2,2,1,0
Tammy Abraham,Milan,Serie A,FW,26,28,1183,3,4,7.1,2.2,5.4,15000000.0,152,221,68.8,1956,534,14,0,0,0,1,0,7,0.7,0.0,0,0,26,11
Aimar Oroz,Osasuna,La Liga,MF,22,37,2966,5,4,4.2,2.9,3.5,15000000.0,924,1128,81.9,14880,3661,41,35,20,29,8,0,9,0.22,33.0,19,5,47,15
Yacine Adli,Fiorentina,Serie A,MF,24,25,1219,4,6,1.0,2.4,1.0,15000000.0,718,890,80.7,14050,4602,23,32,6,13,3,1,10,0.25,13.5,19,4,14,5
Che Adams,Torino,Serie A,FW,28,36,2652,9,3,9.0,2.0,8.2,15000000.0,414,557,74.3,6531,1184,26,12,2,13,2,0,12,0.37,29.5,6,0,63,25
Kalvin Phillips,Ipswich Town,Premier League,MF,28,19,1237,0,0,0.4,0.2,0.4,15000000.0,436,551,79.1,8581,2474,5,35,19,35,6,1,0,0.05,13.7,19,1,11,2
Nathan Patterson,Everton,Premier League,DF,22,10,347,0,1,0.1,0.4,0.1,15000000.0,130,176,73.9,2272,806,4,11,2,2,1,0,1,0.13,3.9,6,3,1,0
Thomas Partey,Arsenal,Premier League,MF,31,35,2797,4,2,2.3,2.1,2.3,15000000.0,1678,1920,87.4,26697,7155,20,89,35,29,4,0,6,0.14,31.1,53,2,26,9
Christoph Baumgartner,RB Leipzig,Bundesliga,MF,24,31,1610,2,1,4.5,1.3,4.5,15000000.0,421,617,68.2,6330,1808,20,44,12,45,5,0,3,0.33,17.9,28,1,39,15
Amar Dedic,Marseille,Ligue 1,DF,21,10,314,0,1,0.9,0.9,0.9,15000000.0,189,224,84.4,2657,515,4,5,3,0,1,0,1,0.51,3.5,4,0,6,2
Kristjan Asllani,Inter,Serie A,MF,22,21,980,2,2,2.5,1.9,0.9,15000000.0,868,973,89.2,16269,4554,15,14,9,8,4,0,4,0.39,10.9,3,8,14,3
Angelino,Roma,Serie A,DF,27,38,3177,2,1,1.4,3.7,1.4,15000000.0,1544,1969,78.4,28294,9958,50,46,28,33,1,0,3,0.15,35.3,24,22,24,6
Flynn Downes,Southampton,Premier League,MF,25,27,2151,1,0,0.6,1.1,0.6,15000000.0,1003,1109,90.4,14646,2893,15,49,32,28,12,0,1,0.07,23.9,25,0,10,3
Maxence Caqueret,Como,Serie A,MF,24,18,1087,2,3,0.8,1.5,0.8,15000000.0,472,568,83.1,7456,2619,19,36,7,15,4,0,5,0.2,12.1,21,1,8,3
Robert Lewandowski,Barcelona,La Liga,FW,35,34,2667,27,2,27.1,2.3,24.0,15000000.0,383,522,73.4,4856,900,19,10,3,14,1,0,29,0.99,29.6,5,0,111,45
Thilo Kehrer,Monaco,Ligue 1,DF,27,27,2383,4,0,1.5,0.3,1.5,15000000.0,1622,1804,89.9,29814,12429,5,37,36,18,1,0,4,0.07,26.5,23,0,12,8
George Ilenikhena,Monaco,Ligue 1,FW,17,23,717,3,2,5.1,1.4,5.1,15000000.0,87,121,71.9,1117,192,9,4,2,0,0,0,5,0.81,8.0,2,0,21,9
Rocco Reitz,Gladbach,Bundesliga,MF,22,27,1830,2,1,1.7,2.1,1.7,15000000.0,684,878,77.9,11785,4189,16,52,53,39,1,0,3,0.19,20.3,24,4,23,7
Romano Schmid,Werder Bremen,Bundesliga,MF,24,32,2834,5,4,4.3,6.2,3.5,15000000.0,1239,1663,74.5,20032,7214,68,43,11,42,4,0,9,0.33,31.5,25,24,47,13
Jack Clarke,Ipswich Town,Premier League,FW,23,32,1181,0,4,1.2,2.3,1.2,15000000.0,302,393,76.8,4942,1242,28,32,7,9,2,0,4,0.26,13.1,20,0,17,2
Lewis Cook,Bournemouth,Premier League,MF,27,36,2978,1,3,0.9,4.1,0.9,15000000.0,1224,1585,77.2,21139,7153,48,81,41,30,8,1,4,0.15,33.1,42,11,14,4
Mikey Moore,Tottenham,Premier League,FW,16,10,366,0,1,0.2,0.3,0.2,15000000.0,67,96,69.8,853,226,3,2,1,2,0,0,1,0.13,4.1,1,1,3,0
Cesare Casadei,Torino,Serie A,MF,21,15,1017,1,1,1.2,0.4,1.2,15000000.0,323,406,79.6,5338,1082,7,12,5,4,1,0,2,0.14,11.3,5,1,14,7
Nathaniel Brown,Eint Frankfurt,Bundesliga,DF,21,26,1947,3,6,2.2,5.1,2.2,15000000.0,727,901,80.7,10728,3251,39,71,15,30,2,0,9,0.34,21.6,42,7,13,5
Rodrigo Gomes,Wolves,Premier League,DF,21,25,810,2,0,0.7,0.9,0.7,15000000.0,212,309,68.6,3052,1023,12,23,7,8,0,0,2,0.18,9.0,15,4,7,3
Mateus Fernandes,Southampton,Premier League,MF,20,36,2909,2,4,4.0,3.0,4.0,15000000.0,1087,1361,79.9,18406,4369,34,89,28,43,8,0,6,0.22,32.3,48,6,42,14
Mads Hermansen,Leicester City,Premier League,GK,24,27,2385,0,0,0.0,0.0,0.0,15000000.0,654,1073,61.0,17066,12387,0,1,0,1,1,0,0,0.0,26.5,1,0,0,0
Dean Henderson,Crystal Palace,Premier League,GK,27,38,3420,0,0,0.0,0.2,0.0,15000000.0,745,1216,61.3,20401,13551,3,2,0,0,3,0,0,0.0,38.0,1,0,1,0
Harry Maguire,Manchester Utd,Premier League,DF,31,27,1758,1,0,1.8,0.6,1.8,15000000.0,965,1128,85.5,17965,6236,9,30,40,15,7,0,1,0.12,19.5,15,0,15,6
Antonin Kinsky,Tottenham,Premier League,GK,21,6,540,0,0,0.0,0.1,0.0,15000000.0,167,217,77.0,3990,2480,1,3,0,0,0,0,0,0.01,6.0,1,0,0,0
Daichi Kamada,Crystal Palace,Premier League,MF,27,34,1564,0,0,1.1,1.9,1.1,15000000.0,603,752,80.2,9772,2644,20,47,18,22,4,1,0,0.17,17.4,29,3,20,4
James Justin,Leicester City,Premier League,DF,26,36,2912,2,2,1.5,0.8,1.5,15000000.0,1205,1541,78.2,18606,5922,14,58,46,48,6,0,4,0.07,32.4,37,8,25,6
Marshall Munetsi,Wolves,Premier League,MF,28,14,1078,2,1,3.3,1.8,3.3,15000000.0,152,212,71.7,1898,390,9,24,6,14,0,0,3,0.42,12.0,10,2,22,7
Morato,Nott'ham Forest,Premier League,DF,23,26,907,0,0,0.2,0.0,0.2,15000000.0,238,309,77.0,3987,1931,0,22,10,14,5,0,0,0.02,10.1,14,0,2,1
Bryan Gil,Girona,La Liga,FW,23,25,1721,3,3,2.3,2.9,2.3,15000000.0,621,759,81.8,8853,1808,21,34,10,24,4,0,6,0.27,19.1,20,7,32,15
Fran Garcia,Real Madrid,La Liga,DF,24,31,2171,0,2,0.9,1.8,0.9,15000000.0,1344,1551,86.7,19116,5223,24,51,28,27,0,0,2,0.11,24.1,36,9,14,3
Eric Garcia,Barcelona,La Liga,DF,23,29,1566,2,3,2.3,0.8,2.3,15000000.0,1234,1340,92.1,20485,7124,7,38,14,24,4,0,5,0.18,17.4,21,3,14,8
Dario Essugo,Las Palmas,La Liga,MF,19,27,1938,1,0,0.7,0.4,0.7,15000000.0,812,951,85.4,13995,3936,13,59,42,28,11,2,1,0.05,21.5,45,0,23,4
Brice Samba,Lens,Ligue 1,GK,30,15,1350,0,0,0.0,0.0,0.0,15000000.0,415,512,81.1,11184,7765,0,2,0,0,1,0,0,0.0,15.0,1,0,0,0
Milan Skriniar,Paris S-G,Ligue 1,DF,29,5,382,0,0,0.2,0.1,0.2,15000000.0,361,374,96.5,6457,2316,1,7,3,7,1,0,0,0.06,4.2,5,0,3,0
Mamadou Sarr,Strasbourg,Ligue 1,DF,18,27,2365,0,1,0.8,0.3,0.8,15000000.0,1593,1699,93.8,29195,9910,5,37,25,26,4,0,1,0.04,26.3,21,1,5,0
Tiago Santos,Lille,Ligue 1,DF,22,7,404,0,0,0.4,0.6,0.4,15000000.0,175,223,78.5,2807,603,5,12,2,2,1,0,0,0.22,4.5,7,4,8,4
Julen Agirrezabala,Athletic Club,La Liga,GK,23,14,1206,0,0,0.0,0.0,0.0,15000000.0,281,411,68.4,7681,5777,0,0,0,0,1,1,0,0.0,13.4,0,0,0,0
Mohammed Salisu,Monaco,Ligue 1,DF,25,15,1023,1,0,0.8,0.1,0.8,15000000.0,662,775,85.4,11709,5228,3,28,16,10,2,0,1,0.07,11.4,18,0,8,4
Ernest Nuamah,Lyon,Ligue 1,FW,20,23,1052,3,1,2.2,1.5,2.2,15000000.0,358,448,79.9,5021,917,18,21,8,9,2,0,4,0.32,11.7,11,4,28,13
Sebastian Nanasi,Strasbourg,Ligue 1,MF,22,31,2107,6,4,6.5,4.9,6.5,15000000.0,643,812,79.2,9577,2783,37,20,7,24,1,0,10,0.49,23.4,13,2,28,12
Moussa Niakhate,Lyon,Ligue 1,DF,28,31,2726,0,0,0.1,1.0,0.1,15000000.0,1688,1869,90.3,29756,11730,7,47,25,26,2,0,0,0.04,30.3,27,3,2,1
Terem Moffi,Nice,Ligue 1,FW,25,5,58,1,0,2.3,0.0,2.3,15000000.0,6,10,60.0,93,30,0,0,0,0,0,0,1,3.53,0.6,0,0,6,4
Takumi Minamino,Monaco,Ligue 1,MF,29,31,2231,6,3,8.9,6.6,8.9,15000000.0,520,736,70.7,7341,2545,40,33,10,26,4,0,9,0.62,24.8,19,0,57,20
Philipp Lienhart,Freiburg,Bundesliga,DF,28,32,2770,1,0,0.5,0.8,0.5,15000000.0,1943,2253,86.2,37592,13902,6,22,36,31,5,0,1,0.04,30.8,13,0,8,1
Marc-Andre ter Stegen,Barcelona,La Liga,GK,32,8,674,0,0,0.0,0.0,0.0,15000000.0,233,251,92.8,5847,4091,0,0,0,0,0,0,0,0.0,7.5,0,0,0,0
Giovanni Di Lorenzo,Napoli,Serie A,DF,30,37,3330,3,2,2.8,3.9,2.8,15000000.0,1870,2236,83.6,29372,9836,37,66,31,19,6,0,5,0.18,37.0,44,8,21,6
Hakon Arnar Haraldsson,Lille,Ligue 1,MF,21,25,1755,5,3,3.8,2.8,3.8,15000000.0,751,946,79.4,12052,2948,35,36,8,10,3,0,8,0.34,19.5,16,5,35,13
Lucas Martinez Quarta,Fiorentina,Serie A,DF,28,8,351,1,0,0.7,0.0,0.7,15000000.0,226,255,88.6,4391,1769,1,12,3,5,1,0,1,0.19,3.9,7,0,3,1
Timothy Castagne,Fulham,Premier League,DF,28,24,1649,0,1,0.4,1.2,0.4,15000000.0,780,953,81.8,12441,3910,9,46,22,15,1,0,1,0.09,18.3,29,3,8,3
Ismael Bennacer,Marseille,Ligue 1,MF,26,12,646,0,2,0.1,1.8,0.1,15000000.0,737,810,91.0,11402,3119,13,21,10,6,2,0,2,0.26,7.2,10,2,3,0
Raheem Sterling,Arsenal,Premier League,FW,29,17,499,0,2,1.4,0.5,1.4,15000000.0,158,201,78.6,2022,403,8,9,1,3,1,0,2,0.34,5.5,4,2,11,0
Djed Spence,Tottenham,Premier League,DF,23,25,1792,1,2,0.6,1.8,0.6,15000000.0,992,1161,85.4,14185,4261,11,47,21,28,4,1,3,0.12,19.9,34,8,10,3
Kenny Tete,Fulham,Premier League,DF,28,22,1774,0,2,1.4,0.9,1.4,15000000.0,772,956,80.8,12358,4026,9,56,32,31,5,0,2,0.12,19.7,38,6,24,2
Chadi Riad,Crystal Palace,Premier League,DF,21,1,90,0,0,0.0,0.0,0.0,15000000.0,70,82,85.4,1411,568,0,5,2,0,0,0,0,0.0,1.0,2,0,0,0
Arsen Zakharyan,Real Sociedad,La Liga,MF,21,3,73,1,0,0.2,0.1,0.2,15000000.0,28,33,84.8,451,106,1,1,1,1,0,0,1,0.36,0.8,1,0,4,2
Fabio Carvalho,Brentford,Premier League,FW,21,19,455,2,1,2.5,0.7,2.5,15000000.0,126,178,70.8,1755,442,4,13,3,6,1,0,3,0.62,5.1,9,1,12,5
Boulaye Dia,Lazio,Serie A,MF,27,35,2177,9,3,7.1,4.2,7.1,15000000.0,494,591,83.6,7767,1110,26,22,6,12,2,0,12,0.47,24.2,10,0,39,19
Jonas Wind,Wolfsburg,Bundesliga,FW,25,31,1966,9,3,5.7,4.2,4.0,15000000.0,432,612,70.6,6257,2209,34,10,6,17,2,0,12,0.45,21.8,6,0,38,11
Patrick Wimmer,Wolfsburg,Bundesliga,MF,23,29,1770,3,4,3.7,2.9,3.7,15000000.0,427,650,65.7,7363,2757,24,47,32,31,5,1,7,0.34,19.7,35,4,41,10
Samu Costa,Mallorca,La Liga,MF,23,32,2649,0,2,1.8,1.2,1.8,15000000.0,1164,1442,80.7,20678,5773,15,90,32,48,10,1,2,0.1,29.4,44,5,30,8
Logan Costa,Villarreal,La Liga,DF,23,32,2587,2,1,0.7,0.6,0.7,15000000.0,1354,1544,87.7,26242,9795,4,38,21,25,3,0,3,0.05,28.7,21,0,12,5
Angel Correa,Atletico Madrid,La Liga,FW,29,31,805,4,1,4.5,2.1,4.5,15000000.0,206,280,73.6,2697,745,14,9,4,10,3,1,5,0.74,8.9,3,1,34,14
Andreas Christensen,Barcelona,La Liga,DF,28,5,254,0,0,0.0,0.0,0.0,15000000.0,202,220,91.8,3226,1247,1,6,4,2,3,0,0,0.02,2.8,4,0,1,0
Tuta,Eint Frankfurt,Bundesliga,DF,25,30,2274,2,1,1.1,0.3,1.1,15000000.0,1265,1442,87.7,22286,8026,4,44,40,42,8,0,3,0.06,25.3,27,0,13,5
Carney Chukwuemeka,Dortmund,Bundesliga,MF,20,10,253,1,0,0.6,0.9,0.6,15000000.0,96,122,78.7,1067,309,7,7,1,5,1,0,1,0.54,2.8,5,0,8,2
Adrian Bernabe,Parma,Serie A,MF,23,21,1453,1,1,1.3,1.1,1.3,15000000.0,823,984,83.6,15635,5378,22,29,7,22,1,0,2,0.15,16.1,18,4,27,5
Noah Atubolu,Freiburg,Bundesliga,GK,22,26,2307,0,0,0.0,0.0,0.0,15000000.0,849,1140,74.5,23928,17335,0,0,0,0,2,0,0,0.0,25.6,0,0,0,0
Jeanuel Belocian,Leverkusen,Bundesliga,DF,19,5,68,0,0,0.0,0.0,0.0,15000000.0,34,40,85.0,418,130,0,1,0,0,1,0,0,0.0,0.8,1,0,0,0
Jake O'Brien,Everton,Premier League,DF,23,20,1571,2,0,0.8,0.6,0.8,15000000.0,577,725,79.6,10580,3946,6,26,4,17,5,0,2,0.08,17.5,17,5,6,3
Ismael Doukoure,Strasbourg,Ligue 1,DF,21,31,2639,1,1,0.6,1.1,0.6,15000000.0,1494,1685,88.7,25372,7657,11,40,25,31,7,0,2,0.06,29.3,22,0,3,1
Ilias Akhomach,Villarreal,La Liga,MF,20,11,584,1,0,0.6,1.0,0.6,15000000.0,136,185,73.5,2161,534,9,12,3,8,1,0,1,0.23,6.5,7,2,17,6
Adrien Truffert,Rennes,Ligue 1,DF,22,33,2752,2,2,2.4,3.2,2.3,15000000.0,1263,1601,78.9,19719,6114,39,61,27,44,3,0,4,0.18,30.6,36,20,23,10
Robert Andrich,Leverkusen,Bundesliga,MF,29,23,1598,2,2,1.3,0.3,1.3,15000000.0,865,978,88.4,13929,3332,9,24,29,16,7,0,4,0.09,17.8,12,0,21,5
Carlos Alcaraz,Everton,Premier League,FW,21,15,764,2,3,1.7,1.6,1.7,14000000.0,224,278,80.6,3963,1007,13,11,5,9,4,0,5,0.4,8.5,5,3,26,11
Fabio Miretti,Genoa,Serie A,MF,20,25,1677,3,3,3.1,2.0,3.1,14000000.0,422,567,74.4,7280,2006,22,28,7,20,2,0,6,0.27,18.6,15,2,24,6
Piotr Zielinski,Inter,Serie A,MF,30,26,980,2,2,2.6,0.9,1.1,14000000.0,636,711,89.5,9848,3091,14,14,6,10,0,0,4,0.32,10.9,10,0,15,4
Victor Nelsson,Roma,Serie A,DF,25,4,187,0,0,0.0,0.0,0.0,14000000.0,106,120,88.3,1908,447,0,5,2,1,0,0,0,0.02,2.1,4,0,1,0
Samuel Chukwueze,Milan,Serie A,FW,25,26,925,3,2,2.7,3.0,2.7,14000000.0,320,422,75.8,5644,1164,27,17,2,3,0,0,5,0.56,10.3,11,5,32,8
Anton Stach,Hoffenheim,Bundesliga,MF,25,30,2585,1,2,2.0,2.2,2.0,14000000.0,1270,1537,82.6,22480,8033,26,66,46,47,8,0,3,0.15,28.7,46,10,35,10
Cameron Archer,Southampton,Premier League,FW,23,35,1441,2,0,5.7,0.5,4.9,14000000.0,205,251,81.7,2612,367,5,13,2,5,0,0,2,0.39,16.0,8,0,28,10
Adam Armstrong,Southampton,Premier League,FW,27,20,1248,2,2,3.3,1.2,2.3,14000000.0,231,288,80.2,3320,446,9,12,3,6,4,0,4,0.32,13.9,3,2,25,7
Kamil Grabara,Wolfsburg,Bundesliga,GK,25,29,2585,0,0,0.0,0.0,0.0,14000000.0,791,1139,69.4,23935,16376,2,0,0,1,2,0,0,0.0,28.7,0,0,0,0
Zion Suzuki,Parma,Serie A,GK,21,37,3314,0,0,0.0,0.0,0.0,14000000.0,1008,1496,67.4,29293,22017,0,1,0,0,2,1,0,0.0,36.8,0,0,0,0
Joakim Maehle,Wolfsburg,Bundesliga,DF,27,28,2188,3,4,2.0,2.2,2.0,14000000.0,975,1205,80.9,15467,5670,20,34,25,24,6,0,7,0.18,24.3,15,4,18,7
Tommaso Baldanzi,Roma,Serie A,MF,21,31,832,1,1,1.4,1.0,1.4,14000000.0,305,363,84.0,3953,740,10,12,6,4,2,0,2,0.26,9.2,4,0,20,4
Nikola Krstovic,Lecce,Serie A,FW,24,37,3057,11,5,12.1,2.9,9.7,14000000.0,434,654,66.4,6532,1347,30,18,7,12,6,0,16,0.44,34.0,9,1,134,38
Boubakary Soumare,Leicester City,Premier League,MF,25,31,2171,0,0,0.3,0.4,0.3,14000000.0,1073,1234,87.0,16191,4336,11,37,27,22,8,0,0,0.03,24.1,20,3,7,0
Jota Silva,Nott'ham Forest,Premier League,FW,24,31,854,3,1,2.1,2.9,2.1,14000000.0,118,196,60.2,1692,471,14,27,12,9,5,0,4,0.53,9.5,14,3,23,7
Samuel Mbangula,Juventus,Serie A,FW,20,23,709,3,3,0.6,1.4,0.6,14000000.0,230,269,85.5,3018,589,15,15,3,7,1,0,6,0.25,7.9,10,4,9,5
Oumar Solet,Udinese,Serie A,DF,24,19,1672,1,2,0.8,1.2,0.8,14000000.0,982,1110,88.5,19162,5319,17,33,17,32,3,1,3,0.11,18.6,19,2,12,7
Nicolo Savona,Juventus,Serie A,DF,21,28,1724,2,1,0.5,1.2,0.5,14000000.0,982,1097,89.5,16461,4872,16,29,11,12,5,0,3,0.09,19.2,13,9,6,4
Lorenzo Pellegrini,Roma,Serie A,MF,28,25,1626,2,1,4.7,2.5,3.9,14000000.0,519,653,79.5,8369,1865,27,24,6,8,4,0,3,0.4,18.1,16,0,41,13
Dara O'Shea,Ipswich Town,Premier League,DF,25,35,3122,0,2,1.3,0.5,1.3,14000000.0,1234,1579,78.2,24503,10549,3,49,33,62,6,0,2,0.05,34.7,31,1,22,2
Thierno Barry,Villarreal,La Liga,FW,21,35,2323,11,4,12.5,2.9,11.7,14000000.0,209,337,62.0,2946,546,23,11,0,15,4,0,15,0.6,25.8,8,1,71,24
Matteo Gabbia,Milan,Serie A,DF,24,26,2152,2,0,1.1,0.2,1.1,14000000.0,1316,1443,91.2,26811,7732,2,21,15,25,4,0,2,0.05,23.9,15,1,14,4
Alvaro Morata,Milan,Serie A,FW,31,16,1099,5,0,3.9,0.8,3.9,13000000.0,202,268,75.4,3147,538,7,16,5,7,5,0,5,0.39,12.2,10,0,27,10
Enes Unal,Bournemouth,Premier League,FW,27,17,345,2,1,2.7,0.4,2.7,13000000.0,63,99,63.6,685,192,4,1,0,1,2,0,3,0.82,3.8,0,0,20,7
Mario Pasalic,Atalanta,Serie A,MF,29,34,1967,3,4,6.6,3.3,5.8,13000000.0,1198,1373,87.3,21236,6027,32,26,12,22,1,0,7,0.45,21.9,16,1,45,11
Ryan Yates,Nott'ham Forest,Premier League,MF,26,35,1915,2,1,2.3,1.2,2.3,13000000.0,618,758,81.5,9172,2063,18,42,26,38,10,0,3,0.16,21.3,21,0,33,9
Diego Gomez,Brighton,Premier League,MF,21,16,516,1,0,0.9,0.7,0.9,13000000.0,243,302,80.5,3715,931,8,21,8,13,0,0,1,0.28,5.7,13,1,9,3
Kamaldeen Sulemana,Southampton,Premier League,FW,22,26,1402,1,1,1.5,1.0,1.5,13000000.0,285,357,79.8,4101,627,10,22,6,16,2,0,2,0.16,15.6,17,7,29,8
Daniel Podence,Wolves,Premier League,MF,28,2,48,0,0,0.0,0.0,0.0,13000000.0,11,16,68.8,132,78,0,0,0,0,0,0,0,0.07,0.5,0,0,1,0
Goncalo Guedes,Wolves,Premier League,MF,27,29,995,2,4,3.2,1.3,3.2,13000000.0,259,349,74.2,4193,1060,14,16,5,11,1,0,6,0.4,11.1,5,5,27,8
Samuel Iling-Junior,Bologna,Serie A,FW,20,7,118,1,0,0.1,0.1,0.1,13000000.0,62,87,71.3,1038,245,1,3,2,1,0,0,1,0.19,1.3,2,1,4,1
Nehuen Perez,Udinese,Serie A,DF,24,2,180,0,0,0.0,0.0,0.0,13000000.0,49,60,81.7,1023,477,0,1,1,2,0,0,0,0.0,2.0,1,0,0,0
Armando Broja,Everton,Premier League,FW,22,10,334,0,0,0.1,0.2,0.1,13000000.0,53,73,72.6,594,101,4,3,1,3,1,0,0,0.08,3.7,1,0,4,0
Giovanni Fabbian,Bologna,Serie A,MF,21,30,1023,3,1,2.3,1.3,2.3,13000000.0,151,210,71.9,2182,369,9,10,2,7,2,0,4,0.32,11.4,6,1,21,5
Ramon Sosa,Nott'ham Forest,Premier League,FW,24,19,295,1,0,1.0,0.5,1.0,13000000.0,66,97,68.0,1016,283,8,5,4,9,1,0,1,0.45,3.3,3,3,11,5
Danilho Doekhi,Union Berlin,Bundesliga,DF,26,34,3060,1,1,2.6,1.4,2.6,13000000.0,995,1270,78.3,17773,6058,13,37,44,35,4,0,2,0.12,34.0,24,3,32,4
Dennis Man,Parma,Serie A,FW,25,33,1995,4,4,5.5,4.2,5.5,12500000.0,631,793,79.6,8923,2252,45,13,8,15,0,0,8,0.44,22.2,6,5,49,20
Nathan Zeze,Nantes,Ligue 1,DF,19,18,1512,0,0,0.3,0.0,0.3,12000000.0,737,859,85.8,14468,5641,1,38,23,22,6,0,0,0.02,16.8,22,0,6,2
El Chadaille Bitshiabu,RB Leipzig,Bundesliga,DF,19,21,1130,0,0,0.3,0.4,0.3,12000000.0,731,866,84.4,13891,6501,5,27,13,25,2,1,0,0.05,12.6,18,0,5,3
Gorka Guruzeta,Athletic Club,La Liga,FW,27,36,1840,7,2,6.7,1.5,6.6,12000000.0,298,411,72.5,4403,655,15,16,9,28,2,0,9,0.4,20.4,8,0,59,19
Niclas Fullkrug,West Ham,Premier League,FW,31,18,790,3,2,2.2,1.9,2.2,12000000.0,133,198,67.2,1852,314,14,4,1,1,2,0,5,0.46,8.8,3,0,16,7
Tijjani Noslin,Lazio,Serie A,FW,25,30,861,2,2,2.0,1.6,2.0,12000000.0,186,248,75.0,2629,593,12,6,1,15,2,0,4,0.38,9.6,5,5,19,6
Alex Meret,Napoli,Serie A,GK,27,34,3005,0,0,0.0,0.0,0.0,12000000.0,1050,1223,85.9,26863,16237,0,0,0,1,0,0,0,0.0,33.4,0,0,0,0
Vanja Milinkovic-Savic,Torino,Serie A,GK,27,37,3330,0,0,0.0,0.1,0.0,12000000.0,1107,1628,68.0,33277,23338,3,1,0,0,3,0,0,0.0,37.0,0,0,0,0
Amir Rrahmani,Napoli,Serie A,DF,30,38,3406,1,3,2.9,1.1,2.9,12000000.0,2531,2781,91.0,49903,17211,11,39,27,43,2,0,4,0.1,37.8,31,0,28,3
Alexis Claude-Maurice,Augsburg,Bundesliga,MF,26,28,2109,9,2,4.7,1.2,4.7,12000000.0,543,655,82.9,8213,1411,21,41,15,16,4,0,11,0.25,23.4,26,5,59,22
Albert Gronbaek,Southampton,Premier League,FW,23,4,143,0,0,0.1,0.0,0.1,12000000.0,13,18,72.2,135,43,1,4,0,1,0,0,0,0.08,1.6,1,0,2,0
Luca Ranieri,Fiorentina,Serie A,DF,25,35,2981,0,3,1.1,1.7,1.1,12000000.0,1538,1800,85.4,28999,10523,16,42,27,47,7,0,3,0.08,33.1,24,5,10,4
Devyne Rensch,Roma,Serie A,DF,21,14,469,0,1,0.3,0.8,0.3,12000000.0,213,260,81.9,3089,957,2,17,7,5,0,0,1,0.2,5.2,13,2,3,2
Tyrell Malacia,Manchester Utd,Premier League,DF,24,3,100,0,0,0.0,0.0,0.0,12000000.0,49,55,89.1,642,260,1,2,1,0,1,0,0,0.03,1.1,1,0,0,0
Tariq Lamptey,Brighton,Premier League,DF,23,15,860,2,2,0.4,0.8,0.4,12000000.0,335,413,81.1,5168,1326,5,17,7,15,0,0,4,0.12,9.6,11,5,6,2
Jefferson Lerma,Crystal Palace,Premier League,MF,29,33,2274,0,1,1.1,1.6,1.1,12000000.0,844,1121,75.3,14709,5135,10,35,42,38,9,0,1,0.11,25.3,17,2,26,8
Alessio Romagnoli,Lazio,Serie A,DF,29,32,2672,2,0,2.4,0.3,2.4,12000000.0,1624,1770,91.8,27954,9785,9,48,26,33,4,2,2,0.09,29.7,29,0,20,7
Christian Mawissa,Monaco,Ligue 1,DF,19,22,1501,0,0,0.1,0.0,0.1,12000000.0,827,945,87.5,13430,4378,1,42,26,25,3,0,0,0.01,16.7,29,0,1,1
Johan Vasquez,Genoa,Serie A,DF,25,36,3041,3,0,2.4,0.3,2.4,12000000.0,1491,1760,84.7,28470,8998,7,56,50,59,9,0,3,0.08,33.8,31,2,36,8
Soungoutou Magassa,Monaco,Ligue 1,MF,20,21,1025,0,1,0.5,0.9,0.5,12000000.0,540,638,84.6,9268,2731,7,47,21,16,5,1,1,0.12,11.4,25,2,8,3
Josha Vagnoman,Stuttgart,Bundesliga,DF,23,26,1834,1,1,1.5,2.1,1.5,12000000.0,725,902,80.4,11327,3154,22,26,14,16,4,0,2,0.17,20.4,14,9,15,6
Tiago Tomas,Wolfsburg,Bundesliga,FW,22,32,1884,6,1,5.4,2.6,5.4,12000000.0,329,475,69.3,4977,1438,20,33,9,17,7,0,7,0.38,20.9,19,3,42,20
Jens Stage,Werder Bremen,Bundesliga,MF,27,28,2204,10,5,7.2,2.8,7.2,12000000.0,768,998,77.0,12751,3913,23,49,18,44,10,0,15,0.41,24.5,30,4,44,15
Mattias Svanberg,Wolfsburg,Bundesliga,MF,25,20,1219,3,1,3.6,1.7,3.6,12000000.0,259,377,68.7,3931,1508,13,20,15,11,4,0,4,0.4,13.5,10,1,21,7
Atakan Karazor,Stuttgart,Bundesliga,MF,27,32,2618,2,4,2.3,2.6,2.0,12000000.0,1608,1857,86.6,24010,7326,15,59,32,39,10,1,6,0.17,29.1,29,0,14,7
Franck Honorat,Gladbach,Bundesliga,FW,27,19,1439,4,7,4.5,5.3,4.5,12000000.0,409,606,67.5,6591,2419,50,17,5,9,0,0,11,0.61,16.0,7,17,31,9
Ko Itakura,Gladbach,Bundesliga,DF,27,31,2790,3,0,1.6,0.8,1.6,12000000.0,1617,1817,89.0,29287,9848,7,40,28,41,5,0,3,0.08,31.0,29,4,21,7
Finn Jeltsch,Stuttgart,Bundesliga,DF,18,12,780,0,0,0.1,0.1,0.1,12000000.0,582,639,91.1,9402,2308,2,18,13,12,2,0,0,0.02,8.7,13,0,2,0
Ladislav Krejci,Girona,La Liga,DF,25,28,2440,2,0,1.7,0.3,1.7,12000000.0,1924,2135,90.1,35129,12417,8,23,34,24,9,0,2,0.07,27.1,16,2,18,5
Philip Billing,Napoli,Serie A,MF,28,10,197,1,0,1.5,0.1,1.5,12000000.0,79,101,78.2,1283,347,3,9,4,4,1,0,1,0.76,2.2,6,0,6,3
Kyogo Furuhashi,Rennes,Ligue 1,FW,29,6,123,0,0,0.1,0.0,0.1,12000000.0,3,11,27.3,43,0,0,2,0,0,0,0,0,0.09,1.4,2,0,1,0
Seko Fofana,Rennes,Ligue 1,MF,29,16,844,1,1,1.8,1.2,1.8,12000000.0,499,552,90.4,7498,1759,13,11,7,7,3,0,2,0.31,9.4,7,2,24,6
Arne Engels,Augsburg,Bundesliga,MF,20,1,79,0,0,0.4,0.0,0.4,12000000.0,19,27,70.4,195,57,0,0,0,1,1,0,0,0.45,0.9,0,0,3,1
Christian Norgaard,Brentford,Premier League,MF,30,34,2819,5,4,4.3,1.3,4.3,12000000.0,1164,1427,81.6,19339,6409,18,79,49,52,8,1,9,0.18,31.3,49,4,39,15
Ryan Christie,Bournemouth,Premier League,MF,29,29,2117,2,3,1.8,3.5,1.8,12000000.0,837,1056,79.3,14882,4269,41,54,30,44,9,0,5,0.23,23.5,33,5,33,12
Eren Dinkci,Freiburg,Bundesliga,MF,22,23,1196,0,3,1.1,2.2,1.1,12000000.0,297,394,75.4,4230,1090,23,21,7,22,1,0,3,0.25,13.3,13,3,14,3
Lucas Digne,Aston Villa,Premier League,DF,31,32,2351,0,4,0.8,4.7,0.8,12000000.0,956,1277,74.9,15607,5137,36,65,25,23,4,0,4,0.21,26.1,38,19,13,3
Sofiane Diop,Nice,Ligue 1,MF,24,28,1064,6,4,6.0,2.9,6.0,12000000.0,436,565,77.2,6822,2216,24,23,17,19,3,0,10,0.75,11.8,16,1,22,11
Caleb Okoli,Leicester City,Premier League,DF,23,19,1125,1,0,0.6,0.0,0.6,12000000.0,559,648,86.3,9749,3849,0,25,15,24,4,0,1,0.05,12.5,14,0,4,2
Guela Doue,Strasbourg,Ligue 1,DF,21,32,2717,1,2,0.8,0.7,0.8,12000000.0,1688,2023,83.4,29943,12563,11,65,34,38,7,0,3,0.05,30.2,45,6,18,6
Merlin Rohl,Freiburg,Bundesliga,MF,22,19,965,0,1,0.8,1.7,0.8,12000000.0,190,250,76.0,2824,560,9,16,6,9,2,0,1,0.23,10.7,10,3,12,3
Breel Embolo,Monaco,Ligue 1,FW,27,29,1841,6,4,10.8,5.6,10.8,12000000.0,299,432,69.2,4346,1127,32,22,3,11,5,0,10,0.8,20.5,17,0,51,18
Quentin Merlin,Marseille,Ligue 1,DF,22,27,1589,1,3,2.1,3.0,2.1,12000000.0,943,1145,82.4,15694,3325,25,22,14,20,1,0,4,0.28,17.7,17,9,26,9
Andrea Colpani,Fiorentina,Serie A,FW,25,24,1432,2,1,2.7,1.3,2.7,12000000.0,376,466,80.7,5907,1206,17,15,8,7,1,0,3,0.24,15.9,9,1,35,12
Patson Daka,Leicester City,Premier League,FW,25,23,736,1,0,1.3,0.1,1.3,12000000.0,106,147,72.1,1475,257,1,19,1,7,0,0,1,0.16,8.2,10,0,15,4
Romain Esse,Crystal Palace,Premier League,MF,19,7,138,1,1,0.3,0.4,0.3,12000000.0,32,42,76.2,475,202,3,9,1,2,0,0,2,0.48,1.5,6,0,1,1
Jon Aramburu,Real Sociedad,La Liga,DF,22,35,2460,1,1,0.4,1.1,0.4,12000000.0,1190,1518,78.4,17685,7225,15,102,30,40,8,0,2,0.06,27.3,70,6,11,3
Osame Sahraoui,Lille,Ligue 1,FW,23,30,1293,3,3,2.9,3.6,2.9,12000000.0,515,614,83.9,7130,2046,29,13,7,14,1,0,6,0.45,14.4,9,3,23,8
Alexander Nubel,Stuttgart,Bundesliga,GK,27,34,3060,0,1,0.0,0.3,0.0,12000000.0,1009,1311,77.0,25508,19120,3,0,0,0,0,0,1,0.01,34.0,0,0,0,0
Valentin Carboni,Marseille,Ligue 1,MF,19,4,103,0,0,0.0,0.1,0.0,12000000.0,57,64,89.1,816,162,3,2,1,1,1,0,0,0.14,1.1,2,2,2,1
Emerson,Milan,Serie A,DF,25,17,1377,0,0,0.4,0.7,0.4,12000000.0,784,909,86.2,12560,3198,15,45,14,13,5,0,0,0.07,15.3,28,5,10,2
Mika Marmol,Las Palmas,La Liga,DF,23,30,2399,0,1,0.4,1.5,0.4,12000000.0,1112,1495,74.4,20092,8991,16,61,38,46,5,0,1,0.07,26.7,29,7,10,0
Andrei Ratiu,Rayo Vallecano,La Liga,DF,26,35,3065,2,3,1.8,5.7,1.8,12000000.0,1435,1759,81.6,21787,7420,36,71,27,45,5,0,5,0.22,34.1,41,11,31,7
Jens Cajuste,Ipswich Town,Premier League,MF,24,30,1959,1,1,0.7,0.8,0.7,12000000.0,647,783,82.6,10596,2229,13,44,28,25,2,0,2,0.07,21.8,22,1,12,1
Moses Simon,Nantes,Ligue 1,FW,29,32,2609,8,10,5.8,6.7,2.7,12000000.0,505,815,62.0,8898,2519,56,20,12,11,2,0,18,0.43,29.0,14,24,40,13
David Brooks,Bournemouth,Premier League,FW,27,29,960,2,0,2.5,1.9,2.5,12000000.0,310,411,75.4,4795,1429,20,14,5,18,3,0,2,0.41,10.7,6,6,25,12
Kirian Rodriguez,Las Palmas,La Liga,MF,28,21,1758,0,3,1.6,1.5,1.6,12000000.0,1026,1204,85.2,16191,4876,16,33,10,22,2,0,3,0.16,19.5,17,1,21,8
Max Aarons,Valencia,La Liga,DF,24,4,120,0,0,0.0,0.0,0.0,12000000.0,47,66,71.2,705,190,1,4,0,1,2,0,0,0.02,1.3,4,0,0,0
Adam Webster,Brighton,Premier League,DF,29,14,887,0,0,0.2,0.5,0.2,12000000.0,636,725,87.7,11765,4541,3,10,20,16,1,0,0,0.08,9.9,6,0,5,1
Juanlu Sanchez,Sevilla,La Liga,MF,20,32,1722,4,4,2.1,2.8,2.1,12000000.0,568,697,81.5,8314,2421,24,50,17,27,6,1,8,0.26,19.1,34,5,13,6
Niccolo Pisilli,Roma,Serie A,MF,19,28,1227,2,1,2.7,0.7,2.7,12000000.0,471,564,83.5,7869,1905,10,24,11,14,7,0,3,0.25,13.6,11,2,27,7
Yukinari Sugawara,Southampton,Premier League,DF,24,30,1557,1,1,0.5,2.2,0.5,12000000.0,713,891,80.0,11241,3454,17,31,11,21,4,0,2,0.16,17.3,18,9,14,5
Sammie Szmodics,Ipswich Town,Premier League,FW,28,20,992,4,0,3.4,0.2,3.4,12000000.0,149,201,74.1,2458,724,5,16,6,10,2,0,4,0.33,11.0,10,1,21,12
Yarek Gasiorowski,Valencia,La Liga,DF,19,15,947,0,0,1.1,0.1,1.1,12000000.0,387,482,80.3,7508,2627,3,19,26,17,1,0,0,0.12,10.5,16,1,3,0
Thijs Dallinga,Bologna,Serie A,FW,23,31,1154,3,2,4.3,0.6,4.3,12000000.0,210,293,71.7,2944,450,12,10,1,10,1,0,5,0.38,12.8,5,0,31,11
Guido Rodriguez,West Ham,Premier League,MF,30,23,1149,0,1,0.2,0.2,0.2,12000000.0,480,569,84.4,8091,2164,4,36,13,23,6,0,1,0.03,12.8,19,0,8,1
Chris Richards,Crystal Palace,Premier League,DF,24,24,1922,1,0,1.4,0.1,1.4,12000000.0,684,857,79.8,12185,4230,2,47,19,40,4,1,1,0.07,21.4,30,1,12,6
Youssouf Ndayishimiye,Nice,Ligue 1,DF,25,23,1932,3,0,0.9,0.2,0.9,12000000.0,1177,1316,89.4,20069,6861,5,40,21,35,5,0,3,0.05,21.5,21,0,11,4
Oliver Skipp,Leicester City,Premier League,MF,23,24,1129,0,0,0.4,0.3,0.4,12000000.0,419,502,83.5,6399,1568,9,21,11,23,8,0,0,0.05,12.5,4,0,5,1
Matthis Abline,Nantes,Ligue 1,FW,21,34,2768,9,2,8.5,3.8,7.7,12000000.0,351,538,65.2,5145,976,27,11,4,15,3,0,11,0.4,30.8,5,4,73,26
Zakaria Aboukhlal,Toulouse,Ligue 1,MF,24,26,1901,7,2,10.2,1.6,8.6,12000000.0,221,349,63.3,2789,753,12,22,6,16,4,0,9,0.56,21.1,13,4,62,26
Bryan Zaragoza,Osasuna,La Liga,FW,23,27,1836,1,6,2.7,3.2,2.7,12000000.0,358,554,64.6,6526,1835,36,13,4,10,4,0,7,0.29,20.4,9,20,42,13
Abde Ezzalzouli,Betis,La Liga,FW,22,32,1984,2,2,8.0,2.0,7.2,12000000.0,542,757,71.6,6695,1928,27,37,7,22,2,0,4,0.46,22.0,25,2,61,25
Melvin Bard,Nice,Ligue 1,DF,23,24,1938,2,1,2.2,1.9,2.2,12000000.0,903,1166,77.4,15233,5399,15,53,29,38,4,2,3,0.19,21.5,36,13,23,8
Casemiro,Manchester Utd,Premier League,MF,32,24,1494,1,0,1.9,2.3,1.9,12000000.0,780,990,78.8,13010,4069,22,83,14,39,5,0,1,0.25,16.6,50,6,32,10
Jordan Teze,Monaco,Ligue 1,DF,24,16,569,1,0,1.2,1.5,1.2,12000000.0,287,363,79.1,4858,1860,13,18,6,12,2,1,1,0.43,6.3,9,3,5,2
Josep Martinez,Inter,Serie A,GK,26,5,450,0,0,0.0,0.1,0.0,12000000.0,206,241,85.5,5110,3113,1,0,0,0,0,0,0,0.02,5.0,0,0,0,0
Jeremie Boga,Nice,Ligue 1,MF,27,21,1054,1,2,2.3,2.8,2.3,12000000.0,329,398,82.7,4487,1003,24,10,3,13,0,0,3,0.44,11.7,5,4,30,16
Alex Berenguer,Athletic Club,La Liga,FW,29,36,2339,6,7,6.8,5.0,6.0,12000000.0,628,954,65.8,10110,2537,46,32,10,23,5,0,13,0.45,26.0,16,11,51,18
Saul Coco,Torino,Serie A,DF,25,32,2845,2,0,1.2,0.0,1.2,12000000.0,1350,1529,88.3,24764,7402,1,46,38,49,10,0,2,0.04,31.6,26,1,20,5
Abakar Sylla,Strasbourg,Ligue 1,DF,21,21,950,1,0,0.4,0.1,0.4,12000000.0,583,658,88.6,9980,3603,1,27,11,18,2,1,1,0.05,10.6,15,0,5,1
Jens Odgaard,Bologna,Serie A,MF,25,29,1952,6,1,3.6,1.8,3.6,12000000.0,374,500,74.8,5524,1386,16,20,9,19,1,0,7,0.25,21.7,14,3,49,22
Callum Wilson,Newcastle Utd,Premier League,FW,32,18,370,0,0,0.4,0.1,0.4,11000000.0,40,53,75.5,504,89,3,2,1,2,1,0,0,0.12,4.1,2,0,6,1
Bernd Leno,Fulham,Premier League,GK,32,38,3420,0,1,0.0,0.1,0.0,11000000.0,1149,1404,81.8,28206,16978,2,2,0,1,5,0,1,0.0,38.0,2,0,0,0
Roland Sallai,Freiburg,Bundesliga,FW,27,2,46,0,0,0.1,0.1,0.1,11000000.0,11,17,64.7,218,78,1,2,1,0,0,0,0,0.41,0.5,1,0,3,1
Mandela Keita,Parma,Serie A,MF,22,30,1826,0,2,0.1,1.0,0.1,11000000.0,660,729,90.5,11055,2730,15,44,21,18,6,1,2,0.06,20.3,25,0,5,4
Alex Moreno,Nott'ham Forest,Premier League,DF,31,15,955,0,1,0.2,1.3,0.2,11000000.0,308,428,72.0,4574,1911,8,25,15,11,2,0,1,0.13,10.6,18,2,6,0
Stephy Mavididi,Leicester City,Premier League,FW,26,30,1615,4,1,1.8,2.6,1.8,11000000.0,460,613,75.0,6191,1429,22,34,11,26,2,0,5,0.25,17.9,19,7,26,7
Kepa Arrizabalaga,Bournemouth,Premier League,GK,29,31,2790,0,0,0.1,0.0,0.1,11000000.0,752,1027,73.2,20531,13943,1,1,0,2,3,0,0,0.0,31.0,0,0,1,0
Juan Miranda,Bologna,Serie A,DF,24,31,2277,0,6,0.7,6.1,0.7,11000000.0,1420,1877,75.7,27816,10135,57,32,23,21,4,1,6,0.27,25.3,18,30,22,5
Wilfried Zaha,Lyon,Ligue 1,FW,31,4,73,0,0,0.1,0.0,0.1,11000000.0,28,32,87.5,388,49,0,1,1,3,0,0,0,0.07,0.8,1,0,1,1
Diego Carlos,Aston Villa,Premier League,DF,31,10,830,0,0,0.6,0.0,0.6,11000000.0,534,603,88.6,10941,4103,0,8,5,13,1,0,0,0.07,9.2,3,0,4,1
Jan Bednarek,Southampton,Premier League,DF,28,30,2531,2,0,0.7,0.5,0.7,11000000.0,1564,1687,92.7,27781,8925,5,36,56,47,7,0,2,0.04,28.1,19,0,5,2
Odsonne Edouard,Leicester City,Premier League,FW,26,4,29,0,0,0.0,0.0,0.0,10000000.0,6,8,75.0,59,5,1,1,0,0,0,0,0,0.13,0.3,1,0,0,0
Stefan Posch,Atalanta,Serie A,DF,27,5,387,0,0,0.2,0.0,0.2,10000000.0,205,245,83.7,3257,1119,0,26,5,19,0,0,0,0.05,7.9,15,0,3,2
Dani Ceballos,Real Madrid,La Liga,MF,27,23,1215,0,0,0.4,1.6,0.4,10000000.0,1284,1361,94.3,20805,5972,22,41,14,16,4,0,0,0.15,13.5,21,0,7,2
Diego Conde,Villarreal,La Liga,GK,25,22,1962,0,1,0.0,0.2,0.0,10000000.0,519,640,81.1,12478,8097,2,2,1,0,2,0,1,0.01,21.8,2,0,0,0
Sebastiano Esposito,Empoli,Serie A,FW,22,33,2331,8,0,5.7,2.1,4.2,10000000.0,445,739,60.2,6868,2707,36,57,12,20,1,0,8,0.3,25.9,29,5,59,19
Mathis Amougou,Chelsea,Premier League,MF,18,1,8,0,0,0.0,0.0,0.0,10000000.0,7,7,100.0,69,30,0,0,0,0,0,0,0,0.0,0.1,0,0,0,0
Rasmus Kristensen,Eint Frankfurt,Bundesliga,DF,27,30,2513,5,3,2.5,3.1,2.5,10000000.0,1263,1626,77.7,20684,8380,20,59,20,50,4,0,8,0.2,27.9,33,9,24,8
Ansgar Knauff,Eint Frankfurt,Bundesliga,MF,22,30,1597,4,5,4.9,5.2,4.9,10000000.0,363,544,66.7,5092,1811,27,41,12,23,3,0,9,0.57,17.7,22,6,30,9
Mario Hermoso,Leverkusen,Bundesliga,DF,29,4,293,0,0,0.4,0.2,0.4,10000000.0,213,249,85.5,3432,1065,2,0,9,3,0,0,0,0.17,3.3,0,0,4,0
Raphael Guerreiro,Bayern Munich,Bundesliga,DF,30,23,1572,4,4,2.9,2.9,2.9,10000000.0,1206,1359,88.7,16390,4055,27,19,10,9,2,0,8,0.33,17.5,12,2,21,11
Robin Hack,Gladbach,Bundesliga,FW,25,33,2172,4,7,5.4,3.6,5.4,10000000.0,684,898,76.2,10640,3174,32,22,9,30,4,0,11,0.38,24.1,17,12,59,24
Marco Friedl,Werder Bremen,Bundesliga,DF,26,26,2161,0,0,0.5,0.2,0.5,10000000.0,1324,1468,90.2,27567,9623,3,62,34,41,10,2,0,0.03,24.0,42,1,4,3
Maximilian Eggestein,Freiburg,Bundesliga,MF,27,33,2845,2,0,2.0,1.5,2.0,10000000.0,1213,1452,83.5,18800,5136,19,57,39,37,4,0,2,0.11,31.6,32,3,36,10
Diego Moreira,Strasbourg,Ligue 1,DF,19,32,2568,2,7,2.0,7.3,2.0,10000000.0,1028,1327,77.5,16315,3941,30,44,35,23,4,1,9,0.33,28.5,28,10,25,8
Gabriel Moscardo,Reims,Ligue 1,MF,18,6,84,0,0,0.2,0.0,0.2,10000000.0,30,38,78.9,414,80,0,3,0,3,1,0,0,0.22,0.9,1,0,2,0
Youssoufa Moukoko,Nice,Ligue 1,FW,19,11,204,2,1,2.2,0.8,2.2,10000000.0,36,44,81.8,522,206,5,3,0,2,0,0,3,1.32,2.3,2,1,6,2
Marin Pongracic,Fiorentina,Serie A,DF,26,19,1292,0,0,0.2,0.2,0.2,10000000.0,691,775,89.2,13999,4692,5,18,12,14,3,1,0,0.03,14.4,13,0,2,1
Tommaso Pobega,Bologna,Serie A,MF,25,21,1178,2,2,2.1,1.4,2.0,10000000.0,384,468,82.1,6373,1664,12,33,14,16,6,2,4,0.27,13.1,19,3,24,8
Matteo Politano,Napoli,Serie A,FW,30,37,2804,3,4,3.1,4.8,3.1,10000000.0,873,1261,69.2,14730,4786,56,29,13,21,3,0,7,0.25,31.2,15,23,56,14
Nicola Zalewski,Inter,Serie A,DF,22,11,435,1,1,0.2,1.7,0.2,10000000.0,205,245,83.7,3270,669,11,7,2,5,4,0,2,0.39,4.8,4,6,5,3
Wataru Endo,Liverpool,Premier League,MF,31,20,273,0,0,0.0,0.1,0.0,10000000.0,182,194,93.8,2833,700,2,12,6,8,0,0,0,0.02,3.0,8,0,0,0
Tanguy Ndombele,Nice,Ligue 1,MF,27,18,1131,1,2,2.4,2.4,2.4,10000000.0,415,476,87.2,6290,1904,18,35,14,9,2,0,3,0.38,12.6,23,0,11,2
Hugo Duro,Valencia,La Liga,FW,24,31,2166,11,2,9.4,1.3,8.6,10000000.0,296,428,69.2,4100,492,14,13,10,11,5,0,13,0.44,24.1,8,0,48,16
Sergio Arribas,Betis,La Liga,DF,21,1,90,0,0,0.0,0.0,0.0,10000000.0,37,54,68.5,533,210,0,7,3,2,0,0,0,0.0,1.0,4,0,0,0
Anthony Rouault,Rennes,Ligue 1,DF,23,11,972,0,0,0.5,0.0,0.5,10000000.0,623,680,91.6,12133,4445,1,12,8,13,3,0,0,0.05,10.8,8,0,7,3
Andrew Omobamidele,Strasbourg,Ligue 1,DF,22,10,539,0,0,0.0,0.0,0.0,10000000.0,367,390,94.1,6665,2470,0,7,8,12,5,1,0,0.0,6.0,4,0,0,0
Gift Orban,Lyon,Ligue 1,FW,22,3,186,2,0,1.2,0.0,1.2,10000000.0,22,33,66.7,369,117,1,0,0,0,1,0,2,0.6,2.1,0,0,4,3
Keito Nakamura,Reims,Ligue 1,FW,24,32,2649,11,2,9.1,2.9,9.1,10000000.0,575,775,74.2,8999,1919,26,24,13,21,5,0,13,0.41,29.4,16,10,84,32
Lucas Perri,Lyon,Ligue 1,GK,26,33,2970,0,0,0.0,0.0,0.0,10000000.0,799,1040,76.8,19720,12981,1,1,0,1,1,0,0,0.0,33.0,1,0,0,0
Nabil Fekir,Betis,La Liga,MF,31,2,180,0,1,0.7,0.6,0.7,10000000.0,67,82,81.7,1052,381,6,3,0,2,0,0,1,0.62,2.0,2,2,7,1
Abdallah Sima,Brest,Ligue 1,FW,23,27,1238,7,2,5.9,1.0,5.9,10000000.0,231,332,69.6,3140,660,13,15,1,9,2,0,9,0.5,13.8,11,1,37,18
Arouna Sangante,Le Havre,Ligue 1,DF,22,16,1244,3,0,1.0,0.1,1.0,10000000.0,693,796,87.1,13010,4432,3,25,21,11,4,1,3,0.08,13.8,16,1,7,4
Sergi Altimira,Betis,La Liga,MF,22,32,1972,0,1,1.7,1.7,1.6,10000000.0,1123,1258,89.3,18063,4176,22,61,24,28,4,0,1,0.16,21.9,37,0,21,4
Hector Fort,Barcelona,La Liga,DF,17,17,585,0,0,0.2,0.9,0.2,10000000.0,448,497,90.1,6222,1464,10,13,6,12,2,0,0,0.17,6.5,8,0,6,0
Juan Foyth,Villarreal,La Liga,DF,26,19,1517,1,0,2.4,0.3,2.4,10000000.0,838,963,87.0,15860,6523,7,25,19,26,4,0,1,0.16,16.9,15,2,17,5
Pape Gueye,Villarreal,La Liga,MF,25,34,2224,4,0,3.4,1.1,3.4,10000000.0,911,1144,79.6,16801,5556,17,54,27,31,6,2,4,0.18,24.7,26,2,55,17
Sasa Lukic,Fulham,Premier League,MF,27,30,2344,0,2,1.2,2.7,1.2,10000000.0,1100,1260,87.3,18730,4635,26,68,28,20,12,0,2,0.15,26.0,39,7,18,2
Tim Iroegbunam,Everton,Premier League,MF,21,18,574,0,1,0.2,0.2,0.2,10000000.0,115,158,72.8,1921,621,3,29,16,18,4,0,1,0.07,6.4,14,0,5,0
Mark Flekken,Brentford,Premier League,GK,31,37,3275,0,2,0.0,0.5,0.0,10000000.0,1254,1717,73.0,37000,25308,3,4,0,2,1,0,2,0.01,36.4,4,0,0,0
Matheus Franca,Crystal Palace,Premier League,MF,20,4,55,1,0,0.3,0.0,0.3,10000000.0,10,17,58.8,155,75,0,2,1,1,0,0,1,0.42,0.6,0,0,6,3
Jakub Moder,Brighton,Premier League,MF,25,4,11,0,0,0.0,0.2,0.0,10000000.0,18,22,81.8,254,82,3,1,0,0,0,0,0,1.45,0.1,0,1,0,0
Omar El Hilali,Espanyol,La Liga,DF,20,36,3153,0,2,0.0,0.8,0.0,10000000.0,1245,1577,78.9,23391,8719,8,111,46,53,11,0,2,0.02,35.0,79,6,2,0
Victor Lindelof,Manchester Utd,Premier League,DF,30,16,704,0,0,0.0,0.1,0.0,10000000.0,362,386,93.8,6074,1912,3,7,8,6,1,0,0,0.01,7.8,2,1,0,0
Ismael Kone,Rennes,Ligue 1,MF,22,13,469,2,1,0.2,1.3,0.2,10000000.0,176,208,84.6,3271,662,5,9,4,9,1,0,3,0.28,4.0,6,0,6,3
Ainsley Maitland-Niles,Lyon,Ligue 1,DF,26,32,1985,1,4,2.9,3.4,2.9,10000000.0,1049,1234,85.0,16150,5054,27,71,25,28,1,0,5,0.29,22.1,44,7,22,7
Azor Matusiwa,Rennes,Ligue 1,MF,26,29,2078,1,3,1.2,1.8,1.2,10000000.0,975,1119,87.1,16247,4831,17,64,34,29,3,0,4,0.13,23.1,39,1,11,2
Neal Maupay,Marseille,Ligue 1,FW,27,22,1042,4,4,4.1,2.2,4.1,10000000.0,250,297,84.2,3404,651,13,9,2,5,3,1,8,0.54,11.6,4,0,19,10
Senny Mayulu,Paris S-G,Ligue 1,MF,18,20,808,2,2,2.9,2.1,2.9,10000000.0,404,460,87.8,6268,1045,12,25,5,8,1,0,4,0.55,9.0,16,1,25,8
Koke,Atletico Madrid,La Liga,MF,32,32,1926,1,1,1.1,1.4,1.1,10000000.0,1444,1640,88.0,22797,7027,16,46,20,24,4,0,2,0.12,21.4,23,6,11,4
Loum Tchaouna,Lazio,Serie A,FW,20,24,660,1,0,2.5,0.6,2.5,10000000.0,172,247,69.6,2582,567,10,8,4,5,4,1,1,0.42,7.3,4,1,23,8
Francesco Camarda,Milan,Serie A,FW,16,10,206,0,0,0.6,0.5,0.6,10000000.0,37,44,84.1,434,40,5,5,0,2,0,0,0,0.48,2.3,2,0,8,1
Kiliann Sildillia,Freiburg,Bundesliga,DF,22,21,801,2,0,0.5,0.7,0.5,10000000.0,336,459,73.2,6274,2162,7,17,11,16,2,0,2,0.13,8.9,10,4,7,2
Marcel Sabitzer,Dortmund,Bundesliga,MF,30,26,1616,1,0,1.8,1.6,1.8,10000000.0,728,858,84.8,10980,2905,12,29,10,19,3,0,1,0.19,18.0,19,2,21,8
Tom Rothe,Union Berlin,Bundesliga,DF,19,26,1670,3,3,1.8,1.3,1.8,10000000.0,547,803,68.1,8464,3573,12,45,18,41,4,1,6,0.17,18.6,28,8,23,9
Joe Scally,Gladbach,Bundesliga,DF,21,32,2578,0,0,0.4,1.1,0.4,10000000.0,1300,1559,83.4,21091,6630,11,45,16,35,6,0,0,0.05,28.6,32,7,6,1
Amine Harit,Marseille,Ligue 1,MF,27,13,519,2,4,0.8,2.4,0.8,10000000.0,213,255,83.5,2938,865,19,8,3,6,1,1,6,0.56,5.8,7,0,8,5
Sead Kolasinac,Atalanta,Serie A,DF,31,23,1903,0,2,0.8,1.8,0.8,10000000.0,1115,1275,87.5,17226,6037,17,41,25,16,7,0,2,0.12,21.1,26,2,10,2
Julian Araujo,Bournemouth,Premier League,DF,22,12,497,0,0,0.0,0.1,0.0,10000000.0,178,225,79.1,3006,890,1,10,6,3,2,0,0,0.01,5.5,5,2,0,0
Alphonse Areola,West Ham,Premier League,GK,31,26,2260,0,0,0.0,0.0,0.0,10000000.0,688,989,69.6,18224,12284,0,2,0,0,0,0,0,0.0,25.1,2,0,0,0
David Alaba,Real Madrid,La Liga,DF,32,7,317,0,0,0.0,0.1,0.0,10000000.0,206,228,90.4,3522,1456,1,1,6,5,1,0,0,0.02,3.5,0,0,0,0
Matias Fernandez-Pardo,Lille,Ligue 1,FW,19,22,1065,4,2,2.9,2.8,2.9,10000000.0,224,307,73.0,3456,733,16,12,3,9,4,0,6,0.48,11.8,9,0,23,12
Andy Diouf,Lens,Ligue 1,MF,21,34,2225,1,2,2.9,2.8,2.9,10000000.0,849,1068,79.5,11438,2865,33,37,15,24,2,0,3,0.23,24.7,26,3,40,5
Warren Bondo,Milan,Serie A,MF,20,4,162,0,0,0.0,0.1,0.0,10000000.0,77,84,91.7,1248,261,1,35,5,16,1,0,0,0.06,18.0,24,1,1,1
Diego Lopez,Valencia,La Liga,MF,22,38,2737,8,5,6.6,5.0,6.6,10000000.0,680,943,72.1,10541,2502,38,31,16,30,3,0,13,0.38,30.4,18,9,44,14
Pau Lopez,Girona,La Liga,GK,29,1,45,0,0,0.0,0.0,0.0,10000000.0,18,24,75.0,545,414,0,0,0,0,0,0,0,0.0,0.5,0,0,0,0
Nick Pope,Newcastle Utd,Premier League,GK,32,28,2520,0,0,0.0,0.0,0.0,10000000.0,575,782,73.5,14597,8818,1,0,1,1,2,0,0,0.0,28.0,0,0,0,0
Gustavo Nunes,Brentford,Premier League,FW,18,3,12,0,0,0.0,0.0,0.0,10000000.0,1,1,100.0,15,0,0,3,0,0,0,0,0,0.0,0.1,2,0,0,0
Krepin Diatta,Monaco,Ligue 1,DF,25,19,508,0,0,0.2,0.8,0.2,10000000.0,240,314,76.4,3683,1198,4,18,9,5,3,0,0,0.17,5.6,12,2,2,1
Willi Orban,RB Leipzig,Bundesliga,DF,31,25,2222,5,0,4.0,1.0,4.0,10000000.0,1530,1750,87.4,28362,10446,8,38,21,45,4,2,5,0.2,24.7,21,1,22,7
Zuriko Davitashvili,Saint-Etienne,Ligue 1,FW,23,33,2778,9,8,8.1,4.7,6.6,10000000.0,737,938,78.6,10639,2497,50,22,14,20,3,0,17,0.43,30.9,14,4,68,24
Assan Ouedraogo,RB Leipzig,Bundesliga,MF,18,3,50,0,0,0.1,0.0,0.1,10000000.0,15,20,75.0,206,37,0,0,0,1,0,0,0,0.11,0.6,0,0,1,0
Mahdi Camara,Brest,Ligue 1,MF,26,34,2659,5,3,4.1,2.0,4.1,10000000.0,1021,1190,85.8,15953,3369,26,71,33,40,5,0,8,0.21,29.5,40,10,49,19
Corentin Tolisso,Lyon,Ligue 1,MF,29,32,2329,7,4,5.3,4.9,5.3,10000000.0,1359,1602,84.8,20673,6018,31,57,22,52,4,0,11,0.4,25.9,25,4,51,18
Nordi Mukiele,Leverkusen,Bundesliga,DF,26,15,899,1,0,1.4,1.0,1.4,10000000.0,488,607,80.4,7457,2544,9,20,16,10,4,0,1,0.24,10.0,16,2,7,3
Lilian Brassier,Rennes,Ligue 1,DF,24,14,1234,1,1,1.5,0.3,1.5,10000000.0,787,919,85.6,14802,5588,6,15,22,17,1,0,2,0.13,8.7,12,1,5,1
Ivan Martin,Girona,La Liga,MF,25,32,2039,1,1,1.8,1.9,1.8,10000000.0,1251,1387,90.2,19711,3825,22,32,11,20,1,0,2,0.16,22.7,19,3,11,3
Arnau Martinez,Girona,La Liga,DF,21,32,2624,2,2,1.2,2.2,1.2,10000000.0,1603,1855,86.4,25826,6911,18,51,31,18,3,0,4,0.12,29.2,28,4,19,6
Reda Belahyane,Lazio,Serie A,MF,20,6,198,0,0,0.0,0.0,0.0,10000000.0,85,94,90.4,1301,352,0,8,1,3,0,1,0,0.0,18.4,6,0,0,0
Gonzalo Montiel,Sevilla,La Liga,DF,27,6,113,0,0,0.0,0.0,0.0,10000000.0,68,78,87.2,1288,364,0,4,2,0,1,0,0,0.02,1.3,2,1,1,0
Inaki Pena,Barcelona,La Liga,GK,25,16,1396,0,0,0.0,0.0,0.0,10000000.0,562,630,89.2,12479,7084,0,0,0,0,1,0,0,0.0,15.5,0,0,0,0
Ayoze Perez,Villarreal,La Liga,FW,31,30,1970,19,2,12.7,3.0,12.7,10000000.0,314,414,75.8,5024,1316,32,27,8,17,4,0,21,0.71,21.9,14,5,75,31
Tommy Doyle,Wolves,Premier League,MF,22,24,488,0,1,0.6,0.5,0.6,10000000.0,321,392,81.9,6591,2010,7,11,5,11,1,0,1,0.2,5.4,6,0,9,2
Altay Bayindir,Manchester Utd,Premier League,GK,26,4,360,0,0,0.0,0.0,0.0,10000000.0,92,152,60.5,2444,1386,0,0,0,0,0,0,0,0.0,4.0,0,0,0,0
Nasser Djiga,Wolves,Premier League,DF,21,5,66,0,0,0.0,0.0,0.0,10000000.0,40,48,83.3,740,183,0,0,2,0,0,0,0,0.0,0.7,0,0,0,0
Michel Aebischer,Bologna,Serie A,MF,27,14,724,0,0,0.4,0.4,0.4,10000000.0,366,419,87.4,6537,1452,8,18,7,4,2,0,0,0.09,8.0,13,2,10,5
Daniel Maldini,Monza,Serie A,MF,22,20,1306,3,0,4.8,0.9,4.8,10000000.0,261,382,68.3,4254,837,12,14,4,8,5,0,3,0.39,14.5,6,2,39,13
Javi Rodriguez,Celta Vigo,La Liga,DF,21,36,2514,3,2,2.3,1.0,2.3,10000000.0,1488,1716,86.7,26876,8180,13,53,33,29,7,0,5,0.12,27.9,38,1,12,5
Jesus Rodriguez,Betis,La Liga,FW,18,21,1111,2,0,2.3,0.2,2.3,10000000.0,241,331,72.8,3111,935,8,16,6,16,0,0,2,0.2,12.3,14,2,23,8
Isaac Romero,Sevilla,La Liga,FW,24,31,2156,4,2,6.8,2.1,6.0,10000000.0,310,441,70.3,4995,703,20,13,7,18,10,1,6,0.37,24.0,7,4,53,17
Cyril Ngonge,Napoli,Serie A,FW,24,18,216,0,0,0.7,0.4,0.7,10000000.0,68,87,78.2,1031,234,3,8,2,3,2,0,0,0.44,2.4,5,1,13,6
Harry Winks,Leicester City,Premier League,MF,28,22,1538,0,2,0.2,1.2,0.2,10000000.0,910,1045,87.1,14101,5048,17,24,9,19,4,0,2,0.09,17.1,11,5,10,4
Chris Wood,Nott'ham Forest,Premier League,FW,32,36,2959,20,3,13.4,2.6,11.0,10000000.0,315,490,64.3,4434,1018,22,6,5,12,1,0,23,0.49,32.9,5,1,65,32
James Ward-Prowse,Nott'ham Forest,Premier League,MF,29,9,400,0,1,0.1,1.1,0.1,10000000.0,145,182,79.7,2296,768,4,4,5,3,2,1,1,0.26,11.5,1,0,2,1
Timo Werner,Tottenham,Premier League,FW,28,18,516,0,3,1.0,2.5,1.0,10000000.0,158,236,66.9,2383,597,10,6,1,10,0,0,3,0.61,5.7,4,2,8,3
James Tarkowski,Everton,Premier League,DF,31,33,2922,1,1,1.3,2.9,1.3,10000000.0,1045,1290,81.0,22119,8229,16,64,41,57,6,0,2,0.13,32.5,40,0,15,4
Kieran Tierney,Arsenal,Premier League,DF,27,13,259,1,0,0.4,1.4,0.4,10000000.0,145,173,83.8,2325,699,8,7,3,0,0,0,1,0.6,2.9,5,2,2,1
Adama Traore,Fulham,Premier League,FW,28,36,1772,2,7,4.0,4.9,4.0,10000000.0,424,587,72.2,6645,1683,42,20,1,7,3,0,9,0.45,19.7,13,22,39,12
Nelson Semedo,Wolves,Premier League,DF,30,34,2886,0,4,0.9,2.8,0.9,10000000.0,1096,1357,80.8,16627,5130,25,62,23,32,8,0,4,0.12,32.1,36,13,18,7
Anthony Caci,Mainz 05,Bundesliga,DF,27,33,2684,1,7,3.1,6.6,3.1,10000000.0,1188,1655,71.8,19409,8082,50,60,27,33,6,0,8,0.32,29.8,40,21,32,12
Neil El Aynaoui,Lens,Ligue 1,MF,23,24,1588,8,1,4.0,2.0,1.6,10000000.0,816,966,84.5,12776,3533,22,39,30,34,4,0,9,0.34,17.6,21,2,16,7
Moise Bombito,Nice,Ligue 1,DF,24,27,2192,0,0,0.7,0.2,0.7,10000000.0,1266,1404,90.2,23123,8931,2,37,18,35,3,1,0,0.04,24.4,25,0,8,1
Hicham Boudaoui,Nice,Ligue 1,MF,24,29,2435,2,3,2.7,3.0,2.7,10000000.0,943,1134,83.2,14602,4144,22,76,22,40,9,0,5,0.21,27.1,52,3,39,18
Rolando Mandragora,Fiorentina,Serie A,MF,27,28,1856,4,2,2.7,4.8,1.9,10000000.0,724,931,77.8,13418,4153,31,23,15,22,7,0,6,0.35,20.6,13,7,37,14
Nnamdi Collins,Eint Frankfurt,Bundesliga,DF,20,24,1489,1,1,0.8,1.0,0.8,10000000.0,766,888,86.3,12523,3617,2,33,16,22,4,0,2,0.11,16.5,24,2,5,2
Stefan Ortega,Manchester City,Premier League,GK,31,13,1100,0,0,0.0,0.0,0.0,9000000.0,373,459,81.3,8327,5597,0,0,0,0,1,0,0,0.0,12.2,0,0,0,0
Alidu Seidu,Rennes,Ligue 1,DF,24,11,803,0,0,0.1,0.3,0.1,9000000.0,426,518,82.2,7350,2223,5,22,14,13,4,0,0,0.05,8.9,18,0,3,0
Fares Chaibi,Eint Frankfurt,Bundesliga,MF,21,26,1013,1,3,2.6,2.9,2.6,9000000.0,304,462,65.8,5146,1801,24,13,10,10,2,0,4,0.49,11.3,9,6,25,6
Bence Dardai,Wolfsburg,Bundesliga,MF,18,21,1304,1,1,1.0,1.0,1.0,9000000.0,357,445,80.2,5317,1399,11,24,12,20,0,0,2,0.14,14.5,14,2,11,1
Soumaila Coulibaly,Brest,Ligue 1,DF,20,7,438,0,0,0.2,0.1,0.2,9000000.0,281,317,88.6,5923,1657,1,4,5,7,1,0,0,0.05,4.9,2,0,4,0
Valentin Rongier,Marseille,Ligue 1,MF,29,25,1562,3,1,1.0,1.1,1.0,9000000.0,1271,1408,90.3,18466,4560,11,50,33,30,5,0,4,0.12,17.4,28,0,14,7
Lorenz Assignon,Rennes,Ligue 1,DF,24,32,2357,3,4,2.2,3.5,2.2,9000000.0,1015,1301,78.0,15872,5411,29,49,25,20,9,0,7,0.22,26.2,27,12,22,5
Lucas Ocampos,Sevilla,La Liga,FW,30,2,175,0,1,0.2,0.3,0.2,9000000.0,65,91,71.4,1020,296,3,3,0,2,0,0,1,0.25,1.9,2,1,4,2
Stefan Bajcetic,Las Palmas,La Liga,MF,19,14,969,1,0,0.3,0.2,0.3,9000000.0,300,418,71.8,5892,1599,7,29,15,25,4,0,1,0.05,10.8,14,0,5,2
Abner,Lyon,Ligue 1,DF,24,19,1090,1,1,0.6,1.1,0.6,9000000.0,568,675,84.1,8355,3494,11,29,5,15,1,0,2,0.14,12.1,20,2,7,3
Albert Sambi Lokonga,Sevilla,La Liga,MF,24,22,1471,0,2,0.9,1.0,0.9,9000000.0,799,894,89.4,13113,3894,19,22,9,13,4,0,2,0.12,16.3,15,0,13,5
Fabian Schar,Newcastle Utd,Premier League,DF,32,34,2934,4,0,3.7,0.4,3.7,9000000.0,1654,1977,83.7,33173,12752,5,36,45,38,9,1,4,0.13,32.6,21,0,40,11
Ryan Sessegnon,Fulham,Premier League,FW,24,16,580,4,2,1.6,1.1,1.6,9000000.0,189,241,78.4,2728,859,12,27,3,13,1,0,6,0.42,6.4,13,2,14,8
Borja Mayoral,Getafe,La Liga,FW,27,24,1114,5,1,3.4,0.9,2.6,9000000.0,197,254,77.6,2876,459,8,5,2,4,0,0,6,0.35,12.4,4,0,19,8
Jonathan Bamba,Celta Vigo,La Liga,FW,28,12,811,0,1,0.8,1.8,0.8,9000000.0,287,364,78.8,4015,1041,12,12,5,6,1,0,1,0.29,9.0,7,6,13,6
Natan,Betis,La Liga,DF,23,31,2175,1,1,0.3,0.6,0.3,9000000.0,1122,1265,88.7,21511,7065,5,35,28,24,5,1,2,0.04,24.2,24,1,9,4
Yehvann Diouf,Reims,Ligue 1,GK,24,34,3060,0,0,0.1,0.0,0.1,9000000.0,848,1219,69.6,23052,16792,0,2,1,0,1,0,0,0.0,34.0,1,0,1,1
Jota,Rennes,Ligue 1,FW,25,9,334,1,0,1.3,0.3,1.3,9000000.0,95,132,72.0,1498,360,5,5,3,1,0,0,1,0.44,3.7,2,2,4,2
Gabriel Gudmundsson,Lille,Ligue 1,DF,25,30,1785,2,0,0.7,1.4,0.7,9000000.0,866,1055,82.1,13909,3879,16,36,17,19,3,0,2,0.11,19.8,25,10,18,5
Bradley Locko,Brest,Ligue 1,DF,22,2,97,0,0,0.0,0.0,0.0,9000000.0,37,42,88.1,605,214,0,2,1,3,1,0,0,0.02,1.1,2,0,1,0
Will Hughes,Crystal Palace,Premier League,MF,29,33,2108,0,3,1.1,3.1,1.1,9000000.0,737,970,76.0,11688,4132,33,66,22,31,11,0,3,0.18,23.4,36,3,22,1
Ben Johnson,Ipswich Town,Premier League,DF,24,23,1354,1,2,1.1,1.3,1.1,9000000.0,298,416,71.6,4835,2045,12,38,13,22,5,1,3,0.16,15.0,22,2,7,3
Senne Lynen,Werder Bremen,Bundesliga,MF,25,32,2733,0,1,1.1,0.6,1.1,9000000.0,1099,1326,82.9,17538,5076,8,72,65,56,9,0,1,0.06,30.4,39,1,24,3
Ellyes Skhiri,Eint Frankfurt,Bundesliga,MF,29,30,2231,1,2,1.4,1.4,1.4,9000000.0,1153,1303,88.5,17520,4942,22,40,31,30,6,0,3,0.11,24.8,22,0,13,2
Bazoumana Toure,Hoffenheim,Bundesliga,FW,18,13,609,0,3,1.4,1.9,1.4,9000000.0,125,187,66.8,1869,423,13,12,3,4,1,0,3,0.49,6.8,10,5,19,5
Amir Richardson,Fiorentina,Serie A,MF,22,26,1024,1,1,0.9,0.6,0.9,9000000.0,539,615,87.6,8473,1942,8,30,6,14,6,0,2,0.12,11.4,13,1,11,5
Aster Vranckx,Wolfsburg,Bundesliga,MF,21,14,556,0,0,0.0,0.0,0.0,9000000.0,166,202,82.2,2747,773,1,11,10,14,1,0,0,0.01,6.2,6,0,0,0
Maximo Perrone,Como,Serie A,MF,21,26,1857,0,3,0.9,2.2,0.9,9000000.0,1214,1343,90.4,19177,6168,30,38,20,15,6,0,3,0.15,20.6,27,0,10,2
Matteo Pessina,Monza,Serie A,MF,27,11,854,0,0,0.2,0.1,0.2,9000000.0,424,490,86.5,7412,1478,4,15,12,6,2,0,0,0.03,9.5,4,1,3,0
Kosta Nedeljkovic,RB Leipzig,Bundesliga,DF,18,10,479,0,0,0.5,0.3,0.5,8500000.0,194,238,81.5,3195,1052,3,11,2,6,1,0,0,0.14,5.3,8,2,4,0
Patrick Osterhage,Freiburg,Bundesliga,MF,24,30,2267,1,0,1.7,1.4,1.7,8500000.0,858,1025,83.7,12951,2657,16,45,18,27,6,1,1,0.12,25.2,29,1,21,3
Valentin Gendrey,Lecce,Serie A,DF,24,2,180,0,0,0.2,0.1,0.2,8500000.0,42,55,76.4,745,342,2,2,2,3,0,0,0,0.14,2.0,2,1,2,0
Julien Duranville,Dortmund,Bundesliga,FW,18,12,283,0,0,0.2,0.3,0.2,8500000.0,59,84,70.2,856,171,1,3,0,1,3,0,0,0.18,3.1,0,1,5,2
Alessandro Circati,Parma,Serie A,DF,20,6,540,0,0,0.3,0.0,0.3,8500000.0,197,229,86.0,3773,1058,1,7,3,5,1,0,0,0.06,6.0,5,0,2,0
Omar Alderete,Getafe,La Liga,DF,27,34,2971,1,0,1.7,0.9,1.7,8000000.0,724,1106,65.5,16992,7859,11,43,40,38,8,0,1,0.08,33.0,29,2,38,10
Lewis Dunk,Brighton,Premier League,DF,32,25,2083,0,0,0.8,0.5,0.8,8000000.0,1778,1953,91.0,32940,10612,6,17,13,28,5,0,0,0.06,23.1,10,0,12,3
Santiago Bueno,Wolves,Premier League,DF,25,29,1687,0,0,0.4,0.0,0.4,8000000.0,741,842,88.0,13598,4177,0,41,15,36,2,0,0,0.02,18.7,21,0,6,3
Ross Barkley,Aston Villa,Premier League,MF,30,20,581,3,1,1.8,0.6,1.8,8000000.0,337,395,85.3,5232,1260,9,14,10,9,3,0,4,0.37,6.5,3,0,16,5
Abdoulaye Doucoure,Everton,Premier League,MF,31,33,2564,3,2,4.1,2.4,4.1,8000000.0,725,903,80.3,10909,2254,28,48,10,31,5,1,5,0.23,28.5,28,0,31,9
Elia Caprile,Napoli,Serie A,GK,22,4,325,0,0,0.0,0.0,0.0,8000000.0,81,98,82.7,2186,1425,0,1,0,0,0,0,0,0.0,18.0,0,0,0,0
Jonathan Ikone,Fiorentina,Serie A,FW,26,14,334,0,0,0.8,0.1,0.8,8000000.0,86,102,84.3,1227,271,2,15,0,5,0,0,0,0.23,6.0,9,0,9,5
Christantus Uche,Getafe,La Liga,FW,21,33,2486,4,6,3.8,2.9,3.8,8000000.0,387,592,65.4,5080,1266,29,35,10,20,8,2,10,0.24,27.6,21,4,50,14
Carlos Vicente,Alaves,La Liga,FW,25,37,3092,5,5,3.5,5.4,2.7,8000000.0,720,1140,63.2,12031,4061,63,47,14,34,3,0,10,0.26,34.4,31,29,35,13
Sergio Reguilon,Tottenham,Premier League,DF,27,4,196,0,0,0.1,0.0,0.1,8000000.0,93,136,68.4,1503,540,1,4,4,7,2,0,0,0.07,2.2,3,1,2,0
Mads Roerslev,Brentford,Premier League,DF,25,19,1101,0,2,0.2,3.0,0.2,8000000.0,422,536,78.7,6925,2249,14,18,4,12,2,0,2,0.26,12.2,8,4,5,2
Jose Sa,Wolves,Premier League,GK,31,29,2609,0,0,0.0,0.2,0.0,8000000.0,592,924,64.1,15334,10381,3,2,0,0,2,0,0,0.01,29.0,2,0,0,0
Matt Targett,Newcastle Utd,Premier League,DF,28,2,21,0,0,0.0,0.0,0.0,8000000.0,14,15,93.3,187,49,0,0,1,0,0,0,0,0.0,0.2,0,1,0,0
Julio Soler,Bournemouth,Premier League,DF,19,3,11,0,0,0.0,0.0,0.0,8000000.0,11,14,78.6,104,18,0,1,0,1,0,0,0,0.0,0.1,1,0,0,0
Kike Salas,Sevilla,La Liga,DF,22,31,2238,3,2,1.9,0.6,1.9,8000000.0,1109,1412,78.5,21141,7603,6,47,32,26,6,0,5,0.1,24.9,28,1,23,6
Marc Roca,Betis,La Liga,MF,27,14,906,2,2,1.1,1.0,1.1,8000000.0,465,538,86.4,7964,2303,12,20,14,17,4,0,4,0.21,10.1,14,2,12,4
Duje Caleta-Car,Lyon,Ligue 1,DF,27,19,1584,1,0,2.1,0.1,2.1,8000000.0,896,985,91.0,16876,5583,2,20,17,33,8,0,1,0.13,17.6,12,0,11,1
Reinildo Mandava,Atletico Madrid,La Liga,DF,30,19,941,0,0,0.1,0.1,0.1,8000000.0,515,612,84.2,7852,2969,2,18,16,11,4,0,0,0.02,10.5,11,0,1,1
Javi Puado,Espanyol,La Liga,FW,26,35,2974,12,4,11.6,3.0,7.7,8000000.0,521,678,76.8,7991,1449,22,22,5,18,8,0,16,0.44,33.0,17,4,66,19
Vedat Muriqi,Mallorca,La Liga,FW,30,29,2058,7,2,9.7,2.2,7.3,8000000.0,295,487,60.6,4299,870,26,7,7,7,1,2,9,0.52,22.9,5,0,52,16
Romain Del Castillo,Brest,Ligue 1,FW,28,26,1259,6,4,4.7,3.4,1.5,8000000.0,480,688,69.8,8019,2803,37,31,6,16,0,0,10,0.58,14.0,22,11,17,8
Jesus Areso,Osasuna,La Liga,DF,25,36,3079,0,3,0.2,3.5,0.2,8000000.0,1139,1573,72.4,19266,8143,30,53,8,26,9,0,3,0.11,34.2,38,30,8,0
Valentin Barco,Sevilla,La Liga,DF,20,7,288,0,0,0.3,0.6,0.3,8000000.0,139,191,72.8,2139,895,6,15,2,0,0,0,0,0.28,3.2,9,0,7,0
Ethan Pinnock,Brentford,Premier League,DF,31,22,1913,2,0,1.1,1.2,1.1,8000000.0,924,1080,85.6,17045,6094,8,35,24,29,2,0,2,0.11,21.3,19,1,10,6
Nikola Vlasic,Torino,Serie A,MF,26,30,2117,5,4,3.4,2.4,1.8,8000000.0,613,768,79.8,8813,2258,32,37,9,15,0,0,9,0.25,23.5,19,4,30,10
Chiedozie Ogbene,Ipswich Town,Premier League,FW,27,5,238,0,0,0.0,0.1,0.0,8000000.0,32,43,74.4,415,27,2,7,1,1,0,0,0,0.03,2.6,3,0,0,0
Marco Brescianini,Atalanta,Serie A,MF,24,29,991,4,2,3.1,1.0,3.1,8000000.0,334,420,79.5,4756,1060,7,18,2,15,1,0,6,0.37,11.0,11,2,20,8
Paul Onuachu,Southampton,Premier League,FW,30,25,1050,4,1,3.6,0.5,3.6,8000000.0,160,263,60.8,2292,365,8,7,1,7,4,0,5,0.35,11.7,2,0,34,15
Anass Salah-Eddine,Roma,Serie A,DF,22,3,152,0,1,0.3,0.1,0.3,8000000.0,86,103,83.5,1414,246,2,1,1,0,0,0,1,0.27,1.7,1,1,2,1
Giovanni Simeone,Napoli,Serie A,FW,29,30,419,1,1,2.6,0.8,2.6,8000000.0,79,113,69.9,988,151,8,2,1,9,1,0,2,0.73,4.7,0,0,13,3
Przemyslaw Frankowski,Lens,Ligue 1,DF,29,18,1387,4,2,2.3,2.5,0.7,8000000.0,875,1092,80.1,13489,5466,20,32,19,10,3,0,6,0.31,15.4,21,10,14,5
Andre Gomes,Lille,Ligue 1,MF,31,20,1276,0,0,0.5,0.7,0.5,8000000.0,861,963,89.4,14106,3490,10,27,6,7,3,0,0,0.09,14.2,13,1,11,3
Yann Gboho,Toulouse,Ligue 1,MF,23,31,2333,5,4,5.4,3.5,5.4,8000000.0,478,644,74.2,6718,2050,30,31,6,20,2,0,9,0.35,25.9,18,0,50,26
Presnel Kimpembe,Paris S-G,Ligue 1,DF,28,2,23,0,0,0.0,0.0,0.0,8000000.0,18,18,100.0,334,114,0,1,0,2,0,0,0,0.0,0.3,0,0,0,0
Geoffrey Kondogbia,Marseille,Ligue 1,DF,31,25,2020,0,0,0.5,0.2,0.5,8000000.0,1668,1803,92.5,26671,8282,5,60,22,23,1,0,0,0.03,22.4,38,2,8,1
Jordan James,Rennes,Ligue 1,MF,20,23,1178,0,1,0.9,1.9,0.9,8000000.0,483,574,84.1,8380,2504,24,30,14,14,4,0,1,0.21,13.1,19,2,17,3
Sandi Lovric,Udinese,Serie A,MF,26,36,2308,2,3,2.6,3.4,2.6,8000000.0,749,952,78.7,13335,3733,32,46,22,33,5,0,5,0.24,25.6,29,4,49,12
Samuel Edozie,Southampton,Premier League,DF,21,2,65,0,0,0.0,0.1,0.0,8000000.0,25,33,75.8,316,67,1,3,0,0,1,0,0,0.14,0.7,1,0,0,0
Junya Ito,Reims,Ligue 1,FW,31,33,2690,4,3,4.6,7.1,4.6,8000000.0,811,1214,66.8,12385,4724,82,45,13,33,1,0,7,0.39,29.9,30,28,31,11
Alexandre Lacazette,Lyon,Ligue 1,FW,33,30,2051,15,2,16.3,3.4,11.7,8000000.0,393,547,71.8,5201,1351,26,13,8,13,5,0,17,0.86,22.8,6,4,53,31
Jordan Lotomba,Nice,Ligue 1,MF,25,2,35,0,0,0.0,0.0,0.0,8000000.0,17,21,81.0,249,51,0,0,0,0,0,0,0,0.0,0.4,0,0,0,0
Solly March,Brighton,Premier League,FW,30,8,168,0,0,0.1,0.3,0.1,8000000.0,60,95,63.2,990,222,3,6,2,3,2,0,0,0.19,1.9,3,4,2,0
Yerson Mosquera,Wolves,Premier League,DF,23,5,441,0,0,0.3,0.1,0.3,8000000.0,205,240,85.4,3996,1184,2,11,10,13,2,0,0,0.09,4.9,7,1,2,0
Jorginho,Arsenal,Premier League,MF,32,15,704,0,0,0.1,0.4,0.1,8000000.0,411,474,86.7,6468,1609,3,12,7,3,5,0,0,0.06,7.8,4,0,2,0
Marc Guiu,Chelsea,Premier League,FW,18,3,73,0,0,0.0,0.0,0.0,8000000.0,11,16,68.8,110,4,1,1,0,0,0,0,0,0.04,0.8,1,0,0,0
Sam Johnstone,Wolves,Premier League,GK,31,7,630,0,0,0.0,0.0,0.0,8000000.0,184,278,66.2,5548,4270,1,0,0,0,0,0,0,0.0,0.0,0,0,0,0
Carlos Forbs,Wolves,Premier League,MF,20,10,239,0,0,0.1,0.0,0.1,8000000.0,60,91,65.9,788,228,1,8,1,3,2,0,0,0.07,2.7,5,1,2,0
Ben Godfrey,Ipswich Town,Premier League,DF,26,3,159,0,0,0.0,0.0,0.0,8000000.0,47,57,82.5,657,255,0,1,2,1,1,0,0,0.0,1.8,0,0,0,0
Anastasios Douvikas,Celta Vigo,La Liga,FW,24,20,700,3,1,4.4,0.2,4.4,8000000.0,76,107,71.0,1074,147,3,9,3,5,2,0,4,0.6,7.8,4,0,17,9
Maxwel Cornet,Southampton,Premier League,FW,27,2,72,0,0,0.2,0.0,0.2,8000000.0,17,22,77.3,262,37,0,5,0,0,1,0,0,0.2,0.8,5,0,1,0
Conor Chaplin,Ipswich Town,Premier League,MF,27,22,857,1,1,1.5,0.7,1.5,8000000.0,235,319,73.7,3800,927,8,15,4,8,2,0,2,0.23,9.5,5,2,16,3
Matthias Ginter,Freiburg,Bundesliga,DF,30,32,2561,2,1,2.8,0.7,2.8,8000000.0,1256,1521,82.6,24307,9697,9,30,19,35,5,0,3,0.12,28.5,17,1,24,4
Robin Gosens,Union Berlin,Bundesliga,DF,30,1,90,0,0,0.0,0.1,0.0,8000000.0,23,42,54.8,381,218,1,0,1,1,1,0,0,0.15,1.0,0,0,1,0
Nico Elvedi,Gladbach,Bundesliga,DF,27,25,2135,1,1,2.0,0.4,2.0,8000000.0,1400,1522,92.0,22765,6356,5,38,30,35,1,0,2,0.1,23.7,23,0,12,3
Lukas Klostermann,RB Leipzig,Bundesliga,DF,28,28,1838,1,0,0.3,0.1,0.3,8000000.0,1071,1211,88.4,18474,6021,2,27,24,31,5,0,1,0.02,20.4,14,1,4,2
Fisayo Dele-Bashiru,Lazio,Serie A,MF,23,20,947,3,1,1.1,0.8,1.1,8000000.0,315,359,87.7,4445,711,10,10,4,10,0,0,4,0.18,10.5,6,1,16,5
Jackson Tchatchoua,Hellas Verona,Serie A,DF,22,36,3167,2,3,1.6,2.8,1.6,8000000.0,837,1126,74.3,12483,4001,34,50,14,21,7,1,5,0.13,35.2,31,18,18,3
Eric Dier,Bayern Munich,Bundesliga,DF,30,21,1463,2,1,1.1,0.1,1.1,8000000.0,1324,1412,93.8,23560,8112,3,19,20,19,1,0,3,0.08,16.3,11,0,9,5
Berat Djimsiti,Atalanta,Serie A,DF,31,34,2640,1,2,2.7,1.3,2.7,8000000.0,1483,1691,87.7,26133,7354,11,53,40,34,6,0,3,0.13,29.3,33,3,20,4
Paulo Dybala,Roma,Serie A,FW,30,24,1417,6,3,6.4,5.0,4.0,8000000.0,596,729,81.8,9980,2382,40,17,2,12,2,0,9,0.72,15.7,7,5,47,15
Santi Comesana,Villarreal,La Liga,MF,27,35,2560,4,2,4.6,2.0,4.6,8000000.0,1163,1374,84.6,19630,6350,27,85,19,56,7,0,6,0.23,28.4,49,3,39,8
Sergi Cardona,Villarreal,La Liga,DF,25,35,2945,1,7,2.4,5.8,2.4,8000000.0,1126,1457,77.3,18658,6599,45,71,40,52,11,0,8,0.25,32.7,48,26,20,6
Lukas Ullrich,Gladbach,Bundesliga,DF,20,26,1903,1,2,0.9,1.8,0.9,8000000.0,647,850,76.1,9822,3416,8,25,23,26,4,0,3,0.13,21.1,16,6,8,2
Niklas Sule,Dortmund,Bundesliga,DF,28,15,1053,0,0,0.6,0.1,0.6,8000000.0,870,938,92.8,15061,5368,3,14,4,11,1,0,0,0.06,11.7,12,0,9,2
Jonas Urbig,Bayern Munich,Bundesliga,GK,20,8,720,0,0,0.0,0.0,0.0,8000000.0,232,286,81.1,6043,4239,0,0,0,0,0,0,0,0.0,8.0,0,0,0,0
Maarten Vandevoordt,RB Leipzig,Bundesliga,GK,22,6,429,0,0,0.0,0.0,0.0,8000000.0,138,175,78.9,3557,2188,0,1,0,0,0,0,0,0.0,4.8,0,0,0,0
Jacopo Fazzini,Empoli,Serie A,MF,21,20,1383,4,1,3.1,0.5,3.1,8000000.0,305,426,71.6,4559,1281,12,32,6,13,1,1,5,0.23,15.4,19,0,27,9
Ben Davies,Tottenham,Premier League,DF,31,17,1331,0,0,0.3,0.2,0.3,8000000.0,896,1023,87.6,16735,6614,2,17,12,28,5,0,0,0.03,14.8,11,0,5,1
Alan Matturro,Genoa,Serie A,DF,19,13,900,0,0,0.2,0.2,0.2,8000000.0,280,359,78.0,5637,1806,3,11,14,10,2,0,0,0.04,10.0,6,2,4,3
Hans Nicolussi Caviglia,Venezia,Serie A,MF,24,35,2861,4,2,2.4,2.1,2.4,8000000.0,1119,1411,79.3,19770,6616,29,47,28,39,7,1,6,0.14,31.8,28,1,53,20
Roberto Piccoli,Cagliari,Serie A,FW,23,37,3127,10,1,12.7,0.9,12.0,8000000.0,343,517,66.3,4700,823,13,13,3,12,6,0,11,0.39,34.7,9,0,97,28
M'Bala Nzola,Lens,Ligue 1,FW,27,21,1460,6,1,8.6,1.3,8.6,8000000.0,227,302,75.2,2579,415,20,5,5,9,3,1,7,0.61,16.2,4,0,47,18
Kassoum Ouattara,Monaco,Ligue 1,DF,19,12,391,0,1,0.2,1.2,0.2,8000000.0,172,217,79.3,2919,1053,6,9,5,6,2,0,1,0.31,4.3,7,7,2,1
Etienne Youte Kinkoue,Le Havre,Ligue 1,DF,22,28,2320,0,0,1.3,0.2,1.3,8000000.0,1124,1262,89.1,23138,7156,3,19,29,36,4,1,0,0.06,25.8,10,1,14,1
Geronimo Rulli,Marseille,Ligue 1,GK,32,34,3060,0,0,0.0,0.1,0.0,8000000.0,1058,1204,87.9,22890,14976,2,4,1,1,1,0,0,0.0,34.0,3,0,0,0
Pablo Rosario,Nice,Ligue 1,MF,27,29,1775,3,1,3.8,0.6,3.0,8000000.0,641,754,85.0,10685,3770,16,30,31,19,6,1,4,0.22,19.7,20,1,16,7
Saba Goglichidze,Empoli,Serie A,DF,20,33,2539,0,1,0.3,0.3,0.3,8000000.0,724,929,77.9,14820,5046,3,64,33,36,3,1,1,0.02,28.2,37,1,6,0
Lucas Gourna-Douath,Roma,Serie A,MF,20,6,229,0,0,0.1,0.1,0.1,8000000.0,104,114,91.2,1637,307,2,9,0,1,2,0,0,0.09,2.5,4,0,3,0
Emil Holm,Bologna,Serie A,DF,24,21,1137,1,1,0.6,0.7,0.6,8000000.0,560,735,76.2,10735,3499,10,34,10,19,3,0,2,0.1,12.6,21,8,10,3
Chuba Akpom,Lille,Ligue 1,FW,28,14,639,3,1,5.0,0.5,3.4,8000000.0,67,99,67.7,822,138,5,8,0,9,0,0,4,0.78,7.1,5,0,18,9
Eiran Cashin,Brighton,Premier League,DF,22,2,20,0,0,0.0,0.0,0.0,8000000.0,23,28,82.1,407,196,0,0,0,0,0,0,0,0.0,0.2,0,0,0,0
Nabil Bentaleb,Lille,Ligue 1,MF,29,10,329,1,0,0.7,0.0,0.7,8000000.0,210,244,86.1,3946,1248,1,4,5,5,0,0,1,0.21,3.7,3,0,5,1
Anass Zaroury,Lens,Ligue 1,FW,23,28,1405,2,2,1.7,2.9,1.7,8000000.0,506,746,67.8,8251,2733,35,23,6,9,3,1,4,0.29,15.6,17,13,35,12
Aurele Amenda,Eint Frankfurt,Bundesliga,DF,21,8,96,0,0,0.0,0.3,0.0,7500000.0,58,69,84.1,1079,398,1,1,2,2,1,0,0,0.23,1.1,0,0,0,0
Abdel Abqar,Alaves,La Liga,DF,25,29,2463,0,1,0.9,0.3,0.9,7500000.0,719,939,76.6,16039,5771,8,36,39,28,13,0,1,0.04,27.4,23,2,12,1
Maduka Okoye,Udinese,Serie A,GK,24,25,2250,0,0,0.0,0.0,0.0,7500000.0,681,878,77.6,17288,12683,0,0,0,0,1,0,0,0.0,25.0,0,0,0,0
Stefano Turati,Monza,Serie A,GK,22,30,2676,0,0,0.0,0.0,0.0,7500000.0,764,1077,70.9,21304,16285,0,0,0,0,1,0,0,0.0,29.7,0,0,0,0
Antonio Blanco,Alaves,La Liga,MF,24,35,2727,0,1,0.8,1.6,0.8,7500000.0,1013,1278,79.3,18498,6593,15,67,42,30,11,1,1,0.08,30.3,40,9,25,3
Jurgen Ekkelenkamp,Udinese,Serie A,MF,24,34,1892,3,2,2.8,1.3,2.8,7500000.0,550,690,79.7,8583,2061,15,36,12,26,2,0,5,0.19,21.0,25,2,27,9
Davide Calabria,Milan,Serie A,DF,27,7,316,0,0,0.3,0.2,0.3,7500000.0,193,223,86.5,3258,767,1,10,8,1,0,0,0,0.14,3.5,7,2,2,0
Javi Lopez,Real Sociedad,La Liga,DF,22,29,1936,0,0,0.1,0.4,0.1,7500000.0,814,1038,78.4,13096,4784,5,40,11,21,4,0,0,0.03,21.5,23,7,5,1
Mario Lemina,Wolves,Premier League,MF,30,17,1364,1,3,1.4,1.1,1.4,7500000.0,493,613,80.4,9479,2966,10,51,27,12,4,0,4,0.17,15.2,31,4,18,5
Kevin Paredes,Wolfsburg,Bundesliga,DF,21,2,123,0,1,0.4,0.1,0.4,7500000.0,37,47,78.7,605,198,2,3,1,2,1,0,1,0.32,1.4,1,0,4,0
Clement Lenglet,Atletico Madrid,La Liga,DF,29,23,1972,2,1,2.4,1.1,2.4,7500000.0,1193,1364,87.5,23967,9766,5,27,22,24,9,0,3,0.16,21.9,17,0,10,4
Ameen Al-Dakhil,Stuttgart,Bundesliga,DF,22,7,432,0,0,0.1,0.2,0.1,7500000.0,311,339,91.7,5201,1623,2,6,9,12,0,1,0,0.05,4.8,6,0,1,0
Akor Adams,Sevilla,La Liga,FW,24,4,134,0,0,0.4,0.0,0.4,7500000.0,20,27,74.1,334,48,0,0,0,1,0,0,0,0.29,1.5,0,0,2,1
Pablo Torre,Barcelona,La Liga,MF,21,10,310,3,1,0.4,0.8,0.4,7500000.0,180,220,81.8,2702,678,8,5,3,0,0,0,4,0.33,3.4,4,1,6,4
Djibril Sow,Sevilla,La Liga,MF,27,30,2062,2,1,2.4,1.6,2.4,7500000.0,883,994,88.8,14168,3459,21,25,28,18,5,0,3,0.18,22.9,14,1,22,6
Gerard Martin,Barcelona,La Liga,DF,22,28,1038,1,3,0.5,1.1,0.5,7500000.0,656,789,83.1,9965,2760,12,22,13,16,2,0,4,0.14,11.5,10,4,7,2
Jon Pacheco,Real Sociedad,La Liga,DF,23,14,854,0,0,0.1,0.1,0.1,7500000.0,411,494,83.2,7915,2381,1,15,9,8,3,0,0,0.02,9.5,9,0,1,0
Hugo Alvarez,Celta Vigo,La Liga,MF,21,26,1572,4,3,2.5,1.1,2.5,7500000.0,799,1013,78.9,12210,3255,17,26,8,19,6,0,7,0.21,17.5,9,3,25,9
Yeray Alvarez,Athletic Club,La Liga,DF,29,21,1781,1,0,0.5,0.2,0.5,7500000.0,994,1182,84.1,20211,7016,4,25,34,10,4,0,1,0.04,19.8,13,2,9,2
Enzo Barrenechea,Valencia,La Liga,MF,23,30,2191,1,2,1.3,0.9,1.3,7500000.0,1170,1352,86.5,20141,5421,15,57,28,30,6,0,3,0.09,24.3,30,0,16,3
Donny van de Beek,Girona,La Liga,MF,27,26,1421,2,2,1.5,3.2,1.5,7500000.0,365,447,81.7,5265,1056,18,29,10,19,5,0,4,0.3,15.8,18,0,18,5
Marvin Ducksch,Werder Bremen,Bundesliga,FW,30,32,2418,8,8,10.1,8.5,8.5,7500000.0,560,908,61.7,9835,3215,61,10,8,10,3,0,16,0.69,26.9,7,8,70,27
Vincenzo Grifo,Freiburg,Bundesliga,FW,31,34,2432,8,11,7.9,6.9,5.6,7500000.0,1173,1529,76.7,20566,5422,66,30,9,24,2,0,19,0.55,27.0,22,10,63,26
Benedict Hollerbach,Union Berlin,Bundesliga,FW,23,34,2540,9,1,7.0,1.6,7.0,7500000.0,441,674,65.4,6054,1428,26,43,2,35,3,0,10,0.31,28.2,22,3,76,24
Oscar Hojlund,Eint Frankfurt,Bundesliga,MF,19,20,722,1,0,1.0,1.1,1.0,7500000.0,359,408,88.0,5424,1631,6,21,5,15,0,0,1,0.25,8.0,12,0,6,2
Diego Coppola,Hellas Verona,Serie A,DF,20,34,2927,2,0,0.7,0.1,0.7,7500000.0,920,1135,81.1,18186,6486,3,66,72,44,10,0,2,0.02,32.5,36,0,10,4
Ridle Baku,Wolfsburg,Bundesliga,FW,26,15,1170,2,1,1.5,1.3,1.5,7000000.0,381,514,74.1,6541,1845,13,23,15,22,2,0,3,0.21,13.0,15,6,18,6
Nicolas Tagliafico,Lyon,Ligue 1,DF,31,24,1902,3,1,3.0,0.8,3.0,7000000.0,1159,1338,86.6,17462,5435,5,57,36,25,7,0,4,0.18,21.1,37,3,28,7
Maximilian Arnold,Wolfsburg,Bundesliga,MF,30,28,2356,3,5,0.9,3.5,0.9,7000000.0,1049,1358,77.2,21225,6991,45,34,24,21,7,1,8,0.17,26.2,20,8,27,12
Arthur,Leverkusen,Bundesliga,DF,21,20,752,0,1,0.1,0.4,0.1,7000000.0,306,388,78.9,4578,1255,2,14,9,8,1,0,1,0.05,8.4,11,1,1,0
Emre Can,Dortmund,Bundesliga,DF,30,31,2105,3,0,2.0,0.7,0.4,7000000.0,1705,1905,89.5,31186,10528,8,50,20,31,4,1,3,0.11,23.4,28,0,7,1
Lucas Stassin,Saint-Etienne,Ligue 1,FW,19,28,1887,12,4,7.0,3.4,7.0,7000000.0,350,473,74.0,4654,669,18,16,3,10,4,0,16,0.53,21.0,11,1,44,23
Kacper Urbanski,Monza,Serie A,MF,19,8,500,0,0,0.1,0.1,0.1,7000000.0,215,249,86.3,3905,1045,4,5,2,7,1,0,0,0.05,5.6,3,0,5,1
Lucien Agoume,Sevilla,La Liga,MF,22,35,2114,1,3,0.9,2.5,0.9,7000000.0,1007,1236,81.5,15958,5460,27,70,41,30,5,1,4,0.14,23.5,32,3,10,2
Dan Burn,Newcastle Utd,Premier League,DF,32,37,3330,1,1,2.0,0.9,2.0,7000000.0,1774,2006,88.4,32347,11375,9,39,27,36,11,0,2,0.08,37.0,24,0,23,7
Christopher Wooh,Rennes,Ligue 1,DF,22,20,1456,0,0,1.3,0.1,1.3,7000000.0,749,860,87.1,14386,5490,2,36,23,22,6,1,0,0.09,16.2,19,0,10,4
Rafa Marin,Napoli,Serie A,DF,22,4,142,0,0,0.2,0.0,0.2,7000000.0,115,118,97.5,2493,903,0,1,1,1,1,0,0,0.14,1.6,0,0,2,1
Ismail Jakobs,Monaco,Ligue 1,DF,24,2,180,0,0,0.0,0.2,0.0,7000000.0,85,105,81.0,1245,497,4,5,2,0,0,0,0,0.11,2.0,5,3,0,0
Fabian Rieder,Stuttgart,Bundesliga,MF,22,21,867,1,3,1.4,2.0,1.4,7000000.0,281,398,70.6,4721,1342,12,17,10,10,1,0,4,0.35,9.6,14,2,20,7
Leopold Querfeld,Union Berlin,Bundesliga,DF,20,27,1747,2,2,1.1,1.0,1.1,7000000.0,648,802,80.8,13517,5754,10,25,19,25,8,0,4,0.11,19.4,12,0,16,4
Nicolo Casale,Bologna,Serie A,DF,26,15,900,0,1,0.5,0.5,0.5,7000000.0,448,512,87.5,8803,3003,3,5,1,4,1,0,1,0.09,1.5,3,0,4,1
Felix Lemarechal,Strasbourg,Ligue 1,MF,20,27,1779,4,3,3.5,2.9,3.5,7000000.0,551,694,79.4,8118,1519,29,35,14,35,2,0,7,0.32,19.8,24,4,25,9
Pierre Lees-Melou,Brest,Ligue 1,MF,31,20,1526,2,2,1.3,2.8,1.3,7000000.0,902,1057,85.3,17471,5270,19,48,12,19,7,0,4,0.24,17.0,33,4,22,8
Johann Lepenant,Nantes,Ligue 1,MF,21,29,2048,2,1,1.4,0.9,1.4,7000000.0,582,725,80.3,8940,2329,8,68,18,35,3,0,3,0.1,22.8,33,1,20,5
Radoslaw Majecki,Monaco,Ligue 1,GK,24,15,1350,0,0,0.0,0.0,0.0,7000000.0,304,407,74.7,7178,5015,0,0,0,0,1,0,0,0.0,15.0,0,0,0,0
Hugo Magnetti,Brest,Ligue 1,MF,26,32,2323,1,0,0.8,0.4,0.8,7000000.0,920,1083,84.9,14889,3635,6,52,18,20,5,0,1,0.05,25.8,32,1,19,6
Sebastiaan Bornauw,Wolfsburg,Bundesliga,DF,25,15,788,2,1,1.2,0.5,1.2,7000000.0,270,330,81.8,4925,1394,1,9,12,14,2,0,3,0.2,8.8,6,0,8,3
Myron Boadu,Bochum,Bundesliga,FW,23,19,1042,9,1,7.7,1.1,6.9,7000000.0,139,195,71.3,2358,375,11,2,1,3,2,0,10,0.76,11.6,1,1,27,13
Danny Ings,West Ham,Premier League,FW,32,15,284,1,2,2.3,1.3,2.3,7000000.0,63,92,68.5,830,126,6,4,1,5,0,0,3,1.12,3.2,2,0,14,5
Ilkay Gundogan,Manchester City,Premier League,MF,33,33,2223,1,6,3.2,3.5,3.2,7000000.0,1525,1703,89.5,23600,4511,44,25,13,15,1,0,7,0.27,24.7,13,2,27,7
Keven Schlotterbeck,Augsburg,Bundesliga,DF,27,18,1297,3,1,0.8,0.6,0.8,7000000.0,577,683,84.5,11012,4463,7,19,15,13,4,1,4,0.1,14.4,17,1,12,4
Andres Garcia,Aston Villa,Premier League,DF,21,7,318,0,0,0.0,0.2,0.0,7000000.0,174,201,86.6,2725,577,3,9,2,2,0,0,0,0.06,3.5,5,5,2,0
Nicolo Cambiaghi,Bologna,Serie A,FW,23,18,620,1,3,0.8,1.9,0.8,7000000.0,177,245,72.2,2543,589,12,16,2,9,0,0,4,0.39,6.9,10,6,14,4
Pascal Gross,Dortmund,Bundesliga,MF,33,30,2327,0,9,2.4,5.1,2.4,7000000.0,1589,1970,80.7,27293,8030,57,44,9,46,5,1,9,0.29,25.9,28,15,27,7
Aljoscha Kemlein,Union Berlin,Bundesliga,MF,19,15,922,1,0,0.9,0.6,0.9,7000000.0,351,465,75.5,5960,1692,10,10,6,14,3,0,1,0.15,10.2,4,1,11,3
David Jurasek,Hoffenheim,Bundesliga,DF,23,14,619,0,1,0.1,0.9,0.1,7000000.0,307,439,69.9,5143,1776,7,6,6,5,0,0,1,0.14,6.9,3,9,5,2
Matej Kovar,Leverkusen,Bundesliga,GK,24,5,450,0,0,0.0,0.0,0.0,7000000.0,123,147,83.7,2919,1733,0,0,0,0,0,0,0,0.0,5.0,0,0,0,0
Samuel Dahl,Roma,Serie A,DF,24,2,43,0,0,0.0,0.0,0.0,7000000.0,24,28,85.7,268,95,0,2,0,2,0,0,0,0.0,0.5,2,0,0,0
Lucas Da Cunha,Como,Serie A,MF,23,36,2613,3,2,2.0,3.8,2.0,7000000.0,1439,1702,84.5,23414,6615,55,45,17,18,4,0,5,0.2,29.0,25,9,37,14
Patrick Cutrone,Como,Serie A,FW,26,33,2047,7,4,7.1,2.1,6.3,7000000.0,336,478,70.3,4423,668,19,16,5,11,1,0,11,0.41,22.7,11,2,69,26
Bryan Cristante,Roma,Serie A,MF,29,30,2045,4,2,2.1,1.4,2.1,7000000.0,1067,1296,82.3,18848,5259,18,48,19,20,8,0,6,0.15,22.7,29,0,30,7
Michael Folorunsho,Fiorentina,Serie A,FW,26,14,650,0,0,1.1,0.6,1.1,7000000.0,178,252,70.6,2796,786,3,19,4,9,5,0,0,0.23,7.2,12,2,9,3
Ivan Provedel,Lazio,Serie A,GK,30,29,2610,0,0,0.0,0.3,0.0,7000000.0,865,1118,77.4,24564,16820,3,0,1,1,0,0,0,0.01,29.0,0,0,0,0
Matteo Prati,Cagliari,Serie A,MF,20,12,570,0,0,0.1,0.7,0.1,7000000.0,180,250,72.0,3556,1034,6,10,7,5,1,0,0,0.12,6.3,4,1,4,0
Marten de Roon,Atalanta,Serie A,MF,33,36,3058,4,4,0.9,2.3,0.9,7000000.0,1950,2258,86.4,36232,11018,25,74,47,40,5,0,8,0.09,34.0,48,3,14,4
Denis Vavro,Wolfsburg,Bundesliga,DF,28,29,2461,2,0,1.4,0.2,1.4,7000000.0,1297,1493,86.9,29352,9952,7,21,37,48,4,0,2,0.06,27.3,13,0,25,6
Ruben Vargas,Augsburg,Bundesliga,MF,25,8,305,0,0,0.7,0.7,0.7,7000000.0,118,141,83.7,2132,400,6,2,2,1,3,0,0,0.4,3.4,1,1,9,1
Umut Tohumcu,Hoffenheim,Bundesliga,MF,19,12,375,0,1,0.1,0.4,0.1,7000000.0,110,133,82.7,1577,398,3,9,3,5,3,0,1,0.12,4.2,5,0,3,1
Yannik Engelhardt,Como,Serie A,MF,23,26,1164,1,1,0.6,1.5,0.6,7000000.0,622,701,88.7,9648,2399,12,30,11,13,4,0,2,0.16,12.9,12,0,8,2
Alberto Dossena,Como,Serie A,DF,25,23,1825,0,2,0.8,0.7,0.8,7000000.0,894,1020,87.6,16693,5441,5,33,22,22,1,1,2,0.07,20.3,20,0,12,3
Jacob Ondrejka,Parma,Serie A,MF,21,12,422,5,0,1.3,0.6,1.3,7000000.0,95,127,74.8,1400,463,7,12,7,2,0,0,5,0.4,4.7,6,0,14,10
Joseph Okumu,Reims,Ligue 1,DF,27,22,1695,1,0,1.0,0.1,1.0,7000000.0,883,1083,81.5,19248,8117,4,30,25,33,5,1,1,0.06,18.8,15,1,12,2
Junior Dina Ebimbe,Eint Frankfurt,Bundesliga,MF,23,7,293,0,1,0.9,0.9,0.9,7000000.0,71,112,63.4,1130,280,3,3,7,4,0,0,1,0.56,3.3,2,0,8,0
Frank Onyeka,Brentford,Premier League,MF,26,2,25,0,0,0.0,0.0,0.0,7000000.0,6,7,85.7,71,19,0,0,0,0,0,0,0,0.0,0.3,0,0,0,0
Romain Faivre,Brest,Ligue 1,MF,26,20,899,3,2,2.6,1.9,1.8,7000000.0,311,379,82.1,4587,1209,10,13,4,8,2,0,5,0.45,10.0,10,1,18,9
Vladimir Coufal,West Ham,Premier League,DF,31,22,1067,0,0,0.3,0.7,0.3,7000000.0,470,598,78.6,7419,2842,8,22,8,13,5,0,0,0.08,11.9,15,8,7,2
Casper Tengstedt,Hellas Verona,Serie A,FW,24,25,1517,6,1,5.3,0.9,4.5,7000000.0,201,298,67.4,2875,528,12,7,4,5,2,0,7,0.37,16.9,5,1,37,10
Stefan de Vrij,Inter,Serie A,DF,32,25,1636,3,0,1.1,0.0,1.1,7000000.0,1309,1403,93.3,24028,7772,1,18,22,19,2,0,3,0.06,18.2,11,0,13,3
Ramy Bensebaini,Dortmund,Bundesliga,DF,29,31,2022,1,6,1.3,3.2,1.3,7000000.0,1273,1478,86.1,21519,6758,15,51,33,42,6,0,7,0.2,22.5,25,5,20,2
Nico O'Reilly,Manchester City,Premier League,DF,19,9,528,2,0,1.3,0.4,1.3,7000000.0,305,353,86.4,4042,780,4,9,4,5,0,0,2,0.28,5.9,4,1,8,3
William Osula,Newcastle Utd,Premier League,FW,20,14,134,1,0,0.2,0.1,0.2,7000000.0,18,29,62.1,200,68,2,2,4,0,0,0,1,0.21,1.5,0,0,4,1
Mauro Arambarri,Getafe,La Liga,MF,28,35,2661,10,0,8.2,0.6,5.8,7000000.0,586,800,73.3,10098,2457,17,48,15,35,10,0,10,0.3,29.6,29,1,53,16
Baptiste Santamaria,Nice,Ligue 1,MF,29,13,927,0,0,0.9,1.0,0.9,7000000.0,389,471,82.6,6339,1799,9,20,18,14,1,0,0,0.18,10.3,10,0,16,3
Oumar Diakite,Reims,Ligue 1,FW,20,26,1628,4,1,5.5,1.1,4.7,7000000.0,291,354,82.2,4122,691,11,20,3,13,6,0,5,0.36,18.1,13,2,26,9
Luca Netz,Gladbach,Bundesliga,DF,21,24,969,0,2,0.2,1.9,0.2,7000000.0,428,528,81.1,6096,1762,16,24,10,17,2,0,2,0.2,10.8,14,7,3,0
Charlie Cresswell,Toulouse,Ligue 1,DF,21,31,2592,3,1,3.3,1.7,3.3,7000000.0,1287,1551,83.0,23854,8198,5,35,28,44,5,0,4,0.17,28.8,23,1,32,13
Max Moerstedt,Hoffenheim,Bundesliga,FW,0,12,451,0,0,0.8,0.6,0.8,7000000.0,69,103,67.0,784,204,7,5,0,4,2,0,0,0.27,5.0,5,0,12,4
Joris Chotard,Montpellier,Ligue 1,MF,22,26,1892,1,0,1.3,0.5,1.3,7000000.0,672,822,81.8,12368,3796,7,39,19,28,5,0,1,0.09,21.0,27,4,19,3
Jon Moncayola,Osasuna,La Liga,MF,26,32,2099,0,0,1.6,3.7,1.6,7000000.0,738,992,74.4,13615,4472,33,70,11,34,8,0,0,0.23,23.3,41,13,21,9
Adria Pedrosa,Sevilla,La Liga,DF,26,31,2298,1,1,0.9,1.6,0.9,7000000.0,886,1196,74.1,15011,5325,20,56,24,43,7,0,2,0.1,25.5,32,10,24,7
Mitchel Bakker,Atalanta,Serie A,MF,24,1,22,0,0,0.0,0.0,0.0,7000000.0,7,9,77.8,109,22,0,1,0,0,0,0,0,0.0,0.2,0,0,0,0
Justin Njinmah,Werder Bremen,Bundesliga,FW,23,26,952,3,2,3.7,1.6,3.7,7000000.0,150,243,61.7,2157,521,12,6,3,5,1,0,5,0.49,10.6,2,3,31,8
Jeremy Sarmiento,Brighton,Premier League,MF,22,1,9,0,0,0.0,0.0,0.0,7000000.0,6,6,100.0,74,1,0,0,0,0,0,0,0,0.0,0.1,0,0,0,0
Pablo Sarabia,Wolves,Premier League,MF,32,23,814,3,2,2.9,1.8,2.9,7000000.0,308,445,69.2,5160,1909,15,16,4,10,3,0,5,0.51,9.0,8,3,17,8
Joel Veltman,Brighton,Premier League,DF,32,21,1697,0,0,0.5,0.5,0.5,7000000.0,745,929,80.2,12563,3243,6,43,19,22,5,0,0,0.05,18.9,29,5,6,1
Matz Sels,Nott'ham Forest,Premier League,GK,32,38,3420,0,0,0.0,0.4,0.0,7000000.0,519,998,52.0,19289,16407,2,1,0,0,4,0,0,0.01,38.0,1,0,0,0
Harrison Reed,Fulham,Premier League,MF,29,12,108,0,0,0.2,0.1,0.2,7000000.0,39,55,70.9,550,138,1,6,1,1,2,0,0,0.27,1.2,3,0,3,2
Himad Abdelli,Angers,Ligue 1,MF,24,32,2842,6,1,6.4,3.2,3.2,7000000.0,1373,1672,82.1,21646,6031,39,48,26,24,4,0,7,0.3,31.6,32,3,35,8
Sergio Akieme,Reims,Ligue 1,DF,26,30,2523,2,3,1.5,2.5,1.5,7000000.0,929,1147,81.0,13641,4062,21,34,17,26,5,0,5,0.14,28.0,23,12,26,7
Alexander Prass,Hoffenheim,Bundesliga,DF,23,23,1566,0,1,0.9,2.8,0.9,6500000.0,704,969,72.7,11665,4086,18,42,9,33,1,0,1,0.21,17.4,23,11,12,1
Mattia Viti,Empoli,Serie A,DF,22,30,2572,1,0,0.8,0.2,0.8,6500000.0,933,1163,80.2,17070,5753,5,65,48,41,3,0,1,0.03,28.6,45,0,11,2
Kristijan Jakic,Augsburg,Bundesliga,MF,27,31,2306,0,1,0.8,1.2,0.8,6500000.0,900,1085,82.9,15354,4552,16,46,28,42,2,0,1,0.08,25.6,23,0,18,4
Remo Freuler,Bologna,Serie A,MF,32,37,3204,1,2,1.3,1.5,1.3,6500000.0,1704,1944,87.7,28701,7341,36,79,38,38,6,0,3,0.08,35.6,40,4,17,4
Gianluca Busio,Venezia,Serie A,MF,22,33,2518,2,0,2.4,1.6,2.4,6500000.0,696,917,75.9,10896,2655,28,46,19,36,4,0,2,0.14,28.0,31,4,36,7
Aaron Martin,Genoa,Serie A,DF,27,36,3085,0,8,0.9,5.5,0.9,6500000.0,1221,1685,72.5,23065,8738,65,71,19,33,5,0,8,0.19,34.3,47,21,16,4
Gaetano Oristanio,Venezia,Serie A,FW,21,37,2315,3,3,4.1,2.6,4.1,6500000.0,307,443,69.3,4984,1398,33,17,6,16,3,0,6,0.26,25.7,13,8,44,12
Jacob Bruun Larsen,Stuttgart,Bundesliga,MF,25,15,414,1,0,0.6,1.2,0.6,6000000.0,115,163,70.6,1895,554,11,1,1,7,1,0,1,0.39,4.4,1,6,6,3
Saidou Sow,Strasbourg,Ligue 1,DF,22,12,1018,0,1,0.3,0.2,0.3,6000000.0,332,399,83.2,6320,2485,2,17,13,19,2,0,1,0.04,11.3,11,0,5,2
Riccardo Sottil,Milan,Serie A,FW,25,6,123,0,0,0.2,0.3,0.2,6000000.0,41,55,74.5,638,143,3,1,0,0,0,0,0,0.36,1.4,1,2,2,0
Alassane Plea,Gladbach,Bundesliga,MF,31,30,1902,11,4,7.4,3.1,6.6,6000000.0,573,795,72.1,9118,3029,25,7,2,11,3,0,15,0.5,21.1,3,8,41,12
Alessandro Zanoli,Genoa,Serie A,FW,23,31,1711,1,0,0.4,1.6,0.4,6000000.0,339,507,66.9,5557,1725,19,29,12,20,3,0,1,0.11,19.0,20,13,11,3
Davide Zappacosta,Atalanta,Serie A,DF,32,30,2067,4,2,2.2,2.1,2.2,6000000.0,986,1192,82.7,15489,4983,23,26,11,28,3,0,6,0.19,23.0,16,23,39,12
Junior Adamu,Freiburg,Bundesliga,FW,23,25,1545,2,2,5.5,2.4,5.5,6000000.0,198,312,63.5,2376,316,17,9,12,14,5,1,4,0.46,17.2,3,0,36,11
Felix Agu,Werder Bremen,Bundesliga,DF,24,22,1751,3,0,1.4,1.8,1.4,6000000.0,655,822,79.7,10350,3456,20,30,21,27,1,0,3,0.17,19.5,14,12,9,4
Tanner Tessmann,Lyon,Ligue 1,MF,22,25,1234,1,0,1.0,0.6,1.0,6000000.0,685,766,89.4,11703,2664,7,25,19,13,3,0,1,0.11,13.7,15,0,18,10
Gaetan Perrin,Auxerre,Ligue 1,MF,28,34,2691,10,11,6.1,7.8,6.1,6000000.0,728,1031,70.6,13238,4768,73,49,12,10,2,0,21,0.47,29.9,26,7,59,26
Arnaud Nordin,Montpellier,Ligue 1,FW,26,16,1166,4,1,4.1,0.9,2.5,6000000.0,232,332,69.9,3260,583,15,24,5,12,2,0,5,0.39,13.0,15,6,26,11
Junior Mwanga,Strasbourg,Ligue 1,MF,21,8,296,0,0,0.0,0.0,0.0,6000000.0,133,147,90.5,2097,556,1,17,2,2,0,0,0,0.01,3.3,9,0,0,0
Derrick Kohn,Werder Bremen,Bundesliga,DF,25,27,1343,2,2,0.7,1.6,0.7,6000000.0,581,733,79.3,8631,2102,16,20,10,21,2,0,4,0.16,14.9,10,6,13,4
Jakub Kaminski,Wolfsburg,Bundesliga,DF,22,22,1130,0,2,0.9,3.3,0.9,6000000.0,328,466,70.4,5109,1624,24,17,13,17,2,0,2,0.34,12.6,8,4,15,3
Issa Kabore,Werder Bremen,Bundesliga,DF,23,9,308,0,0,0.7,0.8,0.7,6000000.0,142,180,78.9,2066,736,7,8,2,8,0,0,0,0.45,3.4,4,3,7,0
Luca Jaquez,Stuttgart,Bundesliga,DF,21,5,253,0,0,0.2,0.0,0.2,6000000.0,194,212,91.5,3215,1007,0,3,3,2,0,0,0,0.08,2.8,0,0,1,0
Moritz Jenz,Mainz 05,Bundesliga,DF,25,19,1600,0,0,1.6,0.3,1.6,6000000.0,712,845,84.3,12788,4551,3,36,30,23,4,0,0,0.1,17.8,20,0,10,4
Andreas Hanche-Olsen,Mainz 05,Bundesliga,DF,27,22,1284,1,1,0.8,0.3,0.8,6000000.0,530,642,82.6,9209,3287,3,21,12,25,4,1,2,0.08,14.3,13,0,12,2
Kilian Fischer,Wolfsburg,Bundesliga,DF,23,32,2297,1,0,0.3,0.5,0.3,6000000.0,976,1241,78.6,17089,5575,12,64,19,41,7,0,1,0.03,25.5,44,3,6,1
Mostafa Mohamed,Nantes,Ligue 1,FW,26,30,1252,5,0,5.5,0.4,5.5,6000000.0,160,247,64.8,2461,647,6,18,10,10,3,0,5,0.43,13.9,9,0,43,16
Christian Eriksen,Manchester Utd,Premier League,MF,32,23,1061,1,2,1.4,3.2,0.6,6000000.0,590,749,78.8,9936,3131,31,19,7,15,4,0,3,0.39,11.8,9,6,14,1
Michael Keane,Everton,Premier League,DF,31,14,1049,3,0,0.6,0.1,0.6,6000000.0,312,377,82.8,7049,2396,2,12,16,14,5,0,3,0.06,11.7,9,0,10,4
Arijanet Muric,Ipswich Town,Premier League,GK,25,18,1620,0,0,0.0,0.0,0.0,6000000.0,454,633,71.7,11705,8247,0,0,0,0,1,0,0,0.0,18.0,0,0,0,0
Tyrone Mings,Aston Villa,Premier League,DF,31,14,1120,0,0,0.8,0.2,0.8,6000000.0,596,676,88.2,10642,3364,3,7,7,13,1,0,0,0.08,12.4,6,0,9,1
Mark McKenzie,Toulouse,Ligue 1,DF,25,30,2496,1,1,1.4,0.5,1.4,6000000.0,1167,1356,86.1,21104,8135,4,52,22,31,1,1,2,0.07,27.7,31,0,8,2
Sekou Mara,Strasbourg,Ligue 1,FW,22,25,768,1,1,2.0,1.0,2.0,6000000.0,128,185,69.2,1759,307,5,9,3,11,2,0,2,0.35,8.5,6,0,19,5
Gaetan Laborde,Nice,Ligue 1,FW,30,28,1829,11,4,11.7,3.5,8.6,6000000.0,346,497,69.6,4628,917,27,19,6,16,1,0,15,0.75,20.3,13,2,70,20
Sael Kumbedi,Lyon,Ligue 1,DF,19,14,951,0,0,0.3,0.3,0.3,6000000.0,436,509,85.7,6027,1630,5,28,8,11,2,0,0,0.06,10.6,14,2,4,2
Angelo Fulgini,Lens,Ligue 1,MF,27,23,1045,1,1,2.4,3.8,2.4,6000000.0,509,652,78.1,7393,1993,28,14,2,11,3,0,2,0.53,11.6,10,8,26,9
Yahia Fofana,Angers,Ligue 1,GK,23,33,2970,0,0,0.0,0.1,0.0,6000000.0,697,1014,68.7,20260,14214,1,0,1,0,4,0,0,0.0,33.0,0,0,0,0
Luiz Felipe,Marseille,Ligue 1,DF,27,4,122,0,0,0.0,0.0,0.0,6000000.0,58,66,87.9,915,310,0,4,3,3,1,0,0,0.0,1.4,3,0,0,0
Noahkai Banks,Augsburg,Bundesliga,DF,17,8,278,0,0,0.1,0.0,0.1,6000000.0,156,168,92.9,2911,843,0,11,5,4,2,0,0,0.02,3.1,5,0,1,0
Jonathan Clauss,Nice,Ligue 1,DF,31,28,2303,3,8,2.2,7.7,2.2,6000000.0,1006,1399,71.9,16414,6656,55,52,48,25,7,0,11,0.39,25.6,35,14,26,8
Brendan Chardonnet,Brest,Ligue 1,DF,29,27,2416,1,0,0.8,1.2,0.8,6000000.0,993,1210,82.1,20771,7790,8,45,29,45,6,0,1,0.07,26.8,33,1,14,1
Benjamin Andre,Lille,Ligue 1,MF,33,30,2692,0,3,1.4,1.9,1.4,6000000.0,1586,1911,83.0,26597,7159,21,103,48,42,12,0,3,0.11,29.9,57,3,16,4
Mohamed Bamba,Reims,Ligue 1,MF,19,2,10,0,0,0.0,0.0,0.0,6000000.0,16,19,84.2,336,82,0,0,0,2,0,0,0,0.0,0.1,0,0,0,0
Martin Valjent,Mallorca,La Liga,DF,28,31,2763,3,0,0.8,0.1,0.8,6000000.0,1195,1391,85.9,22418,8493,4,30,18,32,4,0,3,0.03,30.7,21,0,12,5
Luke Thomas,Leicester City,Premier League,DF,23,14,1110,0,0,0.4,0.5,0.4,6000000.0,493,629,78.4,8065,2702,9,31,21,15,3,0,0,0.07,12.3,25,2,5,0
Kyle Walker,Manchester City,Premier League,DF,34,15,970,0,0,0.1,0.4,0.1,6000000.0,724,826,87.7,11928,3918,7,17,3,13,3,0,0,0.05,10.8,10,4,5,2
Boubacar Traore,Wolves,Premier League,MF,22,1,1,0,0,0.0,0.0,0.0,6000000.0,0,0,0.0,0,0,0,2,0,0,0,0,0,0.0,0.0,0,0,0,0
Cesar Tarrega,Valencia,La Liga,DF,22,34,3026,2,0,1.9,0.1,1.9,6000000.0,1428,1692,84.4,27168,9416,3,49,22,41,7,0,2,0.06,33.6,37,0,20,6
Rui Silva,Betis,La Liga,GK,30,15,1350,0,0,0.0,0.1,0.0,6000000.0,412,524,78.6,10283,6196,2,0,0,1,1,0,0,0.01,15.0,0,0,0,0
Manu Sanchez,Alaves,La Liga,DF,23,33,2634,1,0,1.7,1.2,1.7,6000000.0,807,1117,72.2,12801,4914,16,83,30,51,6,1,1,0.1,29.3,56,13,12,2
Carl Starfelt,Celta Vigo,La Liga,DF,29,28,2270,1,0,0.5,0.2,0.5,6000000.0,1539,1643,93.7,27778,9742,6,40,31,29,5,0,1,0.03,25.2,20,0,5,1
Antonio Sivera,Alaves,La Liga,GK,27,32,2810,0,0,0.0,0.1,0.0,6000000.0,521,967,53.9,22083,19812,1,2,0,1,6,1,0,0.0,31.2,1,0,0,0
Abel Ruiz,Girona,La Liga,FW,24,23,1346,4,0,4.6,0.5,3.0,6000000.0,239,272,87.9,3608,480,8,6,5,7,3,0,4,0.34,15.0,2,0,21,7
James Rodriguez,Rayo Vallecano,La Liga,MF,33,6,140,0,0,0.3,0.2,0.3,6000000.0,78,98,79.6,1368,440,2,3,1,2,1,0,0,0.29,1.6,2,0,4,2
Lameck Banda,Lecce,Serie A,FW,23,15,610,0,1,1.2,1.1,1.2,6000000.0,125,162,77.2,1873,408,11,8,2,7,1,0,1,0.34,6.8,5,6,17,4
Nicolas Pepe,Villarreal,La Liga,FW,29,28,1500,3,6,3.8,4.8,3.8,6000000.0,499,631,79.1,6872,1622,33,22,5,12,3,0,9,0.52,16.7,9,3,38,17
Thomas Muller,Bayern Munich,Bundesliga,MF,34,30,1225,1,4,3.8,2.9,3.8,6000000.0,473,631,75.0,6759,1456,35,8,2,10,3,0,5,0.49,13.6,5,12,30,11
Igor Matanovic,Eint Frankfurt,Bundesliga,FW,21,16,312,1,0,1.1,0.0,1.1,6000000.0,57,75,76.0,837,209,1,2,1,3,0,0,1,0.34,3.5,0,0,12,4
Tajon Buchanan,Inter,Serie A,DF,25,6,95,0,0,0.0,0.1,0.0,6000000.0,40,48,83.3,509,151,1,3,0,0,0,0,0,0.13,1.1,0,0,0,0
Diego Llorente,Betis,La Liga,DF,30,30,2519,2,0,1.5,0.3,1.5,6000000.0,1383,1595,86.7,27425,8921,6,36,43,29,4,0,2,0.06,28.0,20,0,11,4
Marash Kumbulla,Espanyol,La Liga,DF,24,35,2972,3,0,1.8,0.0,1.8,6000000.0,1189,1407,84.5,23425,8594,1,51,34,48,9,0,3,0.06,33.0,26,2,16,5
Alex Kral,Espanyol,La Liga,MF,26,37,2714,0,1,1.5,1.5,1.5,6000000.0,602,837,71.9,10136,2618,12,55,28,34,1,0,1,0.1,30.2,37,4,21,2
Isco,Betis,La Liga,MF,32,22,1547,9,8,8.6,4.4,3.9,6000000.0,957,1173,81.6,16027,4614,61,20,11,10,5,0,17,0.76,17.2,13,5,38,9
Unai Gomez,Athletic Club,La Liga,MF,21,32,1284,1,3,1.9,0.8,1.9,6000000.0,223,305,73.1,3424,683,10,12,2,13,1,0,4,0.19,14.3,8,0,19,4
Dominik Greif,Mallorca,La Liga,GK,27,31,2790,0,0,0.0,0.0,0.0,6000000.0,735,1047,70.2,22443,17751,0,0,0,0,1,0,0,0.0,31.0,0,0,0,0
Pablo Fornals,Betis,La Liga,MF,28,26,1827,2,0,1.8,3.3,1.8,6000000.0,887,1109,80.0,14428,4985,36,21,23,24,2,0,2,0.25,20.3,13,8,23,4
Chidera Ejuke,Sevilla,La Liga,FW,26,25,966,2,1,1.1,1.9,1.1,6000000.0,363,445,81.6,5949,1122,21,19,5,12,0,0,3,0.28,10.7,13,5,20,8
Florinel Coman,Cagliari,Serie A,FW,26,9,263,1,0,0.2,0.0,0.2,6000000.0,67,82,81.7,941,247,1,5,1,2,2,0,1,0.08,2.9,3,0,4,1
Lorenzo Colombo,Empoli,Serie A,FW,22,37,2233,6,2,5.9,2.9,5.1,6000000.0,343,508,67.5,5088,1106,21,31,2,33,5,1,8,0.35,24.8,14,2,55,18
Thierry Correia,Valencia,La Liga,DF,25,11,768,0,0,0.3,0.3,0.3,6000000.0,330,441,74.8,5750,2179,5,27,4,10,1,0,0,0.08,8.5,18,3,7,3
Fran Beltran,Celta Vigo,La Liga,MF,25,34,2421,2,1,1.0,1.8,1.0,6000000.0,1313,1482,88.6,23296,6476,15,50,26,26,3,0,3,0.1,26.9,35,1,23,4
Augusto Batalla,Rayo Vallecano,La Liga,GK,28,32,2880,0,0,0.0,0.0,0.0,6000000.0,784,1177,66.6,23121,17259,1,4,0,0,6,0,0,0.0,32.0,2,0,0,0
Ardian Ismajli,Empoli,Serie A,DF,27,29,2508,0,0,0.3,0.0,0.3,6000000.0,872,1005,86.8,17912,6132,2,30,56,35,3,0,0,0.01,27.9,23,0,5,0
Christian Kouame,Fiorentina,Serie A,FW,26,18,622,0,1,1.1,1.5,1.1,6000000.0,137,197,69.5,2017,386,9,5,0,4,1,0,1,0.37,6.9,4,1,11,1
Joe Aribo,Southampton,Premier League,MF,28,32,2013,3,0,2.7,1.6,2.7,6000000.0,929,1046,88.8,13689,2630,16,47,20,28,1,0,3,0.19,22.4,33,1,17,7
Giovanni Leoni,Parma,Serie A,DF,17,17,1199,1,0,0.1,0.0,0.1,6000000.0,562,641,87.7,10423,3033,1,14,15,20,3,1,1,0.01,13.3,6,0,2,1
Thomas Kristensen,Udinese,Serie A,DF,22,24,1754,1,0,0.9,0.3,0.9,6000000.0,757,947,79.9,14606,5161,4,31,21,18,5,0,1,0.06,19.5,21,2,4,1
Dan-Axel Zagadou,Stuttgart,Bundesliga,DF,25,2,29,0,0,0.0,0.0,0.0,6000000.0,9,9,100.0,153,22,0,0,1,0,1,0,0,0.0,0.3,0,0,0,0
Simone Pafundi,Udinese,Serie A,MF,18,9,116,0,0,0.1,0.7,0.1,6000000.0,57,77,74.0,1004,168,3,3,0,0,0,0,0,0.57,1.3,3,0,2,1
Martin Payero,Udinese,Serie A,MF,25,25,1381,1,1,1.2,1.3,1.2,6000000.0,353,454,77.8,6081,1375,15,24,13,16,5,0,2,0.16,15.3,16,6,31,5
Nelson Weiper,Mainz 05,Bundesliga,FW,19,23,704,3,2,4.1,1.9,4.1,6000000.0,116,173,67.1,1561,339,10,5,2,5,2,0,5,0.77,7.8,4,0,22,12
Julian Weigl,Gladbach,Bundesliga,MF,28,33,2881,0,2,0.7,1.1,0.7,6000000.0,1557,1763,88.3,28131,8594,11,53,48,54,8,0,2,0.06,32.0,25,1,19,6
Ibrahima Sissoko,Bochum,Bundesliga,MF,26,32,2610,2,1,1.7,1.6,1.7,6000000.0,804,1072,75.0,13473,4262,27,66,36,39,11,1,3,0.11,29.0,44,5,25,8
Borna Sosa,Torino,Serie A,DF,26,19,1181,0,0,0.3,0.7,0.3,6000000.0,546,686,79.6,9165,2699,11,26,14,13,0,0,0,0.07,13.1,19,12,4,1
Jorge Cuenca,Fulham,Premier League,DF,24,8,351,0,0,0.0,0.0,0.0,6000000.0,145,173,83.8,2483,858,0,6,2,4,0,0,0,0.01,3.9,2,0,1,0
Finn Dahmen,Augsburg,Bundesliga,GK,26,19,1710,0,0,0.0,0.0,0.0,6000000.0,528,761,69.4,15853,11241,0,1,0,0,0,0,0,0.0,19.0,0,0,0,0
Tomas Suslov,Hellas Verona,Serie A,MF,22,31,2080,0,1,1.6,1.9,1.6,6000000.0,387,529,73.2,7405,2018,27,54,18,30,7,1,1,0.15,23.1,38,2,32,7
Ibrahim Sulemana,Atalanta,Serie A,MF,21,9,283,2,0,0.6,0.0,0.6,6000000.0,159,180,88.3,2852,722,1,9,0,2,1,0,2,0.19,3.1,4,0,5,2
Gabriel Strefezza,Como,Serie A,FW,27,37,2619,6,4,3.7,3.9,3.7,6000000.0,875,1158,75.6,13294,3416,57,57,13,24,5,0,10,0.26,29.1,39,9,58,21
Filip Stankovic,Venezia,Serie A,GK,22,16,1367,0,0,0.0,0.0,0.0,6000000.0,372,513,72.5,9405,6649,0,0,0,0,1,0,0,0.0,15.2,0,0,0,0
Bernardo,Bochum,Bundesliga,DF,29,21,1782,0,0,0.7,0.7,0.7,5500000.0,730,991,73.7,15635,7118,4,46,26,38,5,0,0,0.07,19.8,28,1,8,2
Marvin Pieringer,Heidenheim,Bundesliga,FW,24,31,2206,7,4,8.9,4.0,6.6,5500000.0,363,552,65.8,4923,1299,30,23,8,21,7,0,11,0.53,24.5,13,1,57,17
Daniel Svensson,Dortmund,Bundesliga,DF,22,12,781,1,3,0.8,1.2,0.8,5500000.0,394,497,79.3,6346,2266,10,15,5,10,0,0,4,0.22,8.7,11,4,6,2
Cedric Zesiger,Augsburg,Bundesliga,DF,26,15,1221,0,2,1.2,1.3,1.2,5500000.0,455,579,78.6,8607,3229,7,13,3,6,7,1,2,0.18,13.6,8,4,10,2
Zito Luvumbo,Cagliari,Serie A,FW,22,26,1606,2,2,2.1,3.1,2.1,5500000.0,181,302,59.9,2768,863,17,10,4,5,2,0,4,0.29,17.8,6,8,23,4
Lennard Maloney,Mainz 05,Bundesliga,MF,24,5,26,0,0,0.0,0.0,0.0,5000000.0,8,14,57.1,115,58,0,2,0,2,1,0,0,0.0,0.3,1,0,0,0
Salih Ozcan,Wolfsburg,Bundesliga,MF,26,11,353,0,0,0.1,0.8,0.1,5000000.0,164,216,75.9,2596,801,5,2,7,5,0,0,0,0.23,4.3,2,0,2,0
Moritz Nicolas,Gladbach,Bundesliga,GK,26,19,1639,0,0,0.0,0.0,0.0,5000000.0,669,794,84.3,16861,11154,0,0,1,1,0,0,0,0.0,18.2,0,0,0,0
Niels Nkounkou,Eint Frankfurt,Bundesliga,DF,23,12,382,0,0,0.2,1.3,0.2,5000000.0,162,235,68.9,2745,1036,9,13,7,5,1,0,0,0.35,4.2,10,2,4,0
Tim Oermann,Bochum,Bundesliga,DF,20,29,2213,0,2,0.2,0.6,0.2,5000000.0,771,936,82.4,14338,4177,7,50,22,32,0,0,2,0.03,24.6,31,3,9,0
Sebastian Walukiewicz,Empoli,Serie A,DF,24,2,180,0,0,0.0,0.1,0.0,5000000.0,48,62,77.4,874,473,1,1,1,3,0,0,0,0.04,2.0,0,0,0,0
Mario Gotze,Eint Frankfurt,Bundesliga,MF,32,24,1542,3,2,2.9,3.1,2.9,5000000.0,656,846,77.5,9147,2783,34,41,7,15,1,0,5,0.35,17.1,28,1,8,5
Ramon Hendriks,Stuttgart,Bundesliga,DF,23,25,1154,0,1,0.6,1.0,0.6,5000000.0,576,688,83.7,9614,3599,6,20,19,15,3,0,1,0.12,12.8,9,2,5,1
Mert Komur,Augsburg,Bundesliga,MF,19,20,654,2,1,1.1,1.5,1.1,5000000.0,159,221,71.9,2402,734,13,3,3,9,1,0,3,0.36,7.3,2,1,13,7
Adrien Thomasson,Lens,Ligue 1,MF,30,33,2615,3,7,5.9,6.0,5.9,5000000.0,1318,1612,81.8,20594,5103,56,90,19,48,7,0,10,0.41,29.1,47,7,41,11
Jordan Veretout,Lyon,Ligue 1,MF,31,27,1553,2,0,1.9,0.6,1.9,5000000.0,792,944,83.9,13258,3471,13,30,5,17,3,0,2,0.14,17.3,14,0,21,9
Malang Sarr,Lens,Ligue 1,DF,25,21,1385,0,0,0.3,0.3,0.3,5000000.0,854,955,89.4,17516,5632,5,21,22,18,0,0,0,0.04,15.4,13,0,6,1
Martin Satriano,Lens,Ligue 1,FW,23,7,88,0,0,0.4,0.1,0.4,5000000.0,18,30,60.0,218,72,2,3,0,0,0,0,0,0.5,1.0,1,0,5,0
Morgan Sanson,Nice,Ligue 1,MF,29,6,235,3,0,1.5,0.1,1.5,5000000.0,83,106,78.3,1450,365,1,6,4,3,0,0,3,0.6,2.6,3,1,9,4
Becir Omeragic,Montpellier,Ligue 1,DF,22,22,1799,0,0,0.3,0.1,0.3,5000000.0,832,903,92.1,14911,4349,3,32,13,32,1,0,0,0.02,20.0,16,2,7,3
Rasmus Nicolaisen,Toulouse,Ligue 1,DF,27,7,623,0,1,0.4,0.2,0.4,5000000.0,339,385,88.1,6199,2362,2,6,10,10,0,0,1,0.1,6.9,3,0,5,0
Bilal Nadir,Marseille,Ligue 1,MF,20,15,383,1,0,0.6,0.4,0.6,5000000.0,220,252,87.3,3076,571,7,10,4,6,2,0,1,0.24,4.3,3,0,8,3
Bamo Meite,Marseille,Ligue 1,DF,22,3,26,0,0,0.0,0.0,0.0,5000000.0,26,28,92.9,333,121,0,0,0,0,0,0,0,0.0,4.7,0,0,0,0
Mergim Berisha,Augsburg,Bundesliga,FW,26,2,40,0,0,0.2,0.0,0.2,5000000.0,6,9,66.7,54,2,0,1,0,2,1,0,0,0.39,3.7,0,0,3,1
George Hirst,Ipswich Town,Premier League,FW,25,26,661,3,1,2.1,0.3,2.1,5000000.0,69,122,56.6,785,188,4,3,2,1,3,0,4,0.34,7.3,3,0,14,7
Mason Holgate,Everton,Premier League,FW,27,1,6,0,0,0.0,0.0,0.0,5000000.0,2,2,100.0,55,0,0,0,0,0,0,0,0,0.0,0.1,0,0,0,0
Vitezslav Jaros,Liverpool,Premier League,GK,23,1,12,0,0,0.0,0.0,0.0,5000000.0,6,8,75.0,302,273,0,0,0,0,0,0,0,0.0,0.1,0,0,0,0
Raul Jimenez,Fulham,Premier League,FW,33,38,2494,12,3,12.0,3.3,9.6,5000000.0,458,643,71.2,6916,1618,24,35,10,21,4,0,15,0.55,27.7,24,3,93,30
Pedro Lima,Wolves,Premier League,DF,18,3,70,0,0,0.1,0.1,0.1,5000000.0,28,38,73.7,457,188,2,1,2,0,0,0,0,0.16,0.8,0,2,1,1
Ethan Mbappe,Lille,Ligue 1,MF,17,10,222,0,0,1.1,1.5,1.1,5000000.0,105,139,75.5,1752,478,6,6,1,6,3,0,0,1.05,2.5,2,3,11,4
Han-Noah Massengo,Auxerre,Ligue 1,MF,23,17,1046,0,0,0.4,0.4,0.4,5000000.0,375,443,84.7,5808,1487,3,17,17,12,5,0,0,0.07,11.6,11,2,6,3
Eliot Matazo,Monaco,Ligue 1,MF,22,3,68,0,0,0.0,0.1,0.0,5000000.0,35,41,85.4,533,168,1,3,1,0,0,0,0,0.08,0.8,2,0,0,0
Milos Lukovic,Strasbourg,Ligue 1,FW,18,2,12,0,0,0.0,0.0,0.0,5000000.0,2,3,66.7,43,0,0,0,0,0,0,0,0,0.0,0.1,0,0,0,0
Glen Kamara,Rennes,Ligue 1,MF,28,13,662,0,1,0.2,0.2,0.2,5000000.0,372,412,90.3,5500,1464,5,23,7,7,0,0,1,0.05,7.4,11,0,1,0
Jeremy Le Douaron,Brest,Ligue 1,FW,26,2,102,0,0,0.2,0.0,0.2,5000000.0,11,14,78.6,181,36,0,1,0,1,0,0,0,0.14,1.1,0,0,2,1
Esteban Lepaul,Angers,Ligue 1,FW,24,28,1629,9,0,5.1,0.8,5.1,5000000.0,241,359,67.1,3512,623,7,11,4,15,2,0,9,0.33,18.1,6,2,41,17
Daler Kuzyaev,Le Havre,Ligue 1,MF,31,12,567,1,0,0.2,0.6,0.2,5000000.0,211,260,81.2,3222,949,2,13,9,7,1,0,1,0.12,6.3,8,0,4,3
Yassine Kechta,Le Havre,Ligue 1,MF,22,31,2096,2,0,2.5,1.2,2.5,5000000.0,599,756,79.2,10281,3000,15,60,26,25,4,0,2,0.16,23.3,36,5,29,9
Jeremy Jacquet,Rennes,Ligue 1,DF,19,11,927,0,1,0.8,0.8,0.8,5000000.0,424,508,83.5,8419,3020,4,26,27,9,0,0,1,0.16,10.3,17,0,8,3
Kamory Doumbia,Brest,Ligue 1,MF,21,30,1322,3,2,2.7,1.2,2.7,5000000.0,561,697,80.5,9267,2216,26,41,28,17,1,0,5,0.27,14.7,29,1,22,10
Sinaly Diomande,Auxerre,Ligue 1,DF,23,23,1945,3,2,1.1,0.6,1.1,5000000.0,813,961,84.6,15073,6116,4,39,30,37,6,0,5,0.08,21.6,19,0,9,4
Yussuf Poulsen,RB Leipzig,Bundesliga,FW,30,22,378,2,0,3.3,0.6,3.3,5000000.0,84,141,59.6,952,285,7,10,0,7,1,0,2,0.93,4.2,5,0,15,8
Andre Silva,Werder Bremen,Bundesliga,FW,28,7,375,1,0,2.6,0.4,1.0,5000000.0,82,116,70.7,1137,188,5,2,0,3,1,0,1,0.71,1.5,2,1,12,5
Andras Schafer,Union Berlin,Bundesliga,MF,25,26,1534,1,1,0.6,0.9,0.6,5000000.0,414,563,73.5,5736,1421,10,52,22,33,3,0,2,0.09,17.0,26,2,12,1
Mehdi Taremi,Inter,Serie A,FW,32,25,807,1,2,3.5,1.6,2.7,5000000.0,185,231,80.1,2442,471,15,7,0,11,1,0,3,0.56,9.0,1,0,13,5
Florian Thauvin,Udinese,Serie A,FW,31,25,1956,8,3,8.1,3.8,5.7,5000000.0,544,819,66.4,9660,3359,39,20,7,6,0,0,11,0.55,21.7,14,20,51,23
Ricardo Pereira,Leicester City,Premier League,DF,30,10,388,0,0,0.1,0.0,0.1,5000000.0,207,248,83.5,3368,956,0,13,4,8,1,0,0,0.02,4.3,8,0,2,1
Michy Batshuayi,Eint Frankfurt,Bundesliga,FW,30,10,300,3,0,1.2,0.0,1.2,5000000.0,53,66,80.3,747,198,1,1,1,2,2,0,3,0.38,3.3,1,0,5,3
Suat Serdar,Hellas Verona,Serie A,MF,27,22,1376,2,1,1.9,1.0,1.9,5000000.0,357,477,74.8,5878,1693,10,35,8,19,4,1,3,0.19,15.3,22,1,30,8
Stephan El Shaarawy,Roma,Serie A,DF,31,31,1098,3,4,2.7,1.2,2.7,5000000.0,399,504,79.2,5710,1604,15,16,10,4,2,0,7,0.32,12.2,12,3,28,12
Simon Sohm,Parma,Serie A,MF,23,37,2989,4,0,3.1,2.1,3.1,5000000.0,1050,1233,85.2,16773,4583,20,28,26,11,6,0,4,0.16,33.2,17,3,34,13
Mohamed Daramy,Reims,Ligue 1,FW,22,2,16,0,0,0.0,0.1,0.0,5000000.0,4,4,100.0,40,16,1,0,0,0,0,0,0,0.51,0.2,0,0,1,0
Derek Cornelius,Marseille,Ligue 1,DF,26,21,1420,0,0,0.9,0.1,0.9,5000000.0,1267,1357,93.4,20539,6734,4,24,14,16,9,2,0,0.06,15.8,17,0,9,1
Cristian Casseres Jr.,Toulouse,Ligue 1,MF,24,32,2696,1,3,1.0,2.6,1.0,5000000.0,1120,1421,78.8,19695,5429,27,96,42,35,11,0,4,0.12,30.0,61,7,17,5
Pedro Chirivella,Nantes,Ligue 1,MF,27,30,2348,0,2,0.5,1.8,0.5,5000000.0,1336,1570,85.1,24242,7844,19,44,19,25,6,0,2,0.09,26.1,29,4,8,2
Djaoui Cisse,Rennes,Ligue 1,MF,20,14,1121,1,0,0.4,0.2,0.4,5000000.0,547,625,87.5,10406,2824,6,33,13,29,4,0,1,0.05,12.5,18,0,15,7
Aurelio Buta,Reims,Ligue 1,DF,27,27,1970,0,1,0.3,0.8,0.3,5000000.0,819,991,82.6,12195,4195,10,37,22,19,5,0,1,0.05,21.9,24,4,8,1
Badredine Bouanani,Nice,Ligue 1,MF,19,26,1099,3,3,2.7,2.4,1.9,5000000.0,330,430,76.7,4881,1113,20,11,11,16,2,0,6,0.42,12.2,4,2,30,14
Noah Weisshaupt,St. Pauli,Bundesliga,FW,22,19,1160,1,0,2.1,1.8,2.1,5000000.0,226,363,62.3,3943,1254,18,6,2,7,0,0,1,0.3,0.9,4,11,18,4
Yorbe Vertessen,Union Berlin,Bundesliga,MF,23,17,718,1,0,1.3,1.6,1.3,5000000.0,133,201,66.2,1979,567,15,6,3,6,2,0,1,0.36,8.0,3,2,27,5
Phillip Tietz,Augsburg,Bundesliga,FW,27,34,1686,7,2,6.1,1.2,5.3,5000000.0,300,481,62.4,4032,671,22,11,5,10,4,0,9,0.39,18.7,6,1,51,19
Philipp Treu,St. Pauli,Bundesliga,MF,23,33,2881,0,2,1.2,2.5,1.2,5000000.0,1225,1532,80.0,18854,5713,22,61,19,52,2,0,2,0.12,32.0,42,8,19,4
Eric Smith,St. Pauli,Bundesliga,DF,27,32,2827,1,1,1.4,1.5,1.4,5000000.0,1355,1677,80.8,26591,9803,28,46,37,37,7,0,2,0.09,31.4,29,4,24,9
Benjamin Bouchouari,Saint-Etienne,Ligue 1,MF,22,25,1772,1,0,0.6,0.9,0.6,5000000.0,902,1040,86.7,12685,4370,16,33,17,21,6,0,1,0.08,19.7,27,1,16,3
Niklas Stark,Werder Bremen,Bundesliga,DF,29,26,2106,0,1,1.1,0.1,1.1,5000000.0,1098,1283,85.6,21262,7753,1,33,36,41,6,1,1,0.05,23.4,21,0,12,3
Leonidas Stergiou,Stuttgart,Bundesliga,DF,22,12,852,1,2,1.1,0.9,1.1,5000000.0,440,534,82.4,6941,2177,4,24,14,16,0,1,3,0.21,9.5,13,0,3,1
Jeremy Agbonifo,Lens,Ligue 1,FW,18,8,300,1,0,0.7,0.2,0.7,5000000.0,58,80,72.5,743,182,3,7,1,2,1,0,1,0.26,3.3,6,2,6,4
Naouirou Ahamada,Rennes,Ligue 1,MF,22,3,58,0,0,0.0,0.0,0.0,5000000.0,17,22,77.3,266,33,0,0,2,0,0,0,0,0.03,0.6,0,0,1,0
Mitchell Weiser,Werder Bremen,Bundesliga,DF,30,32,2868,5,9,5.4,4.7,5.4,5000000.0,1151,1558,73.9,17209,6937,42,61,22,33,9,1,14,0.32,31.9,40,12,43,15
Pau Victor,Barcelona,La Liga,FW,22,21,319,2,1,3.0,0.9,3.0,5000000.0,98,121,81.0,1416,221,8,3,2,6,2,0,3,1.09,3.5,1,0,14,8
Jeffrey Schlupp,Crystal Palace,Premier League,MF,31,12,103,0,0,0.2,0.2,0.2,5000000.0,39,50,78.0,591,144,3,2,0,6,0,0,0,0.28,1.1,0,0,4,2
Tomas Palacios,Inter,Serie A,DF,21,2,11,0,0,0.0,0.0,0.0,5000000.0,15,15,100.0,243,75,0,0,1,0,0,0,0,0.0,0.1,0,0,0,0
Leandro Paredes,Roma,Serie A,MF,30,22,1373,3,1,2.3,1.5,0.7,5000000.0,1105,1256,88.0,21192,6511,21,26,19,14,4,0,4,0.25,15.3,14,3,24,7
Fabiano Parisi,Fiorentina,Serie A,DF,23,25,1049,2,0,0.5,0.8,0.5,5000000.0,383,476,80.5,6092,1888,4,27,17,14,3,0,2,0.1,11.7,17,3,8,4
Kieran Trippier,Newcastle Utd,Premier League,DF,33,25,1309,0,3,0.1,1.4,0.1,5000000.0,1036,1256,82.5,17676,6130,22,38,12,11,1,0,3,0.1,14.5,21,2,4,0
Axel Tuanzebe,Ipswich Town,Premier League,DF,26,22,1710,0,1,0.2,0.3,0.2,5000000.0,682,814,83.8,10396,4020,5,31,23,21,5,1,1,0.03,19.0,19,1,4,0
Williot Swedberg,Celta Vigo,La Liga,FW,20,32,1348,4,5,5.2,2.6,5.2,5000000.0,266,363,73.3,3749,737,16,23,3,12,1,0,9,0.52,15.0,16,1,32,15
Hugo Sotelo,Celta Vigo,La Liga,MF,20,24,1254,0,0,0.2,1.7,0.2,5000000.0,873,1018,85.8,16257,4277,19,28,5,9,5,0,0,0.13,13.9,17,3,4,0
Umar Sadiq,Real Sociedad,La Liga,FW,27,7,227,0,0,0.2,0.2,0.2,5000000.0,25,48,52.1,349,77,1,2,1,3,1,0,0,0.15,9.2,1,0,5,0
Maroan Sannadi,Athletic Club,La Liga,FW,23,16,754,1,1,3.5,0.6,3.5,5000000.0,115,159,72.3,1558,325,7,5,1,1,0,0,2,0.48,8.4,0,0,19,7
Danny Welbeck,Brighton,Premier League,FW,33,30,2115,10,4,9.6,1.4,8.8,5000000.0,417,491,84.9,4936,1008,23,26,5,19,5,0,14,0.46,23.5,16,0,59,23
Luka Romero,Alaves,La Liga,FW,19,6,199,0,0,0.8,0.2,0.0,5000000.0,34,49,69.4,515,110,4,4,1,2,0,0,0,0.45,2.2,4,1,1,0
Emil Audero,Como,Serie A,GK,27,8,720,0,0,0.0,0.0,0.0,5000000.0,209,253,82.6,4830,3117,0,0,0,0,0,0,0,0.0,8.0,0,0,0,0
Arnaut Danjuma,Girona,La Liga,FW,27,25,1335,2,0,3.6,1.7,3.6,5000000.0,318,438,72.6,5448,1472,22,8,2,5,2,0,2,0.35,14.8,6,8,30,14
Edoardo Bove,Fiorentina,Serie A,MF,22,11,836,1,2,0.6,1.5,0.6,5000000.0,282,344,82.0,4672,1058,11,24,6,12,3,0,3,0.22,9.3,17,0,7,2
Jordan Zemura,Udinese,Serie A,DF,24,23,1415,1,2,1.0,1.0,1.0,5000000.0,475,621,76.5,7519,2859,11,31,16,17,2,0,3,0.13,15.7,14,9,14,3
Mahmoud Dahoud,Eint Frankfurt,Bundesliga,MF,28,9,364,1,1,0.5,0.7,0.5,5000000.0,191,225,84.9,2869,939,8,9,2,5,2,0,2,0.31,4.0,4,0,7,2
Nikola Moro,Bologna,Serie A,MF,26,22,1208,0,2,0.5,0.8,0.5,5000000.0,646,805,80.2,12659,3406,20,35,13,18,1,0,2,0.1,13.4,27,2,14,2
Dany Mota,Monza,Serie A,FW,26,31,2104,5,2,5.1,1.8,5.1,5000000.0,412,569,72.4,6464,1039,22,13,9,18,3,0,7,0.29,23.4,3,6,42,11
Cher Ndour,Fiorentina,Serie A,MF,20,9,406,0,0,0.1,0.0,0.1,5000000.0,184,227,81.1,2792,521,1,4,2,5,1,0,0,0.04,4.5,1,3,4,0
Romain Perraud,Betis,La Liga,DF,26,28,2002,2,2,0.6,1.6,0.6,5000000.0,921,1157,79.6,12710,4374,16,36,22,18,8,1,4,0.1,22.2,22,11,20,5
Christos Mandas,Lazio,Serie A,GK,22,9,810,0,0,0.0,0.0,0.0,5000000.0,240,335,71.6,6911,4716,0,0,0,0,0,0,0,0.0,9.0,0,0,0,0
Luca Marianucci,Empoli,Serie A,DF,20,18,1069,0,0,0.6,0.2,0.6,5000000.0,354,461,76.8,7473,3116,3,28,19,16,0,1,0,0.07,11.9,12,1,8,2
Abdul Mumin,Rayo Vallecano,La Liga,DF,26,24,2017,2,1,0.6,0.2,0.6,5000000.0,900,1085,82.9,17231,7016,1,37,23,40,6,1,3,0.03,22.4,25,0,10,3
Aihen Munoz,Real Sociedad,La Liga,DF,26,21,1098,0,0,0.2,0.3,0.2,5000000.0,448,631,71.0,7078,2813,3,24,14,11,5,0,0,0.04,12.2,12,2,6,0
Toby Collyer,Manchester Utd,Premier League,MF,20,6,179,0,0,0.2,0.3,0.2,5000000.0,76,92,82.6,1127,121,2,12,2,2,0,0,0,0.22,2.0,9,0,1,0
Luka Modric,Real Madrid,La Liga,MF,38,35,1827,2,6,1.6,7.0,1.6,5000000.0,1724,1969,87.6,29739,9647,66,31,27,17,7,0,8,0.42,20.3,20,2,22,6
Gerard Moreno,Villarreal,La Liga,FW,32,17,721,3,2,4.2,3.6,1.8,5000000.0,235,305,77.0,4192,1161,17,7,2,0,0,0,5,0.98,8.0,4,2,23,9
Raul Moro,Valladolid,La Liga,MF,21,33,2341,4,5,4.1,5.7,4.1,5000000.0,517,797,64.9,10214,3063,44,22,10,8,2,0,9,0.38,26.0,13,22,46,16
Hamza Choudhury,Leicester City,Premier League,MF,26,4,131,0,0,0.0,0.4,0.0,5000000.0,72,84,85.7,991,249,2,1,5,4,0,0,0,0.27,1.5,1,1,0,0
Lamare Bogarde,Aston Villa,Premier League,DF,20,8,476,0,0,0.0,0.1,0.0,5000000.0,240,272,88.2,3682,1154,2,14,1,5,2,0,0,0.03,5.3,6,0,1,1
Nathan Broadhead,Ipswich Town,Premier League,MF,26,18,702,2,0,1.7,0.7,1.7,5000000.0,178,228,78.1,2473,457,7,9,4,8,1,0,2,0.31,7.8,4,0,13,8
Inigo Martinez,Barcelona,La Liga,DF,33,28,2490,0,4,0.5,2.6,0.5,5000000.0,2217,2435,91.0,41890,14576,16,25,18,18,5,0,4,0.11,27.7,14,1,13,2
Scott McKenna,Las Palmas,La Liga,DF,27,29,2466,0,0,1.1,0.7,1.1,5000000.0,1276,1471,86.7,23646,7874,4,21,9,36,5,1,0,0.07,27.4,13,0,10,0
Arthur Melo,Girona,La Liga,MF,27,15,941,0,0,0.2,0.2,0.2,5000000.0,668,723,92.4,12132,2545,5,25,8,5,2,0,0,0.04,10.5,11,1,6,1
Pablo Maffeo,Mallorca,La Liga,DF,27,30,2368,0,2,0.3,4.1,0.3,5000000.0,736,1039,70.8,12522,5186,29,60,25,32,7,0,2,0.17,26.3,40,25,7,1
Mathias Lovik,Parma,Serie A,DF,20,6,92,0,0,0.1,0.1,0.1,5000000.0,40,54,74.1,663,123,1,1,2,1,0,0,0,0.18,1.0,0,0,1,0
Alessandro Bianco,Monza,Serie A,MF,21,34,2600,1,0,1.3,1.2,1.3,5000000.0,1314,1525,86.2,25818,6439,18,51,22,40,9,0,1,0.09,28.9,28,3,26,6
Zeki Celik,Roma,Serie A,DF,27,31,2256,0,2,0.6,1.6,0.6,5000000.0,1121,1364,82.2,18553,6491,19,62,15,28,5,0,2,0.09,25.1,37,9,13,4
Jeff Ekhator,Genoa,Serie A,FW,17,24,769,1,1,1.3,1.0,1.3,5000000.0,110,165,66.7,1427,387,11,7,2,10,1,0,2,0.27,8.5,4,0,10,3
Martin Erlic,Bologna,Serie A,DF,26,8,334,0,0,0.2,0.0,0.2,5000000.0,220,240,91.7,4604,1389,0,2,2,5,0,0,0,0.06,3.7,0,0,6,0
Alieu Fadera,Como,Serie A,FW,22,28,1644,1,3,1.7,4.0,1.7,5000000.0,441,591,74.6,6233,1638,23,64,12,18,2,1,4,0.31,18.3,47,5,28,9
Ante Budimir,Osasuna,La Liga,FW,33,38,2952,21,4,18.3,1.7,12.3,5000000.0,239,426,56.1,3022,503,16,20,2,19,4,0,25,0.61,32.8,9,0,91,29
David de Gea,Fiorentina,Serie A,GK,33,34,3060,0,1,0.0,0.4,0.0,5000000.0,832,1136,73.2,25780,19540,3,1,0,0,1,0,1,0.01,34.0,0,0,0,0
Gvidas Gineitis,Torino,Serie A,MF,20,30,1430,3,1,1.3,2.0,1.3,5000000.0,399,534,74.7,6511,1895,21,25,18,16,5,0,4,0.21,15.9,15,2,29,8
Jay Idzes,Venezia,Serie A,DF,24,35,3127,1,0,1.8,0.7,1.8,5000000.0,1457,1694,86.0,26675,9202,8,45,32,52,5,0,1,0.07,34.7,29,1,15,3
Matteo Cancellieri,Parma,Serie A,FW,22,27,1424,3,0,2.7,0.7,2.7,5000000.0,211,313,67.4,2943,842,11,26,13,15,2,1,3,0.21,15.8,16,5,22,7
Thomas Lemar,Atletico Madrid,La Liga,MF,28,5,85,0,0,0.3,0.2,0.3,5000000.0,57,68,83.8,893,323,2,2,0,0,0,0,0,0.5,0.9,1,0,2,1
Andoni Gorosabel,Athletic Club,La Liga,DF,27,20,1485,0,2,0.3,1.8,0.3,5000000.0,736,884,83.3,11163,3242,15,47,18,18,5,0,2,0.13,16.5,28,10,2,1
Hugo Guillamon,Valencia,La Liga,MF,24,12,364,0,0,0.1,0.0,0.1,5000000.0,154,188,81.9,2607,748,2,11,5,4,2,0,0,0.03,4.0,8,1,2,1
Ansu Fati,Barcelona,La Liga,FW,21,6,233,0,0,1.0,0.2,1.0,5000000.0,104,125,83.2,1100,142,4,4,1,1,1,0,0,0.44,2.6,1,0,12,5
Marc Bernal,Barcelona,La Liga,MF,17,3,242,0,0,0.1,0.0,0.1,5000000.0,148,160,92.5,2634,623,1,8,1,5,2,0,0,0.03,2.7,6,0,2,1
Nadir Zortea,Cagliari,Serie A,DF,25,35,2713,6,2,3.1,2.4,3.1,4500000.0,557,827,67.4,9098,3140,28,30,19,11,2,0,8,0.18,30.1,14,21,33,10
Brenner,Udinese,Serie A,MF,24,9,386,1,2,0.6,0.5,0.6,4500000.0,87,114,76.3,1480,357,5,6,1,4,0,0,3,0.26,4.3,4,1,7,4
Jesper Karlsson,Bologna,Serie A,FW,26,7,298,1,0,0.7,0.1,0.7,4500000.0,72,96,75.0,962,159,2,3,0,2,1,0,1,0.25,3.3,2,1,6,2
Valentino Lazaro,Torino,Serie A,DF,28,33,2307,0,6,1.0,3.3,1.0,4500000.0,880,1172,75.1,14662,4254,33,26,11,28,6,0,6,0.17,25.6,12,15,16,2
Michael Zetterer,Werder Bremen,Bundesliga,GK,29,34,3060,0,0,0.0,0.0,0.0,4500000.0,1028,1315,78.2,27181,17850,0,0,1,1,2,0,0,0.0,34.0,0,0,0,0
Chiquinho,Mallorca,La Liga,MF,24,8,146,0,0,0.3,0.0,0.3,4500000.0,22,34,64.7,299,87,2,1,2,3,2,0,0,0.21,1.6,0,0,4,2
Antonino Gallo,Lecce,Serie A,DF,24,31,2609,0,2,0.3,2.7,0.3,4500000.0,822,1241,66.2,15643,6924,44,65,20,33,3,1,2,0.1,29.0,42,22,9,3
Adrian Benedyczak,Parma,Serie A,FW,23,9,214,0,0,0.3,0.1,0.3,4500000.0,35,52,67.3,577,144,2,0,0,3,0,0,0,0.13,2.4,0,0,3,0
Yunus Emre Konak,Brentford,Premier League,FW,18,10,42,0,0,0.2,0.0,0.2,4500000.0,26,36,72.2,458,84,0,4,0,2,0,0,0,0.33,0.5,4,0,1,0
Samuel Essende,Augsburg,Bundesliga,FW,26,30,1636,7,2,4.2,1.3,4.2,4500000.0,195,301,64.8,2526,430,11,7,0,13,4,2,9,0.3,18.2,6,2,44,13
Phil Harres,Holstein Kiel,Bundesliga,FW,22,26,1544,8,1,5.9,1.3,5.9,4500000.0,150,265,56.6,2460,482,10,10,5,17,3,0,9,0.42,17.2,10,2,37,17
Nicolas Valentini,Hellas Verona,Serie A,DF,23,14,1129,0,0,0.3,0.8,0.3,4500000.0,316,468,67.5,6762,3269,6,35,15,15,5,1,0,0.09,12.5,23,0,8,0
Alex Valle,Como,Serie A,DF,20,15,1030,0,0,0.3,0.7,0.3,4500000.0,562,661,85.0,8597,3030,11,26,8,13,2,0,0,0.08,11.4,12,4,9,1
Ki-Jana Hoever,Auxerre,Ligue 1,DF,22,30,2124,1,2,0.5,2.7,0.5,4500000.0,768,1084,70.8,13172,5159,24,51,21,33,4,1,3,0.13,23.6,38,14,10,5
Jan Schoppner,Heidenheim,Bundesliga,MF,25,33,2681,4,3,3.9,3.4,3.9,4500000.0,778,1042,74.7,13993,3872,25,56,43,38,8,0,7,0.25,29.8,30,3,41,13
Grischa Promel,Hoffenheim,Bundesliga,MF,29,2,174,0,0,0.0,0.0,0.0,4500000.0,80,95,84.2,1274,250,0,0,2,1,0,0,0,0.0,1.9,0,0,0,0
Filippo Terracciano,Milan,Serie A,DF,21,13,539,0,0,0.2,0.1,0.2,4500000.0,226,257,87.9,3828,822,2,9,6,1,3,0,0,0.04,6.0,6,1,3,1
Kevin Stoger,Gladbach,Bundesliga,MF,30,31,1551,3,3,3.9,5.3,2.3,4500000.0,847,1117,75.8,14479,4517,54,37,16,24,3,0,6,0.53,17.2,21,8,24,9
Ross Stewart,Southampton,Premier League,FW,28,12,389,1,0,1.1,0.0,1.1,4500000.0,67,95,70.5,861,86,0,6,1,3,1,0,1,0.25,4.3,4,0,9,2
Alessio Zerbin,Napoli,Serie A,FW,25,2,2,0,0,0.0,0.0,0.0,4000000.0,400,612,65.4,6494,2778,24,2,0,0,0,0,0,0.0,16.9,1,10,0,0
Domagoj Bradaric,Hellas Verona,Serie A,DF,24,28,1933,1,0,0.8,2.2,0.8,4000000.0,565,780,72.4,9528,3093,25,36,15,17,6,0,1,0.14,21.5,28,10,9,4
Tom Krauss,Bochum,Bundesliga,MF,23,14,1077,0,0,0.4,0.7,0.4,4000000.0,492,615,80.0,8962,2811,12,35,11,26,2,0,0,0.09,12.0,18,0,11,2
Willy Kambwala,Villarreal,La Liga,DF,19,19,1117,0,0,0.3,0.1,0.3,4000000.0,521,594,87.7,9621,3410,1,17,10,10,1,1,0,0.04,12.4,12,0,4,1
Tomas Cvancara,Gladbach,Bundesliga,FW,23,28,831,2,0,3.8,0.9,3.8,4000000.0,171,239,71.5,2503,517,6,4,5,6,5,1,2,0.51,9.2,1,2,24,9
Arne Maier,Augsburg,Bundesliga,MF,25,28,938,0,0,1.5,1.5,1.5,4000000.0,450,588,76.5,7914,2094,25,13,6,15,0,1,0,0.29,10.4,7,3,18,6
Sergi Darder,Mallorca,La Liga,MF,30,38,2744,2,6,2.1,3.7,2.1,4000000.0,981,1302,75.3,18512,5664,54,40,16,19,4,0,8,0.19,30.5,26,15,36,9
Marin Ljubicic,Union Berlin,Bundesliga,FW,22,13,281,1,1,0.4,0.6,0.4,4000000.0,34,60,56.7,453,132,2,2,0,2,1,0,2,0.34,3.1,1,0,2,1
Youssef Maleh,Empoli,Serie A,MF,25,22,1510,0,1,0.9,0.9,0.9,4000000.0,398,560,71.1,6528,2261,12,45,16,25,5,1,1,0.1,16.8,23,2,17,3
Aritz Elustondo,Real Sociedad,La Liga,DF,30,22,1457,0,0,0.4,0.2,0.4,4000000.0,775,907,85.4,14645,4879,4,20,11,17,2,1,0,0.04,16.2,11,0,4,0
Juan Musso,Atletico Madrid,La Liga,GK,30,2,180,0,0,0.0,0.0,0.0,4000000.0,51,60,85.0,972,521,0,0,0,0,0,0,0,0.0,2.0,0,0,0,0
Ilaix Moriba,Celta Vigo,La Liga,MF,21,33,2132,1,1,1.7,1.5,1.7,4000000.0,843,984,85.7,13441,3569,20,68,14,29,9,1,2,0.14,23.7,42,2,34,11
Sergio Herrera,Osasuna,La Liga,GK,31,37,3330,0,0,0.0,0.0,0.0,4000000.0,871,1246,69.9,29072,23382,0,2,0,1,5,0,0,0.0,37.0,1,0,0,0
Gabriele Zappa,Cagliari,Serie A,DF,24,37,3060,2,0,0.9,3.6,0.9,4000000.0,1318,1723,76.5,22297,10963,28,40,23,42,4,0,2,0.13,34.0,23,15,11,5
Jorge Herrando,Osasuna,La Liga,DF,23,18,1366,1,0,1.2,0.0,1.2,4000000.0,625,732,85.4,11580,4279,0,17,12,20,3,0,1,0.08,15.2,11,0,12,3
Duvan Zapata,Torino,Serie A,FW,33,7,587,3,0,3.4,0.5,3.4,4000000.0,87,126,69.0,1223,191,9,7,2,2,1,0,3,0.59,6.5,5,1,21,8
Bobby De Cordova-Reid,Leicester City,Premier League,FW,31,23,744,1,2,0.8,1.2,0.8,4000000.0,145,206,70.4,1883,587,6,9,0,6,2,0,3,0.24,8.3,4,0,7,3
Inigo Ruiz de Galarreta,Athletic Club,La Liga,MF,30,26,1477,0,4,0.5,2.9,0.5,4000000.0,683,844,80.9,12772,3749,28,36,16,11,5,0,4,0.21,16.4,22,3,11,1
Javi Galan,Atletico Madrid,La Liga,DF,29,25,1784,0,3,0.2,3.9,0.2,4000000.0,852,1028,82.9,12612,3739,15,51,12,13,8,0,3,0.2,19.8,31,14,9,0
Jorge de Frutos,Rayo Vallecano,La Liga,FW,27,36,2495,6,3,6.3,3.4,6.3,4000000.0,455,666,68.3,6332,1601,31,37,19,22,3,1,9,0.35,27.7,21,13,52,18
Anrie Chase,Stuttgart,Bundesliga,DF,20,12,734,0,0,0.1,0.0,0.1,4000000.0,497,541,91.9,8794,2536,0,10,9,10,1,0,0,0.02,8.2,4,1,5,0
Roberto Fernandez,Espanyol,La Liga,FW,22,19,1497,6,0,3.6,0.6,3.6,4000000.0,187,259,72.2,2227,311,8,4,3,9,1,0,6,0.25,16.6,4,0,21,9
Ander Guevara,Alaves,La Liga,MF,27,33,1947,0,1,0.9,0.6,0.9,4000000.0,762,995,76.6,13455,3959,12,49,14,21,3,0,1,0.07,21.6,30,1,12,3
Manuel Neuer,Bayern Munich,Bundesliga,GK,38,22,1980,0,0,0.0,0.5,0.0,4000000.0,795,924,86.0,19865,13049,1,1,0,0,0,0,0,0.02,22.0,0,0,0,0
Danilo Cataldi,Fiorentina,Serie A,MF,29,24,1712,3,0,1.1,0.8,1.1,4000000.0,845,1000,84.5,14213,4507,15,25,22,17,1,0,3,0.1,0.0,16,3,13,5
Flavius Daniliuc,Hellas Verona,Serie A,DF,23,18,1004,0,0,0.1,0.1,0.1,4000000.0,375,449,83.5,5931,2777,2,26,7,10,0,0,0,0.02,11.2,21,1,3,1
Keinan Davis,Udinese,Serie A,FW,26,23,1066,2,1,2.9,2.1,2.9,4000000.0,208,275,75.6,3083,415,20,9,1,2,2,0,3,0.42,11.8,4,0,29,11
Matteo Darmian,Inter,Serie A,DF,34,29,1781,3,2,1.9,1.5,1.9,4000000.0,844,1007,83.8,14714,3784,15,28,10,14,3,0,5,0.18,19.8,17,7,11,3
Ondrej Duda,Hellas Verona,Serie A,MF,29,28,2395,1,3,1.0,3.2,1.0,4000000.0,943,1204,78.3,16680,5438,32,46,31,28,12,1,4,0.16,26.6,27,7,25,5
Juan Cruz,Leganes,La Liga,FW,24,34,2257,5,4,2.7,4.1,2.7,4000000.0,488,716,68.2,7691,2934,24,32,13,18,2,0,9,0.27,25.1,19,14,33,14
Michael Gregoritsch,Freiburg,Bundesliga,FW,30,20,639,2,1,1.8,0.4,1.8,4000000.0,100,158,63.3,1528,375,5,4,1,2,2,0,3,0.31,7.1,2,0,16,6
Arijon Ibrahimovic,Bayern Munich,Bundesliga,FW,18,1,1,0,0,0.0,0.0,0.0,4000000.0,3,3,100.0,45,0,0,0,0,0,0,0,0,0.0,0.0,0,0,0,0
Andrej Kramaric,Hoffenheim,Bundesliga,MF,33,32,2767,11,8,11.8,4.3,9.5,4000000.0,1021,1314,77.7,15494,4102,49,15,7,16,4,0,19,0.52,30.7,8,15,66,23
Christian Gunter,Freiburg,Bundesliga,DF,31,29,2314,2,2,0.8,2.5,0.6,4000000.0,851,1143,74.5,13929,4242,28,23,8,24,0,0,4,0.13,25.7,21,21,21,6
Morgan Guilavogui,St. Pauli,Bundesliga,FW,26,25,1807,6,2,7.1,1.9,7.1,4000000.0,362,549,65.9,4657,1289,27,32,13,28,6,0,8,0.45,20.1,17,3,41,15
Marco Grull,Werder Bremen,Bundesliga,FW,26,30,1181,6,1,4.0,1.8,4.0,4000000.0,251,327,76.8,3274,839,11,12,3,14,1,0,7,0.44,13.1,9,3,25,10
Josip Juranovic,Union Berlin,Bundesliga,DF,28,17,1159,0,1,0.3,1.8,0.3,4000000.0,379,588,64.5,7589,3252,27,21,7,13,4,0,1,0.16,12.9,13,12,6,2
Wladimiro Falcone,Lecce,Serie A,GK,29,38,3420,0,0,0.0,0.0,0.0,4000000.0,731,1200,60.9,22646,17716,0,0,0,0,2,0,0,0.0,38.0,0,0,0,0
Antoine Makoumbou,Cagliari,Serie A,MF,26,33,2150,0,3,0.3,0.9,0.3,4000000.0,1051,1183,88.8,16948,4056,8,42,17,26,4,1,3,0.05,23.9,23,3,7,0
Manuel Lazzari,Lazio,Serie A,DF,30,25,1406,0,1,0.1,1.3,0.1,4000000.0,609,770,79.1,9626,2660,20,26,10,9,3,0,1,0.09,15.6,16,14,6,2
Oladapo Afolayan,St. Pauli,Bundesliga,FW,26,32,1639,3,1,3.1,3.8,3.1,4000000.0,320,461,69.4,5556,1270,21,17,8,17,3,0,4,0.38,18.2,8,10,38,13
Robin Zentner,Mainz 05,Bundesliga,GK,29,32,2880,0,0,0.0,0.3,0.0,4000000.0,732,1164,62.9,22094,16663,3,2,0,0,3,0,0,0.01,32.0,1,0,1,0
Matias Moreno,Fiorentina,Serie A,DF,20,4,144,0,0,0.0,0.0,0.0,4000000.0,58,71,81.7,1022,367,1,8,1,5,0,0,0,0.01,1.6,8,0,0,0
Henrikh Mkhitaryan,Inter,Serie A,MF,35,31,2328,1,4,1.5,2.7,1.5,4000000.0,1326,1518,87.4,21510,5499,29,43,16,29,4,0,5,0.16,25.9,24,5,23,2
Luca Mazzitelli,Como,Serie A,MF,28,11,335,1,1,0.2,0.6,0.2,4000000.0,156,197,79.2,2770,917,6,9,3,5,1,0,2,0.21,3.7,6,0,7,3
Adam Marusic,Lazio,Serie A,DF,31,35,2337,4,0,2.0,0.6,2.0,4000000.0,1053,1240,84.9,16214,5156,13,32,16,18,1,0,4,0.1,26.0,20,9,23,10
Guillermo Maripan,Torino,Serie A,DF,30,28,2340,1,1,0.9,1.0,0.9,4000000.0,1151,1333,86.3,23605,8277,5,40,41,27,4,1,2,0.08,26.0,23,0,12,5
Ramon Terrats,Villarreal,La Liga,MF,23,11,131,0,0,0.1,0.3,0.1,4000000.0,64,79,81.0,1157,305,1,3,2,3,1,0,0,0.22,1.5,3,1,2,0
David Soria,Getafe,La Liga,GK,31,38,3420,0,0,0.0,0.0,0.0,4000000.0,513,1029,49.9,22539,20168,0,4,1,0,2,0,0,0.0,38.0,4,0,0,0
Saud Abdulhamid,Roma,Serie A,DF,25,4,205,0,1,0.0,0.2,0.0,4000000.0,118,136,86.8,1766,368,2,3,2,2,0,0,1,0.09,2.3,2,2,1,0
Daniel Jebbison,Bournemouth,Premier League,FW,20,16,119,1,0,1.0,0.2,1.0,4000000.0,33,42,78.6,361,44,3,5,1,2,1,0,1,0.9,1.3,3,0,5,2
Sorba Thomas,Nantes,Ligue 1,FW,24,25,1321,1,3,1.5,3.7,1.5,4000000.0,360,550,65.5,6320,2228,36,14,9,12,3,0,4,0.35,14.7,6,17,9,1
Teddy Teuma,Reims,Ligue 1,MF,30,17,750,1,0,1.4,1.1,0.6,4000000.0,494,624,79.2,7958,2302,13,18,12,12,1,0,1,0.3,8.3,10,4,13,2
Arnau Tenas,Paris S-G,Ligue 1,GK,23,1,90,0,1,0.0,0.2,0.0,4000000.0,31,32,96.9,757,538,2,0,0,0,0,0,1,0.21,1.0,0,0,0,0
Oussama Targhalline,Le Havre,Ligue 1,MF,22,14,990,0,0,0.1,0.7,0.1,4000000.0,348,437,79.6,5782,1714,6,19,19,14,0,0,0,0.08,11.0,14,2,5,0
Gabriel Suazo,Toulouse,Ligue 1,DF,26,30,2163,0,6,0.8,3.8,0.8,4000000.0,994,1248,79.6,15858,6514,40,59,36,27,0,0,6,0.19,24.0,39,12,7,4
Vincent Sierro,Toulouse,Ligue 1,MF,28,29,2402,5,1,4.2,3.6,2.7,4000000.0,1076,1372,78.4,19073,5824,30,44,16,34,4,0,6,0.29,26.7,27,1,30,7
Ibrahim Salah,Brest,Ligue 1,FW,22,12,358,1,1,0.6,0.6,0.6,4000000.0,88,129,68.2,1255,239,6,4,2,2,0,0,2,0.29,4.0,2,2,13,4
Christopher Operi,Le Havre,Ligue 1,DF,27,13,1169,0,2,0.3,2.2,0.3,4000000.0,533,747,71.4,9424,3412,24,13,14,20,2,1,2,0.19,13.0,9,13,7,1
Warmed Omari,Lyon,Ligue 1,DF,24,1,8,0,0,0.0,0.0,0.0,4000000.0,6,6,100.0,145,40,0,0,0,0,0,0,0,0.0,0.1,0,0,0,0
Kazeem Olaigbe,Rennes,Ligue 1,MF,21,10,299,0,2,0.3,1.9,0.3,4000000.0,124,141,87.9,1749,319,15,6,0,3,0,0,2,0.67,3.3,4,2,6,2
Farid El Melali,Angers,Ligue 1,FW,27,32,1893,2,3,3.6,3.1,3.6,4000000.0,372,532,69.9,5612,1779,25,28,16,19,1,0,5,0.32,21.0,16,2,46,14
Pol Lirola,Marseille,Ligue 1,DF,26,19,680,1,2,0.6,0.7,0.6,4000000.0,330,397,83.1,4737,940,8,13,4,7,1,1,3,0.17,7.6,9,1,6,1
Clinton Mata,Lyon,Ligue 1,DF,31,29,2370,0,4,0.2,1.4,0.2,4000000.0,1448,1636,88.5,23759,8137,11,41,46,26,6,0,4,0.06,26.3,29,7,5,0
Alban Lafont,Nantes,Ligue 1,GK,25,12,1080,0,0,0.0,0.0,0.0,4000000.0,256,367,69.8,7058,5292,2,1,0,2,1,0,0,0.0,12.0,1,0,0,0
Philipp Kohn,Monaco,Ligue 1,GK,26,19,1710,0,0,0.0,0.0,0.0,4000000.0,414,546,75.8,10461,7297,0,0,0,0,1,0,0,0.0,19.0,0,0,0,0
Jean-Philippe Gbamin,Nantes,Ligue 1,MF,28,14,216,0,0,0.5,0.0,0.5,4000000.0,90,115,78.3,1338,427,0,2,3,5,1,0,0,0.22,2.4,1,0,2,0
Ulisses Garcia,Marseille,Ligue 1,DF,28,20,930,2,2,1.5,1.4,1.5,4000000.0,535,632,84.7,8376,2370,8,14,8,5,2,0,4,0.28,10.3,11,5,8,2
Jonathan Gradit,Lens,Ligue 1,DF,31,25,2112,0,0,0.8,0.7,0.8,4000000.0,1133,1332,85.1,20473,8262,11,44,25,27,4,0,0,0.06,23.5,23,2,16,4
Khalil Fayad,Montpellier,Ligue 1,MF,20,20,1028,0,0,1.3,0.3,1.3,4000000.0,426,514,82.9,7173,1757,7,31,10,18,5,0,0,0.13,11.4,16,2,17,3
Mory Gbane,Reims,Ligue 1,DF,23,13,1125,0,1,0.2,0.6,0.2,4000000.0,447,524,85.3,7917,2675,7,20,18,12,2,0,1,0.06,12.5,11,0,4,2
Aron Donnum,Toulouse,Ligue 1,DF,26,32,2689,2,2,2.1,4.6,2.1,4000000.0,880,1213,72.5,16244,5509,45,56,28,29,6,0,4,0.22,29.9,35,14,31,5
Max Rosenfelder,Freiburg,Bundesliga,DF,21,25,1249,1,0,0.4,0.7,0.4,4000000.0,576,675,85.3,9763,2723,5,27,7,17,2,0,1,0.08,13.9,17,0,5,1
Philipp Sander,Gladbach,Bundesliga,MF,26,27,1400,1,0,1.2,0.6,1.2,4000000.0,610,754,80.9,9432,2395,13,33,23,16,2,0,1,0.12,15.6,17,4,18,7
Elias Saad,St. Pauli,Bundesliga,FW,24,18,900,3,2,2.8,0.8,2.8,4000000.0,182,239,76.2,2622,585,14,20,3,14,1,0,5,0.36,10.0,13,3,26,8
Frederik Ronnow,Union Berlin,Bundesliga,GK,31,28,2520,0,0,0.1,0.0,0.1,4000000.0,619,902,68.6,18300,13570,0,0,0,0,2,0,0,0.0,28.0,0,0,1,0
Armindo Sieb,Mainz 05,Bundesliga,FW,21,27,762,2,2,2.8,1.1,2.8,4000000.0,136,195,69.7,1814,544,8,10,1,4,2,0,4,0.47,8.5,4,2,29,7
Laszlo Benes,Union Berlin,Bundesliga,MF,26,23,589,2,1,0.9,1.0,0.9,4000000.0,223,330,67.6,4034,1485,19,2,3,5,4,0,3,0.29,6.5,2,6,19,7
Gianluca Gaetano,Cagliari,Serie A,MF,24,28,1009,2,4,4.9,2.2,4.9,4000000.0,258,357,72.3,4219,1182,22,11,6,8,0,0,6,0.63,0.0,8,0,30,6
Samuel Gigot,Lazio,Serie A,DF,30,15,683,2,0,1.3,0.0,1.3,4000000.0,287,312,92.0,4838,1235,0,4,13,8,2,0,2,0.17,7.6,3,0,4,3
Daniele Ghilardi,Hellas Verona,Serie A,DF,21,24,2029,0,0,0.6,0.2,0.6,4000000.0,633,807,78.4,12335,4429,6,44,30,29,7,1,0,0.04,22.5,29,3,12,4
Yann Sommer,Inter,Serie A,GK,35,32,2880,0,0,0.0,0.0,0.0,4000000.0,1167,1332,87.6,27144,17019,0,0,0,0,0,0,0,0.0,32.0,0,0,0,0
Eldor Shomurodov,Roma,Serie A,FW,29,27,1097,4,4,4.7,1.3,4.7,4000000.0,215,286,75.2,2887,467,17,14,3,10,1,0,8,0.5,12.2,6,0,29,13
Amin Sarr,Hellas Verona,Serie A,FW,23,32,1907,4,1,3.2,2.1,3.2,4000000.0,322,460,70.0,4253,808,22,22,3,18,1,0,5,0.25,21.2,12,2,23,7
Antonio Sanabria,Torino,Serie A,FW,28,26,1318,2,1,2.9,0.5,2.1,4000000.0,210,268,78.4,2844,451,9,3,1,6,2,0,3,0.23,14.6,3,0,18,4
Juma Bah,Valladolid,La Liga,DF,18,12,864,0,0,0.3,0.0,0.3,4000000.0,330,407,81.1,6294,2123,1,10,12,15,1,0,0,0.03,9.6,7,0,3,1
Sheraldo Becker,Real Sociedad,La Liga,FW,29,22,995,2,1,2.0,2.0,2.0,4000000.0,200,313,63.9,3391,742,8,3,1,4,1,1,3,0.36,11.1,2,5,22,13
Tadeo Allende,Celta Vigo,La Liga,FW,25,1,2,0,0,0.0,0.0,0.0,4000000.0,1,3,33.3,7,1,0,0,0,0,1,0,0,0.0,0.0,0,0,0,0
Thibault De Smet,Reims,Ligue 1,DF,26,5,192,0,0,0.1,0.0,0.1,4000000.0,105,116,90.5,1934,575,0,6,4,5,0,0,0,0.07,2.1,4,0,1,0
Kevin Danois,Auxerre,Ligue 1,MF,20,22,1460,0,0,1.5,2.2,1.5,4000000.0,585,718,81.5,9757,2615,25,49,20,17,1,0,0,0.23,16.2,30,2,17,3
Emmanuel Biumla,Angers,Ligue 1,DF,19,17,1336,1,0,0.7,0.0,0.7,4000000.0,440,499,88.2,8842,2637,1,19,8,18,2,0,1,0.05,14.8,12,0,4,2
Jhoanner Chavez,Lens,Ligue 1,DF,22,10,596,1,0,0.3,0.7,0.3,4000000.0,230,308,74.7,3617,1446,9,9,6,10,1,0,1,0.15,6.6,5,5,5,3
Robert Skov,Union Berlin,Bundesliga,DF,28,15,852,2,2,1.7,2.4,0.9,4000000.0,305,463,65.9,5404,2361,19,15,8,8,1,0,4,0.43,9.5,11,5,16,5
Omar Traore,Heidenheim,Bundesliga,DF,26,30,2616,0,1,0.5,1.6,0.5,4000000.0,989,1399,70.7,17339,7260,20,50,21,35,7,0,1,0.07,29.1,26,14,16,3
Lucas Tousart,Union Berlin,Bundesliga,MF,27,15,561,0,1,0.4,0.5,0.4,4000000.0,108,162,66.7,1573,561,3,17,7,11,2,0,1,0.14,6.2,9,0,9,5
Damian Pizarro,Udinese,Serie A,FW,19,2,16,0,0,0.0,0.0,0.0,4000000.0,2,3,66.7,25,0,0,0,0,0,0,0,0,0.0,0.2,0,0,0,0
Santiago Pierotti,Lecce,Serie A,FW,23,36,1937,4,2,3.1,2.4,3.1,4000000.0,311,436,71.3,4334,1135,25,46,14,31,6,1,6,0.25,21.5,24,3,32,7
Carlos Vinicius,Fulham,Premier League,MF,29,3,16,0,0,0.0,0.0,0.0,4000000.0,1,3,33.3,14,0,0,0,0,1,0,0,0,0.21,0.2,0,0,1,1
Harry Toffolo,Nott'ham Forest,Premier League,DF,28,4,137,0,0,0.0,0.0,0.0,4000000.0,47,67,70.1,653,304,0,5,2,2,1,0,0,0.01,1.5,3,0,1,0
Patric,Lazio,Serie A,DF,31,10,607,1,0,1.1,0.0,1.1,4000000.0,356,403,88.3,7390,2194,1,9,3,3,2,0,1,0.16,6.7,6,1,2,1
Oliver Scarles,West Ham,Premier League,DF,18,15,665,0,0,0.1,0.1,0.1,4000000.0,293,372,78.8,4388,1151,2,21,11,14,1,0,0,0.03,7.4,11,1,3,0
Ludovic Ajorque,Brest,Ligue 1,FW,30,31,2495,13,2,10.4,3.1,9.6,4000000.0,462,671,68.9,6965,969,35,26,6,20,5,0,15,0.49,27.7,19,1,53,25
Ruben Aguilar,Lens,Ligue 1,DF,31,16,1124,1,2,0.8,1.9,0.8,4000000.0,677,843,80.3,9523,4115,11,34,13,25,4,0,3,0.21,12.5,18,6,11,3
Adryelson,Lyon,Ligue 1,DF,26,1,1,0,0,0.0,0.0,0.0,4000000.0,1,3,33.3,21,19,0,0,1,0,1,0,0,0.0,0.0,0,0,0,0
Pol Lozano,Espanyol,La Liga,MF,24,30,1943,0,1,0.2,0.8,0.2,4000000.0,694,828,83.8,12350,4139,17,53,22,32,12,0,1,0.05,21.6,34,4,8,2
Federico Baschirotto,Lecce,Serie A,DF,27,38,3420,2,0,1.2,0.2,1.2,3800000.0,1409,1635,86.2,28512,9707,4,37,23,44,3,0,2,0.04,38.0,25,0,22,8
Niklas Dorsch,Augsburg,Bundesliga,MF,26,1,32,0,0,0.0,0.0,0.0,3500000.0,573,687,83.4,10988,3060,13,27,17,14,0,0,0,0.0,0.4,16,8,0,0
Jordan Ayew,Leicester City,Premier League,FW,32,30,1638,5,0,3.2,1.1,2.4,3500000.0,401,540,74.3,5942,1216,16,27,12,21,5,0,5,0.24,0.2,15,7,31,8
Pablo Mari,Monza,Serie A,DF,30,19,1628,0,0,0.2,0.1,0.2,3500000.0,997,1112,89.7,19296,6940,3,26,37,24,4,1,0,0.01,18.1,15,0,2,0
Ruslan Malinovskyi,Genoa,Serie A,MF,31,9,383,0,2,0.2,1.5,0.2,3500000.0,164,201,81.6,2906,846,8,12,1,2,2,0,2,0.41,4.3,8,0,9,3
Saul Niguez,Sevilla,La Liga,MF,29,24,1553,1,6,2.8,2.5,2.8,3500000.0,516,659,78.3,8573,2296,22,47,22,25,8,1,7,0.31,17.3,32,2,42,9
Paulo Gazzaniga,Girona,La Liga,GK,32,36,3195,0,0,0.0,0.0,0.0,3500000.0,969,1211,80.0,23463,15697,0,1,0,1,4,0,0,0.0,35.5,1,0,0,0
Nemanja Gudelj,Sevilla,La Liga,MF,32,31,2493,1,1,1.6,0.6,0.8,3500000.0,1192,1371,86.9,20321,6020,14,42,27,27,6,0,2,0.08,27.7,24,0,22,5
Pablo Duran,Celta Vigo,La Liga,FW,23,27,1394,4,4,3.6,2.8,3.6,3500000.0,284,400,71.0,4181,735,17,17,8,12,3,0,8,0.42,15.5,9,3,26,9
Florian Neuhaus,Gladbach,Bundesliga,MF,27,18,382,0,1,0.6,0.3,0.6,3500000.0,194,233,83.3,3468,1108,6,10,6,9,1,0,1,0.22,4.2,3,3,9,3
Gaetano Castrovilli,Monza,Serie A,MF,27,12,596,0,0,0.3,0.4,0.3,3500000.0,188,238,79.0,2902,828,7,12,2,8,0,0,0,0.11,1.6,7,0,6,0
Kevin Zeroli,Milan,Serie A,MF,19,1,12,0,0,0.0,0.0,0.0,3500000.0,9,9,100.0,133,28,0,1,0,0,0,0,0,0.0,0.1,1,0,0,0
Nahuel Estevez,Parma,Serie A,MF,28,14,657,0,0,0.1,0.8,0.1,3500000.0,237,313,75.7,4221,1345,6,16,3,9,3,0,0,0.12,7.3,6,0,5,1
Pep Chavarria,Rayo Vallecano,La Liga,DF,26,34,2585,0,1,1.2,1.9,1.2,3500000.0,1244,1561,79.7,19853,6873,24,46,30,35,3,0,1,0.11,28.7,36,10,11,3
Sergio Camello,Rayo Vallecano,La Liga,FW,23,23,1134,3,2,4.1,2.0,4.1,3500000.0,207,263,78.7,2869,452,19,9,4,8,2,0,5,0.48,12.6,3,0,32,9
Dominik Kohr,Mainz 05,Bundesliga,DF,30,28,2295,2,0,1.6,0.6,1.6,3500000.0,1109,1368,81.1,20892,7386,11,62,42,43,11,1,2,0.08,25.5,46,3,13,5
Marvin Friedrich,Gladbach,Bundesliga,DF,28,22,989,0,1,0.4,0.6,0.4,3500000.0,624,706,88.4,10906,3760,3,15,5,16,0,0,1,0.1,11.0,9,0,7,2
Robin Hranac,Hoffenheim,Bundesliga,DF,24,4,219,0,0,0.0,0.0,0.0,3500000.0,127,147,86.4,2387,731,0,0,5,3,0,0,0,0.0,2.4,0,0,0,0
Yannik Keitel,Stuttgart,Bundesliga,MF,24,11,270,0,0,0.5,0.0,0.5,3500000.0,156,190,82.1,2404,735,1,9,4,5,1,0,0,0.19,3.0,6,0,5,2
Lucas Holer,Freiburg,Bundesliga,FW,30,31,1867,6,4,7.7,2.9,6.9,3500000.0,390,595,65.5,4821,957,22,37,7,29,3,0,10,0.51,20.7,24,1,34,17
Fredrik Jensen,Augsburg,Bundesliga,MF,26,20,763,0,0,0.7,0.7,0.7,3500000.0,157,226,69.5,2651,686,11,7,4,10,0,0,0,0.16,8.5,7,3,11,0
Sebastiano Luperto,Cagliari,Serie A,DF,27,36,3240,1,3,2.2,1.3,2.2,3500000.0,1315,1568,83.9,24675,8234,8,48,33,30,4,0,4,0.1,36.0,27,1,21,5
Marko Arnautovic,Inter,Serie A,FW,35,17,527,4,2,3.3,1.2,3.3,3500000.0,113,158,71.5,1462,257,7,7,1,3,1,0,6,0.73,5.9,5,0,13,6
Dele Alli,Como,Serie A,MF,28,1,9,0,0,0.0,0.0,0.0,3500000.0,3,3,100.0,21,4,0,0,0,0,0,1,0,0.0,0.1,0,0,0,0
Brooke Norton-Cuffy,Genoa,Serie A,DF,20,14,719,0,0,0.3,0.2,0.3,3500000.0,197,262,75.2,3037,1174,2,12,3,12,0,0,0,0.05,8.0,7,1,5,2
Patrizio Masini,Genoa,Serie A,MF,23,26,1538,1,0,0.4,0.2,0.4,3500000.0,499,649,76.9,7915,1746,6,54,15,26,3,0,1,0.04,17.1,29,3,8,1
Razvan Marin,Cagliari,Serie A,MF,28,33,1406,3,2,2.4,3.6,0.8,3500000.0,564,741,76.1,10324,3201,34,22,2,7,4,0,5,0.39,15.6,13,2,21,8
Renato Tapia,Leganes,La Liga,MF,29,34,2424,1,0,0.6,0.4,0.6,3500000.0,838,1070,78.3,14894,4774,8,61,27,58,8,0,1,0.04,26.9,35,0,14,6
Jhon Solis,Girona,La Liga,MF,19,19,535,1,0,0.7,0.1,0.7,3500000.0,264,295,89.5,4005,885,2,13,4,13,3,0,1,0.12,5.9,7,1,4,1
Welington,Southampton,Premier League,DF,23,10,482,0,0,0.0,0.1,0.0,3500000.0,145,186,78.0,2273,695,3,21,7,5,1,0,0,0.02,5.4,9,4,3,0
Oliver Abildgaard,Como,Serie A,MF,28,1,7,0,0,0.0,0.0,0.0,3500000.0,1,1,100.0,21,7,0,0,0,1,0,0,0,0.0,0.1,0,0,0,0
Remi Oudin,Lecce,Serie A,MF,27,11,299,0,0,0.1,0.6,0.1,3500000.0,96,143,67.1,1996,648,6,3,2,6,1,0,0,0.22,3.3,1,2,3,1
Aitor Ruibal,Betis,La Liga,DF,28,29,1313,1,3,0.9,2.4,0.9,3500000.0,495,612,80.9,7589,3113,20,32,14,20,5,0,4,0.23,14.6,23,6,16,4
Matus Bero,Bochum,Bundesliga,MF,28,30,2565,5,2,4.0,3.7,3.0,3500000.0,894,1317,67.9,16045,6032,54,65,17,37,11,0,7,0.27,28.5,35,4,31,12
Tyrique George,Chelsea,Premier League,FW,18,8,183,1,1,0.2,0.7,0.2,3500000.0,43,54,79.6,551,85,6,2,2,1,1,0,2,0.46,2.0,0,0,3,1
Samuele Vignato,Monza,Serie A,MF,20,17,470,0,0,0.3,0.0,0.3,3500000.0,126,167,75.4,1778,293,1,6,0,1,0,0,0,0.06,5.2,3,0,4,1
Lassine Sinayoko,Auxerre,Ligue 1,FW,24,34,2299,5,8,6.5,5.5,5.7,3500000.0,528,688,76.7,7014,1529,37,33,13,16,5,0,13,0.47,25.5,20,3,60,16
Wesley Said,Lens,Ligue 1,FW,29,24,905,3,0,3.2,1.0,3.2,3500000.0,193,248,77.8,2430,495,9,16,2,6,4,0,3,0.42,10.1,11,0,17,7
Gideon Mensah,Auxerre,Ligue 1,DF,26,29,2280,0,1,0.2,2.6,0.2,3500000.0,1056,1321,79.9,17277,6655,22,68,50,27,2,0,1,0.11,25.3,45,14,4,1
Gautier Larsonneur,Saint-Etienne,Ligue 1,GK,27,34,3060,0,0,0.0,0.0,0.0,3500000.0,782,1185,66.0,20526,15608,1,1,0,1,5,0,0,0.0,34.0,0,0,0,0
Deiver Machado,Lens,Ligue 1,DF,30,27,1805,1,4,2.3,2.1,2.3,3500000.0,763,913,83.6,10421,3399,20,36,16,20,7,2,5,0.22,20.1,26,15,23,5
Edimilson Fernandes,Brest,Ligue 1,MF,28,19,1105,0,1,0.4,0.6,0.4,3500000.0,486,572,85.0,8960,2318,8,9,20,14,1,0,1,0.08,12.3,7,0,10,2
Bamba Dieng,Angers,Ligue 1,FW,24,18,532,3,0,3.1,0.0,2.3,3500000.0,80,103,77.7,931,140,1,4,0,2,1,0,3,0.53,5.9,1,1,13,6
Elvis Rexhbecaj,Augsburg,Bundesliga,MF,26,27,1785,1,1,1.4,1.1,1.4,3500000.0,469,670,70.0,7805,2278,16,27,16,40,8,0,2,0.13,19.8,19,2,29,5
Ryan Manning,Southampton,Premier League,DF,28,24,1462,0,1,0.3,3.2,0.3,3500000.0,619,803,77.1,10360,3336,34,28,17,20,2,0,1,0.22,16.2,17,8,8,1
Adrien Tameze,Torino,Serie A,MF,30,20,649,0,0,0.4,0.8,0.4,3500000.0,259,301,86.0,4112,904,6,5,10,8,3,0,0,0.17,7.2,2,1,7,3
Leonardo Spinazzola,Napoli,Serie A,DF,31,27,1517,1,1,0.7,3.5,0.7,3500000.0,710,895,79.3,12378,3751,26,17,9,12,1,0,2,0.25,16.9,10,8,12,4
Nicolas Cozza,Nantes,Ligue 1,DF,25,27,2051,1,0,1.4,1.4,1.4,3500000.0,608,782,77.7,9858,3920,7,59,25,25,3,1,1,0.12,22.8,41,4,17,6
Josue Casimir,Le Havre,Ligue 1,FW,22,27,1997,4,4,3.3,3.4,3.3,3500000.0,410,597,68.7,6606,1453,26,37,7,19,5,0,8,0.3,22.2,26,7,27,9
Marco Bizot,Brest,Ligue 1,GK,33,32,2880,0,0,0.0,0.0,0.0,3500000.0,775,1121,69.1,24224,18621,0,2,0,0,4,0,0,0.0,32.0,1,0,0,0
Jean-Charles Castelletto,Nantes,Ligue 1,DF,29,30,2620,0,0,1.8,0.1,1.8,3500000.0,1233,1391,88.6,21696,7885,2,34,25,27,5,1,0,0.06,29.1,17,1,17,5
Hassane Kamara,Udinese,Serie A,DF,30,30,2001,1,4,0.9,2.7,0.9,3500000.0,780,1031,75.7,13889,4252,24,35,26,23,8,1,5,0.16,22.2,25,22,17,3
Jesper Karlstrom,Udinese,Serie A,MF,29,37,3186,0,3,0.7,1.1,0.7,3500000.0,1331,1600,83.2,23418,7576,21,61,35,28,9,0,3,0.05,35.4,34,4,13,2
Cyle Larin,Mallorca,La Liga,FW,29,32,1764,7,2,6.9,1.4,6.1,3500000.0,214,317,67.5,2655,399,8,12,1,12,4,0,9,0.42,19.6,6,0,38,14
Shuto Machino,Holstein Kiel,Bundesliga,FW,24,32,1953,11,2,6.5,3.0,4.9,3500000.0,454,707,64.2,8004,2740,27,8,7,12,2,0,13,0.44,21.7,5,6,49,21
Justin Diehl,Stuttgart,Bundesliga,FW,19,6,104,1,0,1.0,0.1,1.0,3500000.0,42,59,71.2,540,132,1,1,0,2,0,0,1,0.94,1.2,0,0,7,1
Joel Pohjanpalo,Venezia,Serie A,FW,29,20,1603,6,0,7.5,1.7,4.3,3500000.0,211,350,60.3,3005,737,15,3,4,7,1,0,6,0.51,17.8,3,0,34,13
Mark Travers,Bournemouth,Premier League,GK,25,5,450,0,0,0.0,0.0,0.0,3500000.0,100,142,70.4,3469,2692,0,0,0,0,0,0,0,0.0,5.0,0,0,0,0
Mateo Pellegrino,Parma,Serie A,FW,23,13,737,3,1,3.3,0.7,3.3,3500000.0,89,164,54.3,1520,423,5,3,1,6,2,0,4,0.49,8.2,2,1,22,9
Marcus Pedersen,Torino,Serie A,DF,24,29,1362,0,0,0.6,0.4,0.6,3500000.0,376,516,72.9,5860,1387,7,13,13,11,3,0,0,0.06,15.1,8,7,8,3
Jay Stansfield,Fulham,Premier League,MF,21,1,1,0,0,0.0,0.0,0.0,3500000.0,0,0,0.0,0,0,0,0,0,0,0,0,0,0.0,0.0,0,0,0,0
Lucas Vazquez,Real Madrid,La Liga,DF,33,32,2189,1,5,1.4,4.7,1.4,3500000.0,1415,1624,87.1,21508,5227,33,58,17,24,4,0,6,0.25,24.3,34,2,15,3
Oscar Valentin,Rayo Vallecano,La Liga,MF,29,34,1835,0,0,0.4,0.9,0.4,3500000.0,688,830,82.9,10843,3821,13,55,21,36,5,0,0,0.06,20.4,41,1,5,1
Lucas Torro,Osasuna,La Liga,MF,30,35,2957,3,0,2.3,1.2,2.3,3500000.0,1026,1363,75.3,17419,5017,10,74,45,36,10,0,3,0.11,32.9,41,0,31,7
Antoine Bernede,Hellas Verona,Serie A,MF,25,14,594,1,0,0.8,0.5,0.8,3500000.0,178,242,73.6,2975,1116,10,15,5,6,2,0,1,0.19,6.6,8,1,4,2
Luis Milla,Getafe,La Liga,MF,29,33,2875,1,4,1.8,3.9,1.0,3500000.0,1129,1536,73.5,20495,6152,70,61,24,25,6,0,5,0.18,31.9,40,10,31,7
Andrea Carboni,Monza,Serie A,DF,23,26,2191,0,1,0.3,0.3,0.3,3400000.0,989,1157,85.5,16502,4918,4,60,27,31,5,0,1,0.03,24.3,35,3,8,1
Rares Ilie,Nice,Ligue 1,MF,21,2,13,0,0,0.0,0.4,0.0,3200000.0,8,10,80.0,160,84,4,1,0,0,0,0,0,2.72,0.1,1,0,1,0
Gabriel Vidovic,Mainz 05,Bundesliga,MF,20,1,4,0,0,0.1,0.0,0.1,3000000.0,6,6,100.0,113,0,0,0,0,0,0,0,0,1.17,0.0,0,0,1,0
Samuele Birindelli,Monza,Serie A,DF,25,21,1468,3,0,2.1,1.4,2.1,3000000.0,470,621,75.7,7630,1959,18,22,10,15,2,0,3,0.22,16.3,15,11,16,10
Robert Wagner,St. Pauli,Bundesliga,MF,21,12,407,0,0,0.1,0.0,0.1,3000000.0,98,130,75.4,1406,458,0,8,2,8,1,0,0,0.02,4.5,3,0,2,0
Jon Guridi,Alaves,La Liga,MF,29,33,2080,3,1,4.2,1.2,3.4,3000000.0,547,737,74.2,8208,2011,17,40,14,19,6,0,4,0.23,23.1,22,3,23,11
Bojan Miovski,Girona,La Liga,FW,25,17,869,2,1,2.7,0.2,2.7,3000000.0,86,113,76.1,1260,106,4,7,2,4,0,0,3,0.3,9.7,5,1,14,4
Iker Munoz,Osasuna,La Liga,MF,21,23,610,0,1,0.5,1.0,0.5,3000000.0,239,303,78.9,4147,1069,6,5,4,9,2,0,1,0.21,6.8,2,2,11,0
Tanguy Nianzou,Sevilla,La Liga,DF,22,6,518,0,0,0.2,0.0,0.2,3000000.0,285,314,90.8,4654,1465,0,7,8,1,3,1,0,0.03,5.8,5,0,2,0
Unai Nunez,Athletic Club,La Liga,DF,27,10,645,0,0,0.2,0.1,0.2,3000000.0,283,325,87.1,6367,2366,1,10,17,4,4,0,0,0.04,7.2,5,0,1,0
Filip Marchwinski,Lecce,Serie A,MF,22,1,15,0,0,0.0,0.0,0.0,3000000.0,4,5,80.0,60,6,0,0,0,0,0,0,0,0.0,0.2,0,0,0,0
Sebastien Haller,Leganes,La Liga,FW,30,8,404,0,0,0.4,0.2,0.4,3000000.0,54,90,60.0,648,93,1,2,0,1,0,0,0,0.13,4.5,0,0,4,1
Florian Grillitsch,Valladolid,La Liga,MF,28,13,623,0,0,0.1,0.7,0.1,3000000.0,289,349,82.8,5492,1241,8,11,4,12,1,0,0,0.11,6.9,7,0,3,2
Moi Gomez,Osasuna,La Liga,MF,30,26,796,0,0,0.5,0.8,0.5,3000000.0,398,494,80.6,6612,1756,11,13,6,5,1,0,0,0.14,8.8,9,9,6,1
Stole Dimitrievski,Valencia,La Liga,GK,30,4,360,0,0,0.0,0.0,0.0,3000000.0,68,133,51.1,2105,1516,0,0,0,0,1,0,0,0.0,4.0,0,0,0,0
Lukas Nmecha,Wolfsburg,Bundesliga,FW,25,19,467,3,0,4.5,0.3,4.5,3000000.0,76,119,63.9,978,189,3,2,2,3,1,0,3,0.92,5.2,0,1,20,9
Steve Mounie,Augsburg,Bundesliga,FW,29,16,347,1,0,3.2,0.0,3.2,3000000.0,69,110,62.7,1037,191,1,4,1,1,2,0,1,0.83,3.9,4,0,22,7
Erhan Masovic,Bochum,Bundesliga,DF,25,16,910,1,1,0.6,0.9,0.6,3000000.0,349,422,82.7,7445,2958,3,14,12,17,2,0,2,0.15,10.1,10,0,7,4
Adam Aznou,Bayern Munich,Bundesliga,DF,18,2,17,0,0,0.0,0.0,0.0,3000000.0,13,17,76.5,178,44,0,0,0,0,0,0,0,0.0,0.2,0,0,0,0
Hamari Traore,Real Sociedad,La Liga,DF,32,11,700,0,1,0.0,0.2,0.0,3000000.0,381,460,82.8,6499,2206,3,19,9,6,2,0,1,0.04,7.8,12,2,1,0
Ali Abdi,Nice,Ligue 1,DF,30,25,1393,5,2,4.3,1.9,4.3,3000000.0,502,678,74.0,7914,2701,20,43,20,20,2,0,7,0.4,15.5,25,7,29,11
Jesus Vazquez,Valencia,La Liga,DF,21,19,919,0,0,0.1,0.6,0.1,3000000.0,345,447,77.2,4732,1323,3,23,10,16,3,0,0,0.08,10.2,18,2,5,1
Mikel Vesga,Athletic Club,La Liga,MF,31,25,988,0,0,1.2,1.0,0.4,3000000.0,429,539,79.6,7559,2180,12,22,15,10,1,0,0,0.2,11.0,15,0,5,2
Jack Taylor,Ipswich Town,Premier League,MF,26,32,860,1,0,0.7,0.5,0.7,3000000.0,349,421,82.9,6188,1673,5,20,9,12,4,0,1,0.13,9.6,10,1,19,4
Marco Palestra,Atalanta,Serie A,DF,19,9,222,0,0,0.0,0.2,0.0,3000000.0,85,109,78.0,1246,347,3,6,2,4,0,0,0,0.1,2.5,4,3,0,0
Mattia Perin,Juventus,Serie A,GK,31,5,450,0,0,0.0,0.0,0.0,3000000.0,145,182,79.7,3391,1965,0,0,0,0,0,0,0,0.0,5.0,0,0,0,0
Jannik Vestergaard,Leicester City,Premier League,DF,31,18,1391,0,0,0.1,0.1,0.1,3000000.0,870,959,90.7,14697,5807,3,22,16,21,5,0,0,0.01,15.5,10,0,3,2
Haris Tabakovic,Hoffenheim,Bundesliga,FW,30,22,821,3,1,3.3,1.2,3.3,3000000.0,134,213,62.9,1672,273,9,3,1,4,0,0,4,0.5,9.1,1,1,30,10
Oliver Baumann,Hoffenheim,Bundesliga,GK,34,28,2520,0,0,0.0,1.0,0.0,3000000.0,734,1062,69.1,21741,16685,3,2,0,0,1,0,0,0.03,28.0,2,0,0,0
Joel Schingtienne,Venezia,Serie A,DF,21,16,1122,0,0,0.0,0.1,0.0,3000000.0,420,487,86.2,6496,2235,3,27,14,18,2,0,0,0.01,12.5,16,0,0,0
Hector Bellerin,Betis,La Liga,DF,29,9,580,0,2,0.2,2.0,0.2,3000000.0,270,328,82.3,4167,1594,8,13,6,5,1,0,2,0.35,6.4,7,2,1,1
Remy Cabella,Lille,Ligue 1,FW,34,23,1011,1,2,4.0,2.3,4.0,3000000.0,628,762,82.4,8904,2413,26,39,8,10,1,0,3,0.55,11.2,19,8,30,7
Mathieu Cafaro,Saint-Etienne,Ligue 1,MF,27,15,732,1,0,1.5,1.3,1.5,3000000.0,172,239,72.0,2760,750,13,10,7,7,3,1,1,0.34,8.1,7,4,23,10
Augustine Boakye,Saint-Etienne,Ligue 1,FW,23,17,733,3,0,1.8,0.9,1.8,3000000.0,192,256,75.0,2549,798,13,7,6,5,5,0,3,0.34,8.1,3,0,24,9
Nikola Vasilj,St. Pauli,Bundesliga,GK,28,33,2969,0,0,0.0,0.0,0.0,3000000.0,1033,1404,73.6,26791,18507,1,0,0,0,2,1,0,0.0,33.0,0,0,0,0
Milos Veljkovic,Werder Bremen,Bundesliga,DF,28,14,1029,0,1,0.6,0.2,0.6,3000000.0,562,648,86.7,11481,3929,3,10,2,14,1,0,1,0.06,11.4,5,3,2,1
John Tolkin,Holstein Kiel,Bundesliga,DF,22,11,737,0,2,0.1,0.7,0.1,3000000.0,250,368,67.9,4390,1920,11,18,8,10,0,0,2,0.09,8.2,11,1,3,0
Kevin Trapp,Eint Frankfurt,Bundesliga,GK,34,26,2295,0,0,0.0,0.0,0.0,3000000.0,693,947,73.2,15726,11103,0,0,0,0,0,0,0,0.0,25.5,0,0,0,0
Shavy Babicka,Toulouse,Ligue 1,MF,24,30,1186,4,2,3.9,1.6,3.9,3000000.0,196,292,67.1,2616,643,13,21,3,14,2,0,6,0.42,13.2,12,5,20,9
Modibo Sagnan,Montpellier,Ligue 1,DF,25,27,2141,2,0,0.7,0.6,0.7,3000000.0,857,967,88.6,17324,5954,6,57,29,24,10,0,2,0.06,23.8,35,0,11,3
Ignatius Ganago,Nantes,Ligue 1,FW,25,11,241,0,0,0.4,0.3,0.4,3000000.0,59,77,76.6,859,169,5,1,4,3,1,0,0,0.25,2.7,1,1,7,0
Tino Kadewere,Nantes,Ligue 1,MF,28,12,512,1,2,1.7,1.0,1.7,3000000.0,130,173,75.1,1947,547,8,14,6,3,1,0,3,0.47,5.7,8,0,8,6
Cedric Kipre,Reims,Ligue 1,DF,27,28,2190,0,1,0.6,1.3,0.6,3000000.0,1148,1292,88.9,21071,7534,10,42,32,42,4,2,1,0.08,24.3,30,4,9,1
Gautier Lloris,Le Havre,Ligue 1,DF,29,31,2768,2,1,1.2,0.9,1.2,3000000.0,1317,1511,87.2,25779,9345,5,68,34,33,5,0,3,0.07,30.8,43,1,11,2
Tom Louchet,Nice,Ligue 1,DF,21,22,775,1,0,0.8,1.2,0.8,3000000.0,371,454,81.7,5712,2114,14,27,18,12,1,0,1,0.22,8.6,17,2,12,4
James Sands,St. Pauli,Bundesliga,MF,24,7,453,0,0,0.1,0.0,0.1,3000000.0,155,204,76.0,2286,644,1,15,5,5,1,0,0,0.01,5.0,6,0,1,0
Daniel Peretz,Bayern Munich,Bundesliga,GK,24,3,270,0,0,0.0,0.0,0.0,3000000.0,79,103,76.7,1811,1173,0,0,0,0,1,0,0,0.0,3.0,0,0,0,0
Amos Pieper,Werder Bremen,Bundesliga,DF,26,23,1498,0,0,0.4,0.6,0.4,3000000.0,790,932,84.8,15392,4871,4,32,24,28,3,0,0,0.06,16.6,17,1,7,1
Jean-Kevin Duverne,Nantes,Ligue 1,DF,27,9,537,0,0,0.3,0.1,0.3,3000000.0,238,304,78.3,3826,1571,1,21,8,10,2,0,0,0.06,6.0,12,2,4,0
Hans Hateboer,Rennes,Ligue 1,DF,30,26,1684,0,0,0.4,1.5,0.4,3000000.0,962,1128,85.3,16725,5848,15,31,29,19,3,0,0,0.1,18.7,16,6,8,0
Leo Scienza,Heidenheim,Bundesliga,FW,25,25,1153,3,3,2.0,3.7,2.0,3000000.0,262,395,66.3,4508,1847,34,17,5,13,1,0,6,0.45,12.8,12,8,38,15
Michael Svoboda,Venezia,Serie A,DF,25,16,1314,1,0,0.2,0.6,0.2,3000000.0,703,829,84.8,12684,4404,5,26,22,19,1,0,1,0.06,14.6,14,0,4,4
Morten Thorsby,Genoa,Serie A,MF,28,30,1898,0,1,2.8,2.1,2.8,3000000.0,353,530,66.6,4602,1701,27,49,5,22,6,0,1,0.23,21.1,30,1,15,6
Maximilian Bauer,Augsburg,Bundesliga,DF,24,11,658,0,0,0.2,0.1,0.2,3000000.0,275,340,80.9,5313,1982,2,14,6,10,1,0,0,0.04,7.3,8,2,1,1
Damian Rodriguez,Celta Vigo,La Liga,MF,21,17,927,0,0,0.1,0.8,0.1,3000000.0,726,814,89.2,12535,3486,17,14,7,6,3,0,0,0.09,10.3,9,0,4,0
Carlos Romero,Espanyol,La Liga,DF,22,34,2554,2,1,2.0,2.1,2.0,3000000.0,719,1007,71.4,11960,4409,29,73,30,50,7,0,3,0.15,28.4,47,12,29,6
Valentin Rosier,Leganes,La Liga,DF,27,32,2595,1,2,0.9,1.1,0.9,3000000.0,956,1206,79.3,14806,5646,11,72,52,40,8,0,3,0.07,28.8,52,4,14,4
Alex Sola,Getafe,La Liga,MF,25,19,1029,0,1,1.0,0.7,1.0,3000000.0,155,242,64.0,2177,529,9,21,7,8,4,0,1,0.14,11.4,14,1,15,2
Nahuel Tenaglia,Alaves,La Liga,DF,28,34,2922,2,1,2.2,1.6,2.2,3000000.0,1017,1410,72.1,17640,8188,19,96,47,33,11,0,3,0.12,32.5,61,9,27,8
Elisha Owusu,Auxerre,Ligue 1,MF,26,28,2344,1,3,0.4,1.0,0.4,3000000.0,693,847,81.8,11213,2794,14,73,42,33,7,0,4,0.05,26.0,41,1,7,3
Teji Savanier,Montpellier,Ligue 1,MF,32,31,2363,2,5,3.8,6.9,2.3,3000000.0,1031,1481,69.6,22715,7412,67,29,15,16,4,1,7,0.42,26.3,25,12,45,14
Abdoulaye Toure,Le Havre,Ligue 1,MF,30,28,2324,10,1,9.4,0.4,2.2,3000000.0,868,1059,82.0,16170,4315,7,61,34,36,5,0,11,0.38,25.8,34,5,38,6
Luck Zogbe,Brest,Ligue 1,DF,19,13,638,0,0,0.3,0.1,0.3,3000000.0,253,328,77.1,4265,1357,4,32,14,11,2,0,0,0.06,7.1,18,2,8,1
Emanuele Valeri,Parma,Serie A,DF,25,35,2873,2,6,1.8,4.7,1.0,3000000.0,783,1193,65.6,14224,6316,36,51,29,31,1,0,8,0.21,31.9,31,19,26,4
Mergim Vojvoda,Torino,Serie A,DF,29,17,1105,0,0,0.4,0.4,0.4,3000000.0,662,792,83.6,12050,3725,11,18,7,13,4,0,0,0.07,12.3,10,9,5,0
Ryan Fraser,Southampton,Premier League,FW,30,8,306,0,0,0.0,0.1,0.0,3000000.0,77,103,74.8,1121,208,2,6,1,1,0,1,0,0.04,3.4,2,0,1,1
Tim Breithaupt,Augsburg,Bundesliga,MF,22,2,120,0,1,0.1,0.4,0.1,3000000.0,58,67,86.6,1042,369,1,1,2,1,0,0,1,0.33,1.3,1,1,1,0
Antoine Mendy,Nice,Ligue 1,DF,20,18,825,0,0,0.6,0.1,0.6,3000000.0,394,486,81.1,6764,2080,2,30,8,9,2,0,0,0.07,9.2,21,3,9,1
Gabriel Osho,Auxerre,Ligue 1,DF,25,20,1654,1,0,1.0,0.1,1.0,3000000.0,669,753,88.8,12927,4606,1,23,12,32,1,1,1,0.06,18.4,15,0,7,3
Antonin Barak,Fiorentina,Serie A,MF,29,1,54,0,0,0.1,0.3,0.1,3000000.0,17,20,85.0,228,77,3,2,0,1,0,0,0,0.6,0.6,0,0,2,2
Francesco Acerbi,Inter,Serie A,DF,36,23,1710,0,1,0.4,0.6,0.4,3000000.0,1200,1297,92.5,22280,6158,9,23,26,22,0,0,1,0.05,19.0,19,5,5,1
Vasilije Adzic,Juventus,Serie A,MF,18,6,42,0,0,0.0,0.0,0.0,3000000.0,15,20,75.0,255,52,0,2,0,0,0,0,0,0.05,0.5,2,0,1,1
Honest Ahanor,Genoa,Serie A,DF,16,6,270,0,0,0.5,0.1,0.5,3000000.0,51,76,67.1,868,299,2,7,1,4,0,0,0,0.21,3.0,5,0,3,1
Jean Onana,Genoa,Serie A,MF,24,9,304,0,0,0.0,0.1,0.0,3000000.0,108,134,80.6,1788,423,2,12,4,6,1,0,0,0.03,3.4,6,0,1,0
Pasquale Mazzocchi,Napoli,Serie A,DF,29,20,702,0,0,0.3,0.4,0.3,3000000.0,244,304,80.3,3786,1012,5,15,5,5,3,0,0,0.08,7.8,7,3,3,1
Valentin Mihaila,Parma,Serie A,FW,24,21,1288,0,3,2.4,1.2,2.4,3000000.0,325,431,75.4,4879,1423,17,29,8,18,2,0,3,0.25,14.3,15,3,31,11
Yerry Mina,Cagliari,Serie A,DF,29,31,2569,1,0,2.3,0.3,2.3,3000000.0,1198,1394,85.9,22018,8376,4,66,37,59,6,1,1,0.09,28.5,32,1,26,8
Lorenzo Montipo,Hellas Verona,Serie A,GK,28,36,3240,0,0,0.0,0.0,0.0,3000000.0,520,1068,48.7,18974,16089,0,1,0,0,0,0,0,0.0,36.0,0,0,0,0
Adam Obert,Cagliari,Serie A,DF,21,21,1077,1,1,0.9,0.4,0.9,3000000.0,413,537,76.9,6894,2626,10,31,23,19,4,0,2,0.11,12.0,18,1,9,2
Dani de Wit,Bochum,Bundesliga,MF,26,28,1153,2,1,2.1,0.5,2.1,3000000.0,296,411,72.0,4084,1104,10,29,12,17,1,0,3,0.21,12.8,17,2,20,7
Marius Wolf,Augsburg,Bundesliga,DF,29,32,2144,1,3,0.7,3.2,0.7,3000000.0,826,1205,68.5,14566,6535,45,27,24,29,2,0,4,0.16,23.8,16,13,12,2
Erencan Yardimci,Hoffenheim,Bundesliga,FW,22,8,313,0,0,1.0,0.0,1.0,3000000.0,34,56,60.7,531,56,0,4,1,2,2,0,0,0.3,3.5,3,0,6,1
Giangiacomo Magnani,Hellas Verona,Serie A,DF,28,17,1065,1,0,1.1,0.0,1.1,3000000.0,317,393,80.7,6348,2269,1,20,17,16,2,0,1,0.1,11.8,15,0,11,2
Mattia Felici,Cagliari,Serie A,MF,23,20,925,0,3,0.6,1.0,0.6,3000000.0,188,277,67.9,2525,863,10,17,7,10,1,0,3,0.16,10.3,12,0,10,6
Daniel Fila,Venezia,Serie A,FW,21,10,492,2,0,1.4,0.3,1.4,3000000.0,70,90,77.8,884,140,6,2,0,6,3,1,2,0.32,5.5,0,0,8,5
Armin Gigovic,Holstein Kiel,Bundesliga,MF,22,31,1895,5,1,1.9,2.1,1.9,3000000.0,524,674,77.7,8461,2077,16,25,21,20,5,0,6,0.19,21.1,13,0,26,10
Benedikt Gimber,Heidenheim,Bundesliga,DF,27,32,2671,0,0,0.7,0.3,0.7,3000000.0,1058,1282,82.5,21955,7019,3,72,31,53,9,0,0,0.03,29.7,46,0,14,1
Tidiam Gomis,RB Leipzig,Bundesliga,MF,17,8,152,0,1,0.3,0.9,0.3,3000000.0,42,52,80.8,506,89,3,0,1,2,2,0,1,0.7,1.7,0,1,5,1
Walid Cheddira,Napoli,Serie A,FW,26,1,12,0,0,0.0,0.0,0.0,3000000.0,2,3,66.7,28,14,1,0,0,0,0,0,0,0.2,0.1,0,0,0,0
Joaquin Correa,Inter,Serie A,FW,29,19,731,2,2,2.1,2.0,2.1,3000000.0,310,361,85.9,4766,1089,10,11,0,3,3,0,4,0.5,8.1,5,1,14,6
Patrick Ciurria,Monza,Serie A,MF,29,21,1111,1,1,0.8,2.3,0.8,3000000.0,313,433,72.3,5274,1449,13,22,6,13,1,0,2,0.25,12.3,14,5,11,2
Kingsley Ehizibue,Udinese,Serie A,DF,29,33,2498,0,1,1.2,2.2,1.2,3000000.0,753,982,76.7,12800,4096,22,55,23,41,5,0,1,0.12,27.8,35,16,14,4
Seydouba Cisse,Leganes,La Liga,MF,23,34,2435,3,1,3.0,1.0,3.0,3000000.0,972,1149,84.6,16137,3288,17,59,12,25,3,1,4,0.15,27.1,37,1,24,5
Coba da Costa,Getafe,La Liga,MF,22,19,1006,1,1,1.1,1.4,1.1,3000000.0,195,303,64.4,2952,707,9,29,8,24,4,0,2,0.23,11.2,13,7,23,8
Sergio Carreira,Celta Vigo,La Liga,MF,23,23,1656,0,4,0.6,3.1,0.6,3000000.0,681,895,76.1,11545,3606,16,28,17,20,1,0,4,0.2,18.4,16,8,13,3
Johannes Eggestein,St. Pauli,Bundesliga,FW,26,27,1853,3,4,4.7,2.1,3.1,3000000.0,404,547,73.9,5609,1043,24,5,0,5,3,0,7,0.33,20.6,3,2,34,10
Dennis Geiger,Hoffenheim,Bundesliga,MF,26,20,734,0,0,0.2,0.5,0.2,3000000.0,316,362,87.3,4775,1315,11,24,7,15,4,0,0,0.08,8.2,11,1,5,1
Rani Khedira,Union Berlin,Bundesliga,MF,30,32,2723,1,1,1.4,0.6,1.4,3000000.0,700,950,73.7,9960,3196,12,68,44,33,7,0,2,0.07,30.3,40,3,14,1
Kevin Kampl,RB Leipzig,Bundesliga,MF,33,26,1593,1,0,0.8,1.4,0.8,3000000.0,1046,1175,89.0,15992,4680,16,27,24,25,5,0,1,0.13,17.7,18,4,7,2
Jonas Hofmann,Leverkusen,Bundesliga,MF,32,11,356,2,1,1.0,0.4,1.0,3000000.0,167,191,87.4,2309,339,7,2,0,2,1,0,3,0.35,4.0,0,0,9,5
Yannick Gerhardt,Wolfsburg,Bundesliga,MF,30,29,1518,1,1,1.2,0.2,1.2,3000000.0,513,667,76.9,7872,2653,4,28,17,32,5,1,2,0.08,16.9,16,4,15,4
Borja Iglesias,Celta Vigo,La Liga,FW,31,37,1952,11,3,9.3,3.2,9.3,3000000.0,346,489,70.8,4981,820,18,10,7,9,2,0,14,0.58,21.7,9,0,46,28
Pablo Marin,Real Sociedad,La Liga,MF,21,23,1239,1,2,1.4,1.0,1.4,3000000.0,374,467,80.1,5952,1090,14,25,5,12,3,0,3,0.17,13.8,17,2,21,7
Carlos Martin,Alaves,La Liga,FW,22,26,1333,2,2,2.3,2.7,2.3,3000000.0,261,400,65.3,3767,914,13,43,5,30,3,0,4,0.34,14.8,21,4,26,12
Marcao,Sevilla,La Liga,DF,28,12,552,0,0,0.0,0.0,0.0,3000000.0,284,315,90.2,5073,2049,0,10,7,9,6,1,0,0.0,6.1,7,0,0,0
Jean Butez,Como,Serie A,GK,29,19,1666,0,0,0.0,0.0,0.0,3000000.0,588,752,78.2,15581,11219,1,0,0,0,0,0,0,0.0,18.5,0,0,0,0
Liberato Cacace,Empoli,Serie A,MF,23,33,2230,2,4,2.6,1.7,2.6,3000000.0,619,912,67.9,10590,4309,25,37,22,26,6,0,6,0.17,24.8,25,6,29,9
Luca de la Torre,Celta Vigo,La Liga,MF,26,1,4,0,0,0.0,0.0,0.0,3000000.0,4,5,80.0,55,0,0,0,0,0,0,0,0,0.0,0.0,0,0,0,0
Patrick Mainka,Heidenheim,Bundesliga,DF,29,34,3060,1,1,1.9,0.3,1.9,3000000.0,1425,1669,85.4,28334,12007,7,58,68,61,3,0,2,0.07,34.0,30,0,25,8
Jordy Makengo,Freiburg,Bundesliga,DF,22,19,745,0,0,0.0,0.2,0.0,3000000.0,242,306,79.1,3945,879,2,16,7,8,1,0,0,0.03,8.3,9,5,0,0
Arthur Chaves,Hoffenheim,Bundesliga,DF,23,26,2185,1,0,0.8,0.1,0.8,3000000.0,966,1177,82.1,16519,5535,5,51,37,47,8,0,1,0.04,24.3,36,0,10,2
Nediljko Labrovic,Augsburg,Bundesliga,GK,24,15,1350,0,0,0.0,0.0,0.0,3000000.0,354,504,70.2,10392,7820,0,0,0,0,0,0,0,0.0,15.0,0,0,0,0
Olivier Deman,Werder Bremen,Bundesliga,DF,24,9,67,0,0,0.0,0.1,0.0,3000000.0,38,58,65.5,706,297,1,6,3,3,1,0,0,0.15,0.7,3,0,0,0
Conor Coady,Leicester City,Premier League,DF,31,22,1714,1,0,0.4,0.1,0.4,3000000.0,977,1072,91.1,17121,6371,1,13,13,32,3,0,1,0.03,19.0,9,0,2,2
Justin Devenny,Crystal Palace,Premier League,MF,20,23,507,1,1,0.8,0.6,0.8,3000000.0,148,205,72.2,2433,730,7,17,0,6,1,0,2,0.25,5.6,12,1,10,6
Skelly Alvero,Werder Bremen,Bundesliga,MF,22,12,236,0,0,0.0,0.0,0.0,3000000.0,68,91,74.7,1077,220,0,11,2,4,1,0,0,0.01,2.6,6,0,1,0
Clement Akpa,Auxerre,Ligue 1,DF,22,31,2486,0,1,0.3,0.9,0.3,3000000.0,998,1209,82.5,19673,7381,8,55,42,38,7,0,1,0.04,27.6,34,5,6,1
Juanmi,Getafe,La Liga,FW,31,13,696,0,0,2.9,0.3,2.9,2800000.0,105,137,76.6,1513,254,4,14,2,6,2,0,0,0.41,7.7,11,0,13,6
Toni Martinez,Alaves,La Liga,FW,27,28,1012,4,0,3.6,0.6,3.6,2800000.0,140,240,58.3,1676,280,11,12,1,8,1,0,4,0.37,11.2,7,1,46,15
Unai Lopez,Rayo Vallecano,La Liga,MF,28,32,1707,3,1,1.6,1.0,1.6,2800000.0,1041,1236,84.2,17637,4425,19,31,21,18,9,1,4,0.14,19.0,21,2,26,11
Kike Perez,Venezia,Serie A,MF,27,16,1114,1,0,0.9,1.2,0.9,2800000.0,475,635,74.8,8317,3029,16,41,10,14,4,0,1,0.17,12.4,25,3,13,7
Charlie Taylor,Southampton,Premier League,DF,30,8,356,0,0,0.0,0.1,0.0,2800000.0,196,223,87.9,3602,910,1,7,5,8,1,0,0,0.02,4.0,5,1,0,0
Alejo Veliz,Espanyol,La Liga,FW,20,27,1127,1,0,2.3,0.6,2.3,2800000.0,122,187,65.2,1608,182,3,1,4,12,3,0,1,0.22,12.5,1,0,19,6
Manolis Saliakas,St. Pauli,Bundesliga,MF,27,30,2314,2,1,1.5,2.6,1.5,2800000.0,958,1334,71.8,17972,7070,26,46,20,38,4,0,3,0.16,25.7,22,14,29,6
Nicolai Remberg,Holstein Kiel,Bundesliga,MF,24,32,2417,0,1,1.5,0.8,1.5,2800000.0,756,970,77.9,14270,3495,9,45,29,46,11,0,1,0.09,26.9,25,3,24,2
Ihlas Bebou,Hoffenheim,Bundesliga,MF,30,1,9,0,0,0.0,0.0,0.0,2800000.0,2,4,50.0,22,0,0,0,0,0,0,0,0,0.0,0.1,0,0,0,0
Florian Lejeune,Rayo Vallecano,La Liga,DF,33,37,3325,2,3,3.6,1.9,3.6,2800000.0,1728,2062,83.8,37399,15842,14,46,41,38,8,0,5,0.15,36.9,28,3,58,17
Mikkel Kaufmann,Heidenheim,Bundesliga,FW,23,9,372,0,0,0.5,0.1,0.5,2700000.0,45,91,49.5,716,193,3,6,2,5,2,0,0,0.15,4.1,4,0,3,3
Juan Bernat,Getafe,La Liga,MF,31,14,699,0,1,0.1,0.7,0.1,2500000.0,142,198,71.7,1831,507,7,19,2,9,0,0,1,0.11,7.8,13,3,2,1
Rassoul Ndiaye,Le Havre,Ligue 1,MF,22,27,1061,1,0,1.7,0.6,1.7,2500000.0,325,441,73.7,5176,1445,10,35,12,15,2,0,1,0.2,11.8,25,3,18,5
Arthur Atta,Udinese,Serie A,MF,21,27,1251,0,1,1.3,1.4,1.3,2500000.0,509,633,80.4,7890,1920,18,20,7,9,5,0,1,0.2,13.9,12,2,26,7
Botond Balogh,Parma,Serie A,DF,22,29,2053,0,1,0.4,0.1,0.4,2500000.0,861,964,89.3,16914,4970,2,36,25,34,5,0,1,0.02,22.8,16,0,3,0
Pontus Almqvist,Parma,Serie A,FW,25,29,1112,1,1,2.1,1.3,2.1,2500000.0,215,297,72.4,2758,504,10,17,19,13,5,0,2,0.28,12.4,13,1,26,9
Faride Alidou,Hellas Verona,Serie A,FW,23,3,71,0,0,0.0,0.0,0.0,2500000.0,16,20,80.0,198,42,1,0,1,1,0,0,0,0.03,0.8,0,1,1,0
Moritz Broschinski,Bochum,Bundesliga,FW,23,33,1390,1,3,4.2,1.8,4.2,2500000.0,187,295,63.4,2807,554,13,19,1,18,1,0,4,0.39,15.4,14,4,38,11
Rabby Nzingoula,Montpellier,Ligue 1,MF,18,27,1689,1,0,1.0,1.6,1.0,2500000.0,454,592,76.7,7468,1487,8,64,29,27,11,0,1,0.14,18.8,42,0,19,6
Leo Roman,Mallorca,La Liga,GK,24,7,630,0,0,0.0,0.0,0.0,2500000.0,137,240,57.1,4877,4009,0,0,0,0,0,0,0,0.0,7.0,0,0,0,0
Ricardo Rodriguez,Betis,La Liga,DF,31,18,1274,0,1,0.2,0.4,0.2,2500000.0,610,744,82.0,9246,3362,7,28,8,10,0,0,1,0.04,14.2,15,5,5,1
Emil Krafth,Newcastle Utd,Premier League,DF,29,12,342,0,0,0.0,0.1,0.0,2500000.0,124,158,78.5,2017,786,1,4,2,5,2,0,0,0.03,3.8,2,0,1,0
Aimen Moueffek,Saint-Etienne,Ligue 1,MF,23,22,1039,0,1,1.1,1.1,1.1,2500000.0,336,396,84.8,4817,1133,10,20,5,20,2,0,1,0.19,11.5,12,1,10,2
Mahamadou Diawara,Lyon,Ligue 1,MF,19,2,16,0,0,0.0,0.0,0.0,2500000.0,193,233,82.8,3436,571,7,20,13,13,0,0,0,0.0,6.5,12,0,7,1
Frederic Guilbert,Lecce,Serie A,DF,29,31,2435,0,1,0.3,1.8,0.3,2500000.0,981,1278,76.8,18223,7869,19,65,47,28,3,2,1,0.08,27.1,36,15,11,0
Mats Hummels,Roma,Serie A,DF,35,14,915,0,0,0.5,0.1,0.5,2500000.0,389,437,89.0,7200,2611,2,30,26,12,1,0,0,0.05,10.2,15,0,8,1
Saba Sazonov,Torino,Serie A,DF,22,1,3,0,0,0.0,0.0,0.0,2500000.0,0,0,0.0,0,0,0,0,0,1,0,0,0,0.0,0.0,0,0,0,0
Razvan Sava,Udinese,Serie A,GK,22,12,1080,0,0,0.0,0.0,0.0,2500000.0,277,395,70.1,7197,4630,0,0,0,0,1,0,0,0.0,12.0,0,0,0,0
Ola Solbakken,Empoli,Serie A,MF,25,21,760,0,0,0.8,0.4,0.8,2500000.0,141,199,70.9,2301,627,9,7,2,0,2,0,0,0.14,8.4,4,1,4,3
Lukasz Skorupski,Bologna,Serie A,GK,33,27,2364,0,0,0.0,0.0,0.0,2500000.0,862,1105,78.0,23078,14656,0,1,0,0,1,0,0,0.0,26.3,0,0,0,0
Budu Zivzivadze,Heidenheim,Bundesliga,FW,30,15,958,2,3,1.7,1.5,1.7,2500000.0,142,205,69.3,2120,442,12,17,3,9,0,0,5,0.3,10.6,11,2,22,9
Takuma Asano,Mallorca,La Liga,FW,29,21,1054,2,1,2.7,0.7,2.7,2500000.0,148,219,67.6,2071,485,6,13,6,7,0,0,3,0.29,11.7,9,2,28,8
Juanmi Latasa,Valladolid,La Liga,FW,23,28,1398,3,0,4.2,0.9,4.2,2500000.0,154,260,59.2,2311,420,13,4,0,4,6,1,3,0.33,15.5,2,1,40,13
Inigo Lekue,Athletic Club,La Liga,DF,31,16,773,0,0,0.2,0.5,0.2,2500000.0,345,439,78.6,5873,1993,8,15,9,7,1,0,0,0.08,8.6,12,2,2,0
Karol Linetty,Torino,Serie A,MF,29,28,1540,1,0,1.1,0.9,1.1,2500000.0,478,565,84.6,8244,2067,10,39,12,14,6,0,1,0.12,17.1,23,1,17,4
Hakon Rafn Valdimarsson,Brentford,Premier League,GK,22,2,145,0,0,0.0,0.0,0.0,2500000.0,46,70,65.7,1445,1110,0,0,0,0,0,0,0,0.0,1.6,0,0,0,0
Marius Bulter,Hoffenheim,Bundesliga,FW,31,25,1729,7,2,3.7,3.1,3.7,2500000.0,394,586,67.2,6403,1684,22,13,4,10,4,0,9,0.35,19.2,10,12,37,15
Szymon Zurkowski,Empoli,Serie A,MF,26,5,106,0,0,0.1,0.0,0.1,2500000.0,27,33,81.8,338,109,0,6,1,3,0,0,0,0.07,1.2,4,0,2,0
Eric Bailly,Villarreal,La Liga,DF,30,12,617,0,0,0.3,0.0,0.3,2500000.0,280,320,87.5,5019,1914,0,12,6,12,2,1,0,0.05,6.9,4,0,4,0
Iago Aspas,Celta Vigo,La Liga,FW,36,30,1745,10,5,8.7,4.6,4.0,2500000.0,661,877,75.4,10703,3064,38,13,8,18,6,1,15,0.69,19.4,8,4,46,18
Carles Alena,Alaves,La Liga,MF,26,14,1090,0,2,0.7,1.3,0.7,2500000.0,359,472,76.1,5385,1500,19,19,2,11,1,0,2,0.17,12.1,12,2,15,4
Jaydee Canvot,Toulouse,Ligue 1,DF,18,18,1106,0,0,0.2,0.7,0.2,2500000.0,462,536,86.2,8029,2340,4,23,11,10,2,0,0,0.08,12.3,11,2,5,1
Tim Skarke,Union Berlin,Bundesliga,FW,27,33,1164,0,2,2.1,1.2,2.1,2500000.0,243,347,70.0,3324,789,16,14,5,7,1,0,2,0.25,12.9,11,9,20,9
Pascal Stenzel,Stuttgart,Bundesliga,DF,28,10,290,0,0,0.3,0.6,0.3,2500000.0,181,218,83.0,3439,898,5,3,2,5,0,0,0,0.28,3.2,2,2,8,2
Julian Malatini,Werder Bremen,Bundesliga,DF,23,10,454,1,1,0.2,0.5,0.2,2500000.0,261,302,86.4,4349,1255,2,11,7,8,1,0,2,0.14,5.0,9,1,3,1
Kaua Santos,Eint Frankfurt,Bundesliga,GK,21,9,765,0,0,0.0,0.0,0.0,2500000.0,205,295,69.5,5287,4026,1,0,0,0,0,0,0,0.0,8.5,0,0,0,0
Felix Passlack,Bochum,Bundesliga,DF,26,31,2334,1,6,1.3,3.9,1.3,2500000.0,660,997,66.2,11947,3957,25,53,18,42,4,0,7,0.2,25.9,23,11,26,6
Mads Pedersen,Augsburg,Bundesliga,DF,27,7,235,0,0,0.1,0.0,0.1,2500000.0,70,90,77.8,1324,613,0,8,2,4,0,0,0,0.03,2.6,7,0,2,0
Angel Ortiz,Betis,La Liga,DF,20,5,353,0,1,0.0,0.1,0.0,2500000.0,167,225,74.2,2516,1084,3,12,5,6,0,0,1,0.04,3.9,8,2,2,0
Portu,Girona,La Liga,FW,32,27,779,1,2,1.6,1.7,1.6,2500000.0,169,237,71.3,2427,444,14,13,0,8,4,0,3,0.38,8.7,7,3,8,3
Carles Perez,Getafe,La Liga,MF,26,27,1431,3,0,2.4,1.5,2.4,2500000.0,226,336,67.3,3455,818,17,33,6,19,2,0,3,0.24,15.9,23,8,34,9
Yvan Neyou,Leganes,La Liga,MF,27,30,2312,1,1,0.6,0.6,0.6,2500000.0,974,1127,86.4,15217,3867,13,53,26,35,14,0,2,0.05,25.7,33,1,16,3
Jesus Navas,Sevilla,La Liga,FW,38,15,424,1,0,0.5,0.5,0.5,2500000.0,203,262,77.5,3443,816,10,5,4,1,0,0,1,0.22,4.7,2,5,3,2
Wes Burns,Ipswich Town,Premier League,FW,29,18,926,0,1,0.5,1.6,0.5,2500000.0,153,253,60.5,2416,597,10,13,10,7,1,0,1,0.21,10.3,11,7,7,1
Cameron Burgess,Ipswich Town,Premier League,DF,28,18,1541,0,2,1.1,0.5,1.1,2500000.0,626,774,80.9,11461,5485,7,17,14,20,0,0,2,0.09,17.1,12,0,10,2
James Bree,Southampton,Premier League,DF,26,17,1075,0,1,0.1,0.9,0.1,2500000.0,500,599,83.5,7922,2204,10,19,9,10,0,0,1,0.08,11.9,14,6,4,1
Manu Morlanes,Mallorca,La Liga,MF,25,23,1338,0,0,0.6,0.3,0.6,2500000.0,630,709,88.9,10235,3100,10,43,24,19,7,0,0,0.06,14.9,27,3,11,1
Andy Pelmard,Las Palmas,La Liga,DF,24,4,205,0,0,0.0,0.0,0.0,2500000.0,98,115,85.2,1674,470,1,5,2,3,1,0,0,0.03,2.3,0,0,1,0
Alfonso Pedraza,Villarreal,La Liga,DF,28,12,460,0,2,0.5,1.4,0.5,2500000.0,157,213,73.7,2500,918,9,3,6,3,0,0,2,0.37,5.1,2,6,5,2
Sandro Ramirez,Las Palmas,La Liga,FW,29,31,2034,9,3,4.1,3.4,3.3,2500000.0,438,682,64.2,7317,2293,28,27,16,20,6,0,12,0.33,22.6,15,3,51,20
Simone Verdi,Como,Serie A,MF,32,9,115,0,0,0.1,0.5,0.1,2500000.0,31,60,51.7,576,243,6,2,0,2,1,0,0,0.47,1.3,2,3,2,2
Matias Vecino,Lazio,Serie A,MF,32,20,877,2,3,2.3,2.4,2.3,2500000.0,322,397,81.1,5633,1465,11,13,5,9,7,0,5,0.47,9.7,7,0,16,4
Antoine Joujou,Le Havre,Ligue 1,MF,21,26,943,0,2,0.6,3.0,0.6,2500000.0,169,261,64.8,2486,687,15,16,9,15,1,0,2,0.35,10.5,11,10,11,2
Malcolm Jeng,Reims,Ligue 1,DF,19,3,107,0,0,0.0,0.0,0.0,2500000.0,35,41,85.4,531,230,0,0,3,1,0,0,0,0.0,1.2,0,0,0,0
Iker Bravo,Udinese,Serie A,FW,19,29,682,2,1,0.9,0.4,0.9,2500000.0,159,196,81.1,2278,412,7,10,1,4,3,0,3,0.18,7.6,6,0,13,3
Jordan Ferri,Montpellier,Ligue 1,MF,32,25,1773,0,2,0.4,0.9,0.4,2500000.0,1119,1267,88.3,19942,5049,13,42,9,20,6,1,2,0.07,19.7,23,4,14,3
David Zec,Holstein Kiel,Bundesliga,DF,24,18,1541,2,0,1.2,0.5,1.2,2500000.0,733,836,87.7,13801,5255,8,23,17,32,5,0,2,0.1,17.1,10,0,11,5
Thorir Johann Helgason,Lecce,Serie A,MF,23,21,1156,0,4,1.2,1.1,1.2,2500000.0,255,395,64.6,4973,1486,22,10,6,7,0,0,4,0.18,12.8,7,4,16,5
Armando Izzo,Monza,Serie A,DF,32,30,2435,1,1,0.4,0.8,0.4,2500000.0,1305,1485,87.9,24799,7620,11,40,45,38,12,0,2,0.05,27.1,15,1,6,2
Adama Boiro,Athletic Club,La Liga,DF,22,18,1101,0,0,0.3,0.5,0.3,2500000.0,401,502,79.9,6196,1937,5,20,12,10,3,0,0,0.06,12.2,11,4,5,0
Giuseppe Pezzella,Empoli,Serie A,DF,26,35,2878,0,3,0.6,4.6,0.6,2500000.0,829,1246,66.5,13802,5619,36,55,15,32,7,0,3,0.16,32.0,31,22,15,3
Maximiliano Caufriez,Valencia,La Liga,DF,27,1,90,0,0,0.0,0.0,0.0,2500000.0,11,14,78.6,219,77,0,1,1,2,0,0,0,0.0,1.0,1,0,0,0
Eray Comert,Valladolid,La Liga,DF,26,25,1779,0,0,0.9,0.0,0.9,2500000.0,805,918,87.7,16323,5359,0,24,24,28,6,0,0,0.04,19.8,14,0,9,1
Tim Drexler,Hoffenheim,Bundesliga,DF,19,8,357,0,0,0.1,0.0,0.1,2500000.0,153,180,85.0,2669,1021,1,17,1,6,2,0,0,0.02,4.0,7,0,2,2
Peter Gulacsi,RB Leipzig,Bundesliga,GK,34,30,2631,0,0,0.0,0.0,0.0,2500000.0,742,904,82.1,18391,11161,0,1,0,0,0,0,0,0.0,29.2,1,0,0,0
Janik Haberer,Union Berlin,Bundesliga,MF,30,28,1696,0,0,0.7,0.8,0.7,2500000.0,570,740,77.0,9150,2503,7,39,17,16,1,0,0,0.08,18.8,29,2,15,3
Pavel Kaderabek,Hoffenheim,Bundesliga,DF,32,24,1576,2,0,0.8,2.0,0.8,2500000.0,609,869,70.1,9600,3689,21,25,20,13,6,0,2,0.16,17.5,14,12,14,3
Marko Ivezic,Holstein Kiel,Bundesliga,DF,22,23,1657,0,0,0.6,0.2,0.6,2500000.0,803,934,86.0,15522,5455,4,29,27,25,5,0,0,0.04,18.4,19,0,7,0
Andrej Ilic,Union Berlin,Bundesliga,FW,24,16,937,7,0,4.9,0.3,4.1,2500000.0,110,191,57.6,1223,314,6,2,5,7,1,0,7,0.5,10.4,2,0,27,11
Magnus Knudsen,Holstein Kiel,Bundesliga,MF,23,31,1850,0,1,0.7,1.3,0.7,2500000.0,656,781,84.0,11194,3078,8,48,12,18,7,0,1,0.1,20.6,29,2,12,4
Bertug Yildirim,Getafe,La Liga,FW,22,22,1083,1,0,2.5,1.2,2.5,2500000.0,101,186,54.3,1304,287,9,10,1,13,7,0,1,0.31,12.0,5,3,19,7
Axel Witsel,Atletico Madrid,La Liga,DF,35,14,852,0,1,0.0,0.5,0.0,2500000.0,494,545,90.6,8980,3351,2,16,11,15,1,0,1,0.06,9.5,12,0,1,0
Kelvin Amian,Nantes,Ligue 1,DF,26,30,2165,1,0,1.0,0.8,1.0,2500000.0,738,921,80.1,11821,5145,13,55,13,18,5,0,1,0.08,24.1,31,12,7,4
Luka Jovic,Milan,Serie A,FW,26,15,557,2,0,2.4,1.4,2.4,2500000.0,115,141,81.6,1787,418,12,0,1,2,1,0,2,0.61,6.2,0,1,11,4
Lassana Coulibaly,Lecce,Serie A,MF,28,38,2667,1,0,0.8,0.9,0.8,2500000.0,775,955,81.2,13647,3359,12,48,18,45,3,0,1,0.06,29.6,29,0,9,3
Pawel Dawidowicz,Hellas Verona,Serie A,DF,29,26,1845,0,0,0.3,0.0,0.3,2500000.0,653,797,81.9,11772,3968,0,45,20,16,7,1,0,0.01,20.5,24,0,4,0
Enzo Ebosse,Udinese,Serie A,DF,25,2,90,0,0,0.0,0.0,0.0,2500000.0,48,55,87.3,897,201,1,0,1,3,1,0,0,0.02,1.0,0,0,0,0
Alfred Duncan,Venezia,Serie A,MF,31,16,957,0,0,0.8,1.1,0.8,2500000.0,404,498,81.1,6776,1898,11,17,8,7,2,0,0,0.18,10.6,8,4,15,4
Luca Pellegrini,Lazio,Serie A,DF,25,22,1067,0,4,0.7,1.8,0.7,2500000.0,541,717,75.5,9376,3332,20,23,19,10,5,0,4,0.2,11.9,11,12,13,4
Pietro Pellegri,Empoli,Serie A,FW,23,11,414,3,0,0.3,0.6,0.3,2500000.0,50,72,69.4,725,123,7,7,0,2,2,0,3,0.19,4.6,2,0,8,4
Carlos Dominguez,Celta Vigo,La Liga,DF,23,19,1181,0,0,0.2,0.1,0.2,2500000.0,856,967,88.5,15954,5531,2,23,13,16,1,0,0,0.02,13.1,11,0,3,1
Pedro Diaz,Rayo Vallecano,La Liga,MF,26,26,1211,3,0,2.4,2.1,1.6,2500000.0,446,566,78.8,6612,1964,26,23,7,16,2,0,3,0.33,13.5,15,2,31,7
Valery Fernandez,Mallorca,La Liga,MF,24,18,309,2,0,0.8,0.0,0.8,2500000.0,88,99,88.9,1141,211,1,8,0,3,1,0,2,0.25,3.4,7,1,3,3
Alvaro Fernandez,Sevilla,La Liga,GK,26,9,747,0,0,0.0,0.1,0.0,2500000.0,212,324,65.4,5528,3865,1,0,0,0,2,0,0,0.02,8.3,0,0,0,0
Connor Metcalfe,St. Pauli,Bundesliga,MF,24,10,358,0,0,0.7,0.2,0.7,2500000.0,76,118,64.4,1191,445,3,2,3,4,2,1,0,0.22,4.0,0,1,6,3
David Nemeth,St. Pauli,Bundesliga,DF,23,24,2137,0,1,0.2,0.1,0.2,2500000.0,957,1107,86.4,17042,5403,3,43,18,29,3,0,1,0.01,23.7,29,1,5,1
Jonas Omlin,Gladbach,Bundesliga,GK,30,12,978,0,0,0.0,0.0,0.0,2500000.0,375,513,73.1,10253,6569,0,0,0,0,0,1,0,0.0,10.9,0,0,0,0
John Yeboah,Venezia,Serie A,FW,24,33,1226,1,1,3.0,1.9,3.0,2500000.0,258,354,72.9,3414,982,20,6,4,4,6,0,2,0.36,13.6,3,0,30,10
Alejandro Frances,Girona,La Liga,DF,21,18,1173,0,0,0.2,0.3,0.2,2500000.0,685,813,84.3,12756,3792,4,36,17,17,2,0,0,0.04,13.0,24,3,6,0
Reda Khadra,Reims,Ligue 1,MF,23,4,78,0,0,0.0,0.0,0.0,2500000.0,22,30,73.3,338,98,1,1,0,0,0,0,0,0.03,0.9,1,0,0,0
Nemanja Matic,Lyon,Ligue 1,MF,35,29,2010,0,1,0.1,1.3,0.1,2500000.0,1230,1415,86.9,20931,6355,17,42,18,21,1,0,1,0.06,22.3,29,1,2,1
Kenny Lala,Brest,Ligue 1,DF,32,30,2686,3,2,3.0,4.3,0.6,2500000.0,1367,1796,76.1,27268,10357,41,66,25,25,5,0,5,0.24,29.8,42,13,9,4
Remy Labeau Lascary,Lens,Ligue 1,FW,21,14,637,2,1,2.5,1.1,2.5,2500000.0,127,174,73.0,1772,335,7,16,1,5,5,0,3,0.51,7.1,10,6,14,5
Frank Magri,Toulouse,Ligue 1,FW,24,31,1516,5,1,6.0,1.5,6.0,2500000.0,178,251,70.9,2361,438,9,8,4,16,5,1,6,0.45,16.8,2,1,44,18
Yoram Zague,Paris S-G,Ligue 1,DF,18,4,183,0,0,0.1,0.1,0.1,2500000.0,172,183,94.0,2831,596,2,8,2,3,0,0,0,0.05,2.0,6,1,1,1
Enzo Tchato,Montpellier,Ligue 1,DF,21,27,1899,0,0,0.1,1.5,0.1,2500000.0,757,1010,75.0,12674,4703,14,48,22,30,3,0,0,0.08,21.1,26,12,4,2
Emmanuel Sabbi,Le Havre,Ligue 1,FW,26,15,653,0,0,1.9,0.6,1.9,2500000.0,91,128,71.1,1424,409,4,14,3,2,1,0,0,0.35,7.3,7,1,15,4
Mathew Ryan,Lens,Ligue 1,GK,32,14,1260,0,0,0.0,0.0,0.0,2500000.0,305,408,74.8,7878,5197,0,1,1,0,0,0,0,0.0,14.0,0,0,0,0
Nhoa Sangui,Reims,Ligue 1,DF,18,26,1158,0,2,0.1,0.5,0.1,2500000.0,510,608,83.9,7468,2154,5,16,8,8,3,0,2,0.05,12.9,9,2,3,0
Kevin Akpoguma,Hoffenheim,Bundesliga,DF,29,32,2220,0,0,0.1,0.3,0.1,2500000.0,1193,1369,87.1,21274,7664,7,54,29,65,3,0,0,0.02,24.7,27,0,5,1
Oscar Perea,Strasbourg,Ligue 1,MF,18,2,14,0,0,0.0,0.0,0.0,2500000.0,10,10,100.0,156,25,0,0,0,0,0,0,0,0.09,0.2,0,0,1,0
Timothee Pembele,Le Havre,Ligue 1,DF,21,20,1113,1,0,1.3,0.1,1.3,2500000.0,424,520,81.5,6665,2391,3,30,11,16,3,0,1,0.11,12.4,22,3,8,3
Alvaro Rodriguez,Getafe,La Liga,FW,20,22,852,2,0,1.2,0.3,1.2,2500000.0,110,239,46.0,1496,344,5,10,3,23,6,0,2,0.16,9.5,7,1,25,10
Suso,Sevilla,La Liga,FW,30,16,606,0,2,0.7,1.6,0.7,2500000.0,285,385,74.0,4789,1573,22,10,4,4,3,0,2,0.35,6.7,7,4,16,4
Florian Sotoca,Lens,Ligue 1,FW,33,31,1794,1,1,4.6,1.5,4.6,2500000.0,732,996,73.5,10828,2837,18,22,14,12,2,1,2,0.31,19.9,13,9,47,18
Antonio Sanchez,Mallorca,La Liga,MF,27,33,1395,0,0,1.1,0.6,1.1,2500000.0,391,537,72.8,6493,1870,5,28,18,16,3,0,0,0.11,15.5,16,4,17,2
Joan Jordan,Alaves,La Liga,MF,30,25,1414,5,2,4.8,2.3,1.6,2500000.0,685,915,74.9,13015,4116,31,32,9,12,4,0,7,0.45,15.7,18,5,13,4
Stanis Idumbo,Sevilla,La Liga,FW,19,14,284,1,1,0.6,0.7,0.6,2500000.0,63,76,82.9,1003,217,6,9,4,3,0,0,2,0.42,3.2,5,0,4,2
Matt Doherty,Wolves,Premier League,DF,32,30,2109,2,1,1.0,1.5,1.0,2500000.0,1078,1302,82.8,20102,6585,12,38,22,28,6,0,3,0.11,23.4,21,1,10,3
Alvaro Garcia,Rayo Vallecano,La Liga,FW,31,36,2559,4,5,7.6,5.0,7.6,2500000.0,543,841,64.6,8345,2525,50,33,32,31,4,0,9,0.44,28.4,24,18,71,26
Pablo Ibanez,Osasuna,La Liga,MF,25,28,1294,1,1,1.6,1.6,1.6,2300000.0,384,513,74.9,6247,1346,6,20,18,20,4,0,2,0.22,14.4,10,2,20,5
Mohamed Kaba,Lecce,Serie A,MF,22,15,452,0,0,0.3,0.0,0.3,2300000.0,139,172,80.8,2228,625,1,13,4,11,1,0,0,0.08,5.0,8,0,4,0
Yann Karamoh,Torino,Serie A,MF,26,29,1046,0,1,1.2,0.9,1.2,2200000.0,189,282,67.0,2731,585,9,5,3,10,2,0,1,0.18,11.6,2,1,25,6
Ylber Ramadani,Lecce,Serie A,MF,28,29,1807,1,1,0.6,1.1,0.6,2200000.0,696,848,82.1,12407,3503,16,51,24,26,4,0,2,0.09,20.1,28,0,17,6
Mateusz Wieteska,Cagliari,Serie A,DF,27,5,184,0,0,0.2,0.2,0.2,2200000.0,82,95,86.3,1672,723,1,1,7,3,1,0,0,0.18,2.0,0,0,1,0
Johan Mojica,Mallorca,La Liga,DF,31,36,2755,1,2,0.9,4.1,0.9,2200000.0,1217,1641,74.2,21542,9303,40,35,26,13,5,0,3,0.16,30.6,23,33,17,3
David Lopez,Girona,La Liga,DF,34,29,2429,1,1,0.9,0.6,0.9,2000000.0,1879,2041,92.1,35775,12404,4,3,1,2,4,0,2,0.06,1.9,2,0,0,0
Michael Golding,Leicester City,Premier League,MF,18,1,1,0,0,0.0,0.0,0.0,2000000.0,0,0,0.0,0,0,0,0,0,0,0,0,0,0.0,0.0,0,0,0,0
Frans Kratzig,Heidenheim,Bundesliga,DF,21,16,1217,1,2,0.6,1.8,0.6,2000000.0,36,41,87.8,510,123,0,2,0,2,1,0,3,0.18,13.5,1,0,9,3
Leonardo Bittencourt,Werder Bremen,Bundesliga,MF,30,27,982,2,1,1.6,1.6,1.6,2000000.0,571,680,84.0,8963,2057,14,25,15,8,3,0,3,0.29,10.9,9,2,27,9
Thomas Meunier,Lille,Ligue 1,DF,32,30,1928,2,0,1.9,0.7,1.9,2000000.0,1188,1477,80.4,20433,6391,13,53,34,21,5,0,2,0.12,21.4,38,7,28,11
Nampalys Mendy,Lens,Ligue 1,MF,32,10,588,0,1,0.2,0.1,0.2,2000000.0,260,290,89.7,4085,1076,1,15,9,8,2,0,1,0.04,6.5,8,1,3,0
Luis Rioja,Valencia,La Liga,MF,30,36,2831,5,3,3.3,4.5,1.7,2000000.0,5,11,45.5,70,27,1,2,0,2,6,0,8,0.25,31.5,1,0,28,12
Mattia Bani,Genoa,Serie A,DF,30,20,1507,0,0,1.2,0.2,1.2,2000000.0,768,879,87.4,15516,5490,2,19,22,13,3,0,0,0.08,16.7,10,1,8,3
Giorgio Altare,Venezia,Serie A,DF,25,12,753,0,0,0.2,0.1,0.2,2000000.0,283,389,72.8,5113,1998,1,13,17,21,2,0,0,0.04,8.4,12,1,3,1
Oussama El Azzouzi,Bologna,Serie A,MF,23,2,19,0,0,0.0,0.0,0.0,2000000.0,17,18,94.4,304,98,0,0,2,0,0,0,0,0.0,0.2,0,0,0,0
Luke Woolfenden,Ipswich Town,Premier League,DF,25,15,1187,0,0,0.0,0.0,0.0,2000000.0,496,562,88.3,9196,3071,0,9,19,21,2,0,0,0.0,13.2,6,0,1,0
Sebastian Otoa,Genoa,Serie A,DF,20,3,179,0,0,0.0,0.0,0.0,2000000.0,56,64,87.5,1121,241,0,1,3,1,1,1,0,0.0,2.0,0,0,0,0
Youssouf Sabaly,Betis,La Liga,DF,31,22,1581,0,1,0.2,0.8,0.2,2000000.0,862,994,86.7,11913,4253,11,40,13,21,1,0,1,0.06,17.6,25,5,5,0
Jose Gragera,Espanyol,La Liga,MF,23,10,569,0,0,0.0,0.0,0.0,2000000.0,190,217,87.6,3436,848,1,25,5,9,0,0,0,0.01,6.3,16,0,2,0
Ander Herrera,Athletic Club,La Liga,MF,34,8,273,0,0,1.7,0.1,0.9,2000000.0,181,200,90.5,2856,628,2,8,2,1,2,0,0,0.61,3.0,4,0,7,3
Javi Hernandez,Leganes,La Liga,DF,26,31,2389,2,1,0.8,1.5,0.8,2000000.0,797,1060,75.2,12398,4703,17,26,23,25,6,0,3,0.08,26.5,15,4,17,6
Ruben Garcia,Osasuna,La Liga,FW,31,36,2413,5,5,3.2,3.6,3.2,2000000.0,903,1215,74.3,15826,3984,49,52,15,37,2,0,10,0.25,26.8,31,16,27,10
Gerard Gumbau,Rayo Vallecano,La Liga,MF,29,22,849,0,1,1.1,1.3,1.1,2000000.0,317,420,75.5,5378,1645,17,17,5,13,4,0,1,0.26,9.4,12,1,13,5
Alvaro Tejero,Espanyol,La Liga,MF,28,28,1238,1,4,0.6,2.9,0.6,2000000.0,453,626,72.4,8414,3082,33,14,13,9,2,0,5,0.26,13.8,4,12,17,4
Dimitri Foulquier,Valencia,La Liga,DF,31,32,2299,0,1,0.4,1.4,0.4,2000000.0,1007,1276,78.9,15790,5913,10,48,16,21,6,0,1,0.07,25.5,31,6,13,2
Djene,Getafe,La Liga,DF,32,31,2548,0,0,0.3,0.6,0.3,2000000.0,694,918,75.6,12668,5016,9,25,21,18,10,1,0,0.03,28.3,13,6,6,0
Moussa Diarra,Alaves,La Liga,DF,23,26,1866,0,0,0.0,0.1,0.0,2000000.0,670,835,80.2,12112,5342,3,40,21,15,6,0,0,0.01,20.7,24,3,1,0
Mouctar Diakhaby,Valencia,La Liga,DF,27,13,653,2,0,1.5,0.0,1.5,2000000.0,282,336,83.9,4919,1857,1,8,11,8,0,0,2,0.21,7.3,3,0,11,4
Jakov Medic,Bochum,Bundesliga,DF,25,23,1603,1,0,0.9,0.2,0.9,2000000.0,667,763,87.4,13727,4502,3,13,22,32,2,0,1,0.06,17.8,11,1,14,3
Florent Muslija,Freiburg,Bundesliga,FW,26,9,168,0,0,0.3,0.3,0.3,2000000.0,71,98,72.4,1104,287,3,5,1,0,0,0,0,0.3,1.9,4,0,3,2
Cristiano Biraghi,Fiorentina,Serie A,DF,31,8,433,1,0,0.2,0.3,0.2,2000000.0,259,309,83.8,4734,1698,6,4,4,2,1,0,1,0.1,4.8,4,2,5,2
Maat Daniel Caprini,Fiorentina,Serie A,FW,18,1,7,0,0,0.0,0.0,0.0,2000000.0,5,6,83.3,66,21,0,0,0,0,0,0,0,0.0,0.1,0,0,0,0
Woyo Coulibaly,Parma,Serie A,DF,25,14,1084,0,1,0.1,0.9,0.1,2000000.0,514,593,86.7,7911,3030,8,13,8,19,1,1,1,0.09,12.0,10,0,3,0
Issa Doumbia,Venezia,Serie A,MF,20,24,939,0,0,1.0,0.1,1.0,2000000.0,203,271,74.9,2702,656,3,14,9,17,0,0,0,0.11,10.4,8,0,16,5
William Carvalho,Betis,La Liga,MF,32,14,484,0,0,0.2,0.2,0.2,2000000.0,343,395,86.8,5141,1591,6,9,3,6,1,0,0,0.09,5.4,6,0,4,1
Tomas Conechny,Alaves,La Liga,FW,26,22,847,1,0,2.4,0.3,2.4,2000000.0,210,329,63.8,3305,1037,7,15,6,14,8,0,1,0.29,9.4,12,8,22,10
Pathe Ciss,Rayo Vallecano,La Liga,MF,30,33,2140,4,1,1.8,1.1,1.7,2000000.0,999,1179,84.7,17666,5785,16,49,40,31,12,0,5,0.12,23.8,24,0,21,6
Irvin Cardona,Espanyol,La Liga,FW,26,16,606,1,1,1.1,0.6,1.1,2000000.0,100,161,62.1,1428,432,9,8,4,5,1,0,2,0.25,6.7,5,4,10,3
Antonio Candela,Valladolid,La Liga,DF,24,12,906,0,0,0.0,0.8,0.0,2000000.0,342,443,77.2,5886,1919,6,9,6,11,1,0,0,0.08,10.1,6,6,1,0
Jack Stephens,Southampton,Premier League,DF,30,19,1389,1,0,0.6,0.2,0.6,2000000.0,879,955,92.0,15471,4366,3,34,13,20,2,2,1,0.05,15.4,20,0,4,2
Jason Steele,Brighton,Premier League,GK,33,2,180,0,0,0.0,0.0,0.0,2000000.0,101,112,90.2,2321,1556,0,0,0,0,0,0,0,0.0,2.0,0,0,0,0
Jonas Fohrenbach,Heidenheim,Bundesliga,DF,28,27,1832,0,1,0.3,1.3,0.3,2000000.0,659,909,72.5,12027,5263,14,45,16,29,3,0,1,0.08,20.4,24,11,8,1
Robert Gumny,Augsburg,Bundesliga,DF,26,7,271,0,0,0.3,0.5,0.3,2000000.0,105,138,76.1,1618,572,3,3,1,2,2,0,0,0.26,3.0,3,2,4,2
Lukas Hradecky,Leverkusen,Bundesliga,GK,34,29,2610,0,0,0.0,0.0,0.0,2000000.0,687,912,75.3,18432,14162,0,0,0,0,1,0,0,0.0,29.0,0,0,0,0
Jackson Irvine,St. Pauli,Bundesliga,MF,31,29,2610,0,6,3.2,3.9,3.0,2000000.0,684,969,70.6,10496,3807,32,56,36,27,2,0,6,0.25,29.0,28,2,41,12
Nacho Vidal,Osasuna,La Liga,DF,29,5,124,0,0,0.0,0.0,0.0,2000000.0,37,49,75.5,613,304,0,2,0,1,0,0,0,0.0,1.4,0,0,0,0
Andrea Belotti,Como,Serie A,FW,30,18,593,2,0,2.5,0.4,2.5,2000000.0,90,120,75.0,1072,178,7,7,1,4,1,0,2,0.43,6.6,5,0,19,3
German Valera,Valencia,La Liga,MF,22,8,148,0,0,0.1,0.0,0.1,2000000.0,34,47,72.3,474,50,1,1,4,2,0,0,0,0.09,1.6,1,0,3,2
Naci Unuvar,Espanyol,La Liga,MF,21,2,31,0,0,0.0,0.0,0.0,2000000.0,13,18,72.2,193,38,1,2,0,0,0,0,0,0.23,0.3,2,1,1,0
Jordan Amavi,Brest,Ligue 1,DF,30,11,790,0,0,0.3,0.2,0.3,2000000.0,386,526,73.4,6269,2275,6,24,7,10,2,0,0,0.05,8.8,17,1,8,3
Jean-Eudes Aholou,Angers,Ligue 1,MF,30,26,1959,2,0,1.8,1.0,1.8,2000000.0,644,764,84.3,10183,2687,10,56,33,34,7,0,2,0.13,21.8,36,0,27,7
Kevin Vogt,Union Berlin,Bundesliga,DF,32,18,1367,1,0,0.8,0.0,0.0,2000000.0,790,897,88.1,16194,7116,2,12,9,16,6,0,1,0.05,15.2,8,0,0,0
Gaby Jean,Lecce,Serie A,DF,24,19,1388,0,0,0.1,0.1,0.1,2000000.0,727,862,84.3,12291,5135,1,14,9,13,0,0,0,0.01,15.4,7,1,1,1
Daley Blind,Girona,La Liga,DF,34,34,2780,0,2,0.5,1.6,0.5,2000000.0,2318,2610,88.8,42632,14890,19,49,32,32,2,0,2,0.07,30.9,27,8,10,4
Maximilian Wittek,Bochum,Bundesliga,DF,28,33,2706,0,0,1.4,4.4,1.4,2000000.0,1077,1525,70.6,20095,8995,46,65,27,54,8,0,0,0.19,30.1,42,18,41,7
Jonas Rouhi,Juventus,Serie A,DF,20,5,210,0,0,0.0,0.0,0.0,2000000.0,126,159,79.2,2022,643,0,4,3,2,0,0,0,0.0,2.3,1,0,0,0
Sergi Roberto,Como,Serie A,MF,32,13,696,0,1,0.7,0.7,0.7,2000000.0,457,506,90.3,6059,1422,15,14,9,7,4,0,1,0.18,7.7,8,0,6,1
Junior Messias,Genoa,Serie A,MF,33,17,847,1,1,2.4,0.7,1.4,2000000.0,149,234,63.7,2611,897,8,13,6,8,1,0,2,0.33,9.4,7,2,17,5
Tete Morente,Lecce,Serie A,FW,27,31,2021,3,2,2.9,1.6,2.9,2000000.0,545,729,74.8,9087,2766,25,27,14,16,5,0,5,0.2,22.5,17,9,41,13
Antonio Raillo,Mallorca,La Liga,DF,32,36,3207,2,0,2.0,1.6,2.0,2000000.0,1572,1773,88.7,29700,10641,13,31,29,51,7,1,2,0.1,35.6,18,0,35,8
Tom Cairney,Fulham,Premier League,MF,33,25,628,2,0,0.8,1.1,0.8,2000000.0,569,627,90.7,9151,1910,11,13,4,7,3,1,2,0.26,7.0,5,3,11,4
Willy Boly,Nott'ham Forest,Premier League,DF,33,6,150,0,0,0.1,0.0,0.1,2000000.0,55,70,78.6,1010,477,0,6,3,4,1,0,0,0.04,1.7,1,0,1,1
Daniel Bentley,Wolves,Premier League,GK,31,2,180,0,0,0.0,0.0,0.0,2000000.0,49,65,75.4,1252,851,0,0,0,0,0,0,0,0.0,2.0,0,0,0,0
Craig Dawson,Wolves,Premier League,DF,34,15,971,0,0,0.5,0.0,0.5,2000000.0,484,559,86.6,9745,3180,2,15,9,16,2,0,0,0.05,10.8,3,0,5,1
Fabio Chiarodia,Gladbach,Bundesliga,DF,19,16,379,1,0,0.3,0.4,0.3,2000000.0,173,206,84.0,2824,899,1,10,9,8,0,0,1,0.17,4.2,4,0,4,1
Samuel Amo-Ameyaw,Strasbourg,Ligue 1,DF,18,9,320,2,0,0.7,0.6,0.7,2000000.0,106,123,86.2,1579,280,5,5,3,3,0,0,2,0.35,3.6,3,0,9,7
Haris Belkebla,Angers,Ligue 1,MF,30,22,1792,0,1,0.1,0.9,0.1,2000000.0,727,830,87.6,11935,3432,5,56,35,30,1,0,1,0.05,19.9,38,0,3,0
Maxim Leitsch,Mainz 05,Bundesliga,DF,26,14,674,1,0,1.2,0.2,1.2,2000000.0,289,370,78.1,5085,1676,2,12,10,12,2,0,1,0.19,7.5,4,0,6,1
Lukas Kubler,Freiburg,Bundesliga,DF,31,28,1842,5,1,2.7,0.8,2.7,2000000.0,800,1037,77.1,13701,4401,11,40,53,32,5,0,6,0.17,20.5,21,5,18,10
Maxime Bernauer,Saint-Etienne,Ligue 1,DF,26,11,763,0,0,0.1,0.0,0.1,2000000.0,413,469,88.1,8305,3506,1,9,5,7,4,1,0,0.01,8.5,9,0,2,0
Fabien Centonze,Nantes,Ligue 1,DF,28,7,265,0,0,0.0,0.2,0.0,2000000.0,111,142,78.2,1663,612,3,8,2,4,0,0,0,0.05,2.9,4,4,0,0
Andy Delort,Montpellier,Ligue 1,FW,32,9,607,0,0,1.3,0.9,1.3,2000000.0,54,110,49.1,650,179,7,4,0,3,1,0,0,0.38,6.7,3,2,17,6
Adu Ares,Athletic Club,La Liga,FW,22,1,19,0,0,0.0,0.0,0.0,2000000.0,5,9,55.6,64,15,0,0,0,0,0,0,0,0.0,0.2,0,0,0,0
Oier Zarraga,Udinese,Serie A,MF,25,22,896,1,0,0.4,0.4,0.4,2000000.0,238,289,82.4,3845,859,6,19,2,9,0,0,1,0.08,10.0,13,5,6,1
Toni Lato,Mallorca,La Liga,DF,26,14,621,0,0,0.0,0.4,0.0,2000000.0,236,314,75.2,4131,1522,6,17,6,10,1,1,0,0.06,6.9,11,10,0,0
Richie Sagrado,Venezia,Serie A,DF,20,3,140,0,0,0.1,0.0,0.1,2000000.0,24,31,77.4,291,114,0,2,3,1,1,0,0,0.03,1.6,2,0,1,0
Fali Cande,Venezia,Serie A,DF,26,17,1530,1,1,1.1,0.6,1.1,2000000.0,761,939,81.0,13092,5240,4,25,15,21,4,0,2,0.1,17.0,19,1,5,2
Alvaro Aguado,Espanyol,La Liga,MF,28,16,443,0,1,0.6,0.6,0.6,2000000.0,193,248,77.8,3748,1187,4,5,4,7,3,0,1,0.24,4.9,2,3,10,1
Alessandro Vogliacco,Parma,Serie A,DF,25,10,772,0,0,0.1,0.1,0.1,2000000.0,437,477,91.6,8499,3028,3,5,3,15,2,0,0,0.02,8.6,2,0,1,1
Simone Scuffet,Cagliari,Serie A,GK,28,13,1170,0,0,0.0,0.0,0.0,2000000.0,286,407,70.3,8534,6695,0,0,0,0,0,0,0,0.0,1.0,0,0,0,0
Alexis Sanchez,Udinese,Serie A,FW,35,13,437,0,0,0.8,0.2,0.8,2000000.0,125,163,76.7,1951,551,3,3,4,5,0,0,0,0.2,4.9,1,0,7,0
Ivan Smolcic,Como,Serie A,DF,23,9,630,0,0,0.4,0.1,0.4,2000000.0,327,394,83.0,5985,1848,2,16,10,8,2,0,0,0.08,7.0,9,0,7,3
Alessandro Marcandalli,Venezia,Serie A,DF,21,8,354,0,0,0.3,0.0,0.3,2000000.0,110,150,73.3,1891,791,0,1,0,0,2,0,0,0.07,0.5,0,0,2,1
Elseid Hysaj,Lazio,Serie A,DF,30,11,424,0,3,0.2,1.6,0.2,2000000.0,214,264,81.1,3839,922,6,11,5,5,2,1,3,0.38,4.7,6,6,2,0
Hernani,Parma,Serie A,MF,30,25,1327,3,3,2.8,1.5,0.5,2000000.0,463,615,75.3,8295,2603,25,47,19,26,7,0,6,0.3,14.7,26,2,17,3
Abdou Harroui,Hellas Verona,Serie A,MF,26,10,463,1,2,2.2,0.4,2.2,2000000.0,160,202,79.2,2324,580,4,9,2,5,1,0,3,0.51,5.1,6,2,15,4
Emmanuel Gyasi,Empoli,Serie A,DF,30,37,3217,2,1,3.9,0.7,3.9,2000000.0,836,1084,77.1,12882,4732,17,52,11,27,5,0,3,0.13,35.7,29,8,22,8
Alberto Grassi,Empoli,Serie A,MF,29,28,2203,1,0,1.0,0.8,1.0,2000000.0,634,850,74.6,10794,3479,7,39,33,22,8,0,1,0.08,24.5,21,0,11,4
Edoardo Goldaniga,Como,Serie A,DF,30,32,2532,1,0,2.5,0.3,2.5,2000000.0,1310,1517,86.4,24165,9247,4,34,33,21,12,1,1,0.1,28.1,21,1,12,5
Timo Becker,Holstein Kiel,Bundesliga,DF,27,30,2445,0,2,1.4,0.8,1.4,2000000.0,794,1026,77.4,15287,5840,6,53,17,30,2,0,2,0.08,27.2,33,4,17,4
Adrian Beck,Heidenheim,Bundesliga,MF,27,32,1598,4,1,3.3,1.2,3.3,2000000.0,581,725,80.1,9901,2258,21,36,9,31,1,0,5,0.25,17.8,17,4,39,13
Roberto Gagliardini,Monza,Serie A,MF,30,8,180,0,0,0.0,0.2,0.0,2000000.0,107,124,86.3,1852,449,1,3,2,1,1,0,0,0.09,2.0,2,0,0,0
Martin Frese,Hellas Verona,Serie A,DF,26,11,549,0,0,0.1,0.2,0.1,2000000.0,182,256,71.1,3018,1155,5,18,8,5,0,0,0,0.04,6.1,11,0,2,0
Omari Forson,Monza,Serie A,MF,20,9,223,0,0,0.2,0.5,0.2,2000000.0,92,113,81.4,1359,312,8,3,1,3,0,0,0,0.3,2.5,3,2,5,1
Neto,Bournemouth,Premier League,GK,35,2,180,0,0,0.0,0.0,0.0,2000000.0,40,62,64.5,1183,896,0,0,0,0,0,0,0,0.0,2.0,0,0,0,0
Finn Porath,Holstein Kiel,Bundesliga,DF,27,31,1970,2,3,1.9,2.0,1.8,2000000.0,489,731,66.9,9754,3567,22,45,21,27,3,0,5,0.18,21.9,26,12,29,12
Benedikt Pichler,Holstein Kiel,Bundesliga,FW,27,18,785,1,2,2.3,1.1,2.3,2000000.0,134,212,63.2,1987,336,12,5,2,4,1,0,3,0.39,8.7,2,2,20,9
Brian Olivan,Espanyol,La Liga,DF,30,17,1017,0,1,0.4,1.1,0.4,2000000.0,317,458,69.2,5671,2788,15,13,10,6,2,0,1,0.13,11.3,10,9,6,1
Santiago Mourino,Alaves,La Liga,DF,22,25,1849,0,1,0.9,0.9,0.9,2000000.0,539,691,78.0,9882,4329,7,43,29,27,7,0,1,0.09,20.5,28,2,13,3
Devis Vasquez,Empoli,Serie A,GK,26,32,2880,0,0,0.0,0.0,0.0,2000000.0,667,1105,60.4,19973,14880,0,0,0,0,2,0,0,0.0,32.0,0,0,0,0
Hugo Novoa,Alaves,La Liga,DF,21,5,237,0,0,0.5,0.2,0.5,2000000.0,53,69,76.8,798,261,2,8,0,2,0,0,0,0.26,2.6,5,2,1,0
Jon Martin,Real Sociedad,La Liga,DF,18,13,904,0,1,0.6,0.2,0.6,2000000.0,468,539,86.8,9130,2975,4,11,7,13,2,0,1,0.08,10.0,9,0,9,1
Warren Kamanzi,Toulouse,Ligue 1,DF,23,24,1022,1,1,1.3,1.0,1.3,2000000.0,399,481,83.0,5867,1419,12,29,9,7,3,0,2,0.2,11.4,13,0,7,2
Jubal,Auxerre,Ligue 1,DF,30,30,2640,6,0,5.2,0.9,2.0,2000000.0,918,1057,86.8,18586,5601,6,60,25,61,7,0,6,0.21,29.3,39,0,26,7
Paul Joly,Auxerre,Ligue 1,DF,24,26,1009,0,1,0.6,1.3,0.6,2000000.0,424,617,68.7,7496,2740,16,49,25,19,3,1,1,0.17,11.2,32,8,10,5
Ilyes Housni,Le Havre,Ligue 1,FW,19,12,230,0,0,0.2,0.2,0.2,2000000.0,38,64,59.4,498,91,2,7,1,2,0,0,0,0.17,2.6,5,0,5,0
Joshua King,Toulouse,Ligue 1,FW,32,28,1673,6,3,6.6,2.0,6.6,2000000.0,253,358,70.7,3233,592,17,11,6,10,2,0,9,0.47,18.6,11,1,50,20
Louis Leroux,Nantes,Ligue 1,MF,18,16,816,2,1,1.5,1.3,1.5,2000000.0,248,300,82.7,3997,1075,12,25,8,22,1,0,3,0.31,9.1,18,0,9,5
Benjamin Lecomte,Montpellier,Ligue 1,GK,33,30,2700,0,0,0.0,0.1,0.0,2000000.0,676,1000,67.6,20370,16563,3,0,0,0,0,0,0,0.0,30.0,0,0,0,0
Ibrahim Mbaye,Paris S-G,Ligue 1,FW,16,9,340,1,1,1.8,1.1,1.8,2000000.0,128,148,86.5,1753,259,3,4,2,2,0,0,2,0.78,3.8,2,0,12,7
Yvann Macon,Saint-Etienne,Ligue 1,DF,25,12,790,0,0,0.3,0.2,0.3,2000000.0,301,408,73.8,4965,1708,6,19,2,14,4,0,0,0.07,8.8,11,0,10,2
Ibrahim Sissoko,Saint-Etienne,Ligue 1,FW,28,20,819,3,1,4.3,0.6,3.5,2000000.0,118,178,66.3,1734,203,7,11,2,10,1,0,4,0.54,9.1,9,0,21,4
Ayanda Sishuba,Rennes,Ligue 1,FW,19,1,3,0,0,0.0,0.0,0.0,2000000.0,0,0,0.0,0,0,0,1,0,0,0,0,0,0.0,0.0,0,0,0,0
Issiaga Sylla,Montpellier,Ligue 1,DF,30,19,1156,1,0,1.8,0.6,1.8,2000000.0,435,563,77.3,7255,3005,7,25,10,13,2,0,1,0.19,12.8,10,10,11,2
Marvin Senaya,Strasbourg,Ligue 1,DF,23,10,227,0,0,0.0,0.1,0.0,2000000.0,110,138,79.7,1854,596,2,8,7,6,3,0,0,0.06,2.5,3,1,1,0
Niklas Schmidt,Toulouse,Ligue 1,MF,26,9,205,0,1,0.1,0.7,0.1,2000000.0,142,180,78.9,2834,884,5,6,1,0,0,0,1,0.34,2.3,4,0,3,1
Mathias Pereira Lage,Brest,Ligue 1,FW,27,29,1571,2,7,3.3,3.5,3.3,2000000.0,308,490,62.9,4867,1688,22,37,20,17,4,0,9,0.39,17.5,24,6,36,15
Falaye Sacko,Montpellier,Ligue 1,DF,29,16,1233,0,1,0.0,0.2,0.0,2000000.0,542,648,83.6,8853,3284,7,14,13,17,1,0,1,0.01,13.7,8,1,0,0
James Hill,Bournemouth,Premier League,DF,22,10,448,0,1,0.3,0.3,0.3,2000000.0,159,245,64.9,3098,1094,3,15,9,5,1,0,1,0.11,5.0,8,0,6,0
Hamzat Ojediran,Lens,Ligue 1,MF,20,17,416,1,0,0.6,0.4,0.6,2000000.0,203,254,79.9,3132,917,2,28,10,10,5,0,1,0.22,4.6,15,0,10,3
Maximilian Breunig,Heidenheim,Bundesliga,FW,23,13,350,2,0,3.4,0.2,2.7,2000000.0,47,81,58.0,789,140,4,4,1,9,0,0,2,0.94,3.9,3,0,10,2
Iker Losada,Betis,La Liga,MF,22,10,336,0,0,0.5,0.3,0.5,1800000.0,96,128,75.0,1448,366,5,10,3,2,0,0,0,0.21,4.0,7,2,5,1
Kevin Volland,Union Berlin,Bundesliga,FW,32,4,61,0,0,0.0,0.1,0.0,1800000.0,10,14,71.4,110,49,1,0,0,1,1,0,0,0.08,0.7,0,0,0,0
Jim Allevinah,Angers,Ligue 1,FW,29,28,1750,1,3,4.2,2.5,4.2,1800000.0,363,483,75.2,5265,1271,15,19,12,10,3,0,4,0.35,19.4,11,3,35,10
Theo Bair,Auxerre,Ligue 1,FW,24,29,939,2,1,3.0,1.2,3.0,1800000.0,132,213,62.0,1538,359,10,4,3,6,1,0,3,0.4,10.4,3,0,26,13
Rayan Raveloson,Auxerre,Ligue 1,MF,27,13,724,1,0,0.8,0.2,0.8,1800000.0,271,313,86.6,5021,1334,3,6,5,8,3,0,1,0.12,8.0,5,0,16,5
Ado Onaiwu,Auxerre,Ligue 1,MF,28,31,957,4,1,4.0,1.1,4.0,1800000.0,241,329,73.3,3189,813,10,11,3,12,1,1,5,0.47,10.6,7,4,23,14
Amine Salama,Reims,Ligue 1,FW,24,17,373,0,0,0.7,0.3,0.7,1800000.0,62,82,75.6,976,197,5,3,1,2,0,0,0,0.25,4.1,2,0,9,3
Javier Manquillo,Celta Vigo,La Liga,DF,30,10,515,0,0,0.0,0.0,0.0,1800000.0,335,373,89.8,5537,1582,0,7,7,5,1,0,0,0.0,5.7,5,0,0,0
Kevin Bonifazi,Lecce,Serie A,DF,28,3,65,0,0,0.0,0.0,0.0,1800000.0,37,42,88.1,645,238,0,1,2,1,0,0,0,0.0,0.7,1,0,0,0
Birama Toure,Montpellier,Ligue 1,MF,32,8,300,0,0,0.0,0.1,0.0,1800000.0,101,123,82.1,1809,621,3,8,6,3,2,0,0,0.04,3.3,5,0,3,1
Asier Villalibre,Alaves,La Liga,FW,26,16,333,1,1,1.6,1.0,0.8,1800000.0,44,69,63.8,645,153,1,2,1,1,2,0,2,0.69,3.7,2,0,8,1
Miha Zajc,Toulouse,Ligue 1,MF,30,19,262,0,0,0.2,0.1,0.2,1800000.0,153,185,82.7,2433,507,3,4,3,2,2,0,0,0.1,2.9,4,0,6,2
Massadio Haidara,Brest,Ligue 1,DF,31,22,1678,0,0,0.3,0.5,0.3,1800000.0,693,882,78.6,10603,4219,8,27,26,18,3,2,0,0.04,18.6,16,4,10,1
Goduine Koyalipou,Lens,Ligue 1,FW,24,15,885,4,0,4.8,0.8,4.8,1800000.0,132,189,69.8,1852,286,10,3,1,4,0,0,4,0.57,9.8,2,0,42,14
Ruben Pena,Osasuna,La Liga,FW,33,25,775,0,0,0.7,0.6,0.7,1800000.0,183,309,59.2,3045,1408,13,12,6,11,1,0,0,0.15,8.6,5,6,10,3
Dane Scarlett,Tottenham,Premier League,FW,20,3,34,0,1,0.0,0.0,0.0,1800000.0,3,5,60.0,37,20,1,1,0,0,0,0,1,0.22,0.4,0,0,1,1
Dani Cardenas,Rayo Vallecano,La Liga,GK,27,6,540,0,0,0.0,0.0,0.0,1800000.0,94,179,52.5,3014,2377,0,0,0,0,0,0,0,0.0,6.0,0,0,0,0
Liam Henderson,Empoli,Serie A,MF,28,36,2337,0,4,0.7,3.9,0.7,1800000.0,730,1002,72.9,13025,4242,33,42,15,19,10,0,4,0.17,26.0,22,11,22,3
Drissa Camara,Parma,Serie A,MF,22,21,447,0,0,1.2,0.8,1.2,1800000.0,133,182,73.1,2076,550,5,9,3,8,3,0,0,0.4,5.0,7,0,15,5
Pedro Pereira,Monza,Serie A,DF,26,35,2665,1,3,1.2,1.6,1.2,1800000.0,925,1146,80.7,15992,5248,14,53,21,26,10,0,4,0.1,29.6,32,10,13,6
Grigoris Kastanos,Hellas Verona,Serie A,MF,26,27,872,1,1,1.0,1.7,1.0,1800000.0,224,323,69.3,3767,1289,12,23,7,17,4,0,2,0.28,9.7,16,1,22,5
Emil Bohinen,Genoa,Serie A,MF,25,3,166,0,0,0.1,0.1,0.1,1800000.0,69,86,80.2,1180,161,3,4,1,2,0,0,0,0.09,1.8,4,0,2,0
Stefan Lekovic,Monza,Serie A,DF,20,7,367,0,0,0.1,0.0,0.1,1800000.0,162,188,86.2,2783,902,0,9,7,4,0,0,0,0.03,4.1,4,0,3,0
Ivan Ordets,Bochum,Bundesliga,DF,32,22,1861,0,0,0.7,0.7,0.7,1800000.0,708,885,80.0,15122,5555,7,18,41,29,6,0,0,0.07,20.7,8,0,11,0
Phillipp Mwene,Mainz 05,Bundesliga,DF,30,32,2607,1,4,1.5,1.9,1.5,1800000.0,954,1272,75.0,16061,5575,22,51,24,27,7,0,5,0.12,29.0,29,19,21,4
Koji Miyoshi,Bochum,Bundesliga,FW,27,15,464,1,0,1.1,0.8,1.1,1800000.0,77,130,59.2,1216,422,5,8,2,10,0,1,1,0.36,5.2,5,0,12,5
Juan Berrocal,Getafe,La Liga,DF,25,19,1063,0,0,0.4,0.0,0.4,1800000.0,287,377,76.1,5950,2289,1,14,15,6,8,1,0,0.03,11.8,7,0,4,0
Cedric Bakambu,Betis,La Liga,FW,33,25,710,2,2,3.2,0.6,3.2,1800000.0,84,126,66.7,967,218,8,6,0,13,4,0,4,0.47,7.9,4,0,24,11
Marcos Alonso,Celta Vigo,La Liga,DF,33,31,2647,3,0,4.0,1.3,1.6,1800000.0,2139,2397,89.2,38937,14018,21,35,34,22,10,2,3,0.18,29.4,21,6,31,10
Selim Amallah,Valladolid,La Liga,MF,27,24,1376,3,1,3.5,1.1,2.7,1800000.0,318,406,78.3,5560,1659,13,30,14,24,6,0,4,0.3,15.3,18,0,21,7
Tanguy Coulibaly,Montpellier,Ligue 1,FW,23,25,1485,3,0,3.5,1.3,3.5,1800000.0,292,372,78.5,3857,626,18,32,11,18,4,2,3,0.31,16.5,24,2,30,13
Kike Barja,Osasuna,La Liga,FW,27,15,315,0,1,0.2,1.2,0.2,1800000.0,74,114,64.9,1428,431,10,5,3,5,3,0,1,0.39,3.5,4,7,4,1
Cesar Azpilicueta,Atletico Madrid,La Liga,DF,34,14,875,1,0,0.2,0.1,0.2,1800000.0,581,671,86.6,9034,3451,3,25,5,10,1,0,1,0.03,9.7,14,1,5,2
Javi Sanchez,Valladolid,La Liga,DF,27,25,2026,2,0,0.5,0.3,0.5,1800000.0,1015,1163,87.3,20366,7564,6,26,22,39,6,0,2,0.03,22.5,16,0,11,5
Oriol Romeu,Girona,La Liga,MF,32,25,1356,0,0,0.1,0.3,0.1,1800000.0,798,883,90.4,13866,3011,8,38,12,22,5,0,0,0.03,15.1,25,1,5,1
Tommaso Augello,Cagliari,Serie A,DF,29,38,2713,0,7,0.3,4.6,0.3,1800000.0,1179,1640,71.9,20383,8524,39,49,16,23,3,0,7,0.16,30.1,28,26,8,0
Rui Modesto,Udinese,Serie A,DF,24,20,608,0,1,0.5,0.8,0.5,1800000.0,231,310,74.5,3481,983,14,16,8,10,1,0,1,0.19,6.8,12,5,3,2
Alberto Moreno,Como,Serie A,DF,32,24,1727,0,0,0.4,1.2,0.4,1800000.0,893,1082,82.5,15712,5538,19,25,14,12,4,0,0,0.08,19.2,11,12,14,6
Dani Raba,Leganes,La Liga,FW,28,29,1879,8,6,7.5,5.3,3.6,1800000.0,435,648,67.1,7619,2499,47,37,14,27,6,0,14,0.61,20.9,23,4,39,12
Stefan Lainer,Gladbach,Bundesliga,DF,31,21,757,1,0,0.3,1.0,0.3,1800000.0,356,460,77.4,5867,1918,9,22,12,12,2,0,1,0.15,8.4,13,6,4,1
Oliver Burke,Werder Bremen,Bundesliga,FW,27,25,908,5,0,4.1,1.7,4.1,1800000.0,179,299,59.9,2061,379,14,11,2,20,4,0,5,0.57,10.1,4,3,35,12
Hamza Rafia,Lecce,Serie A,MF,25,18,1058,0,0,0.5,1.4,0.5,1700000.0,409,527,77.6,6442,2203,16,44,4,7,4,0,0,0.16,11.8,27,6,10,2
Yordan Osorio,Parma,Serie A,DF,30,3,172,0,0,0.0,0.1,0.0,1700000.0,104,119,87.4,1866,555,1,5,4,3,0,0,0,0.08,1.9,3,0,1,0
Alberto Cerri,Como,Serie A,FW,28,5,87,0,0,1.0,0.0,1.0,1700000.0,15,23,65.2,184,7,0,0,0,2,0,0,0,1.05,1.0,0,0,4,1
Gabriel Charpentier,Parma,Serie A,FW,25,10,271,1,2,1.3,0.9,1.3,1600000.0,33,55,60.0,508,188,7,4,0,3,1,0,3,0.75,3.0,3,0,9,4
Alessandro Deiola,Cagliari,Serie A,MF,28,29,1432,2,1,1.7,0.6,1.7,1600000.0,384,523,73.4,6550,1881,6,31,13,26,6,0,3,0.15,15.9,20,1,18,5
Thiago,Brentford,Premier League,FW,23,8,175,0,0,0.1,0.1,0.1,1600000.0,40,56,71.4,568,73,2,5,2,3,0,0,0,0.1,1.9,3,0,2,0
Matthias Braunoder,Como,Serie A,MF,22,8,268,0,0,0.1,0.0,0.1,1600000.0,128,146,87.7,2154,616,0,10,2,3,3,1,0,0.03,3.0,4,0,2,0
Hauke Wahl,St. Pauli,Bundesliga,DF,30,33,2970,0,0,0.9,0.5,0.9,1500000.0,1520,1755,86.6,26509,9297,9,36,31,44,1,0,0,0.04,33.0,27,1,11,4
Timon Weiner,Holstein Kiel,Bundesliga,GK,25,25,2250,0,0,0.0,0.0,0.0,1500000.0,682,991,68.8,19635,14240,0,0,0,0,4,0,0,0.0,25.0,0,0,0,0
Jonny Evans,Manchester Utd,Premier League,DF,36,7,315,0,0,0.1,0.0,0.1,1500000.0,192,217,88.5,3090,906,0,8,5,3,1,0,0,0.04,3.5,6,0,2,1
Ibrahima Niane,Angers,Ligue 1,FW,25,24,943,3,1,5.7,1.0,4.9,1500000.0,130,190,68.4,1720,295,9,7,2,6,0,0,4,0.64,10.5,3,0,29,10
Mickael Nade,Saint-Etienne,Ligue 1,DF,25,26,2306,1,2,0.7,0.6,0.7,1500000.0,1229,1366,90.0,21143,6996,7,59,33,37,1,0,3,0.05,25.6,43,0,5,2
Igor Miladinovic,Saint-Etienne,Ligue 1,FW,21,3,26,0,0,0.0,0.0,0.0,1500000.0,12,15,80.0,199,27,0,0,1,0,0,0,0,0.0,0.3,0,0,0,0
Florent Mollet,Nantes,Ligue 1,MF,32,9,242,0,0,0.3,0.3,0.3,1500000.0,83,106,78.3,1300,307,6,2,1,2,1,0,0,0.24,2.7,2,1,6,2
Ayden Heaven,Manchester Utd,Premier League,DF,17,4,170,0,0,0.1,0.0,0.1,1500000.0,90,106,84.9,1542,458,1,4,4,2,1,0,0,0.08,1.9,3,0,2,0
Yoann Salmier,Le Havre,Ligue 1,DF,31,13,797,0,0,0.8,0.2,0.8,1500000.0,283,346,81.8,5596,1997,2,14,10,12,3,0,0,0.12,8.9,7,0,5,2
Oscar de Marcos,Athletic Club,La Liga,DF,35,26,1564,0,4,1.0,2.6,1.0,1500000.0,800,1010,79.2,14337,5393,19,32,16,17,0,0,4,0.21,17.4,15,16,8,2
Alberto Mari,Valencia,La Liga,FW,23,1,7,0,0,0.0,0.0,0.0,1500000.0,2,4,50.0,33,7,0,0,0,0,0,0,0,0.0,0.1,0,0,0,0
Joachim Kayi Sanda,Southampton,Premier League,DF,17,2,14,0,0,0.0,0.0,0.0,1500000.0,15,15,100.0,304,57,0,0,2,0,0,0,0,0.0,0.2,0,0,0,0
Issa Soumare,Le Havre,Ligue 1,FW,23,29,1902,5,4,3.8,3.1,3.8,1500000.0,339,554,61.2,5031,1198,28,25,16,19,0,0,9,0.33,21.1,14,4,43,19
Luis Perez,Valladolid,La Liga,DF,29,30,2558,0,0,0.2,2.1,0.2,1500000.0,905,1195,75.7,16078,5899,27,41,29,26,2,0,0,0.08,28.4,30,29,5,2
Adria Altimira,Leganes,La Liga,DF,23,22,1630,0,0,0.3,0.5,0.3,1500000.0,483,615,78.5,7731,2148,11,41,15,15,6,0,0,0.04,18.1,24,2,7,2
Mamadou Diakhon,Reims,Ligue 1,FW,18,28,858,2,1,1.0,1.1,1.0,1500000.0,198,257,77.0,3478,420,13,12,4,5,2,0,3,0.23,9.5,8,3,18,8
Alfonso Espino,Rayo Vallecano,La Liga,DF,32,16,833,0,1,0.4,0.6,0.4,1500000.0,365,491,74.3,5664,2497,5,41,12,19,4,0,1,0.12,9.3,24,5,10,2
Munir El Haddadi,Leganes,La Liga,FW,28,25,862,4,0,1.6,0.8,1.6,1500000.0,201,268,75.0,2666,657,8,12,1,8,1,1,4,0.24,9.6,9,1,21,9
Yuri Berchiche,Athletic Club,La Liga,DF,34,30,2044,0,2,0.6,2.2,0.6,1500000.0,1174,1398,84.0,20944,7612,18,33,27,25,5,0,2,0.12,22.7,21,8,16,4
Enric Franquesa,Leganes,La Liga,DF,27,12,616,1,0,0.3,0.1,0.3,1500000.0,158,225,70.2,2513,1004,2,17,5,7,1,0,1,0.06,6.8,9,2,3,1
Kevin Martins,Monza,Serie A,MF,19,9,183,0,1,0.0,0.4,0.0,1500000.0,38,56,67.9,633,139,2,5,1,1,1,0,1,0.19,2.0,4,1,0,0
Adam Masina,Torino,Serie A,DF,30,28,1919,1,2,0.7,0.3,0.7,1500000.0,1066,1267,84.1,19972,7055,4,33,27,28,5,0,3,0.05,21.3,15,2,8,2
Remy Descamps,Lyon,Ligue 1,GK,28,1,90,0,0,0.0,0.0,0.0,1500000.0,27,30,90.0,635,351,0,0,0,0,0,0,0,0.0,1.0,0,0,0,0
Arthur Desmas,Le Havre,Ligue 1,GK,30,18,1620,0,0,0.0,0.0,0.0,1500000.0,411,522,78.7,10272,6469,1,0,0,0,2,0,0,0.0,18.0,0,0,0,0
Karim Onisiwo,Mainz 05,Bundesliga,MF,32,6,110,0,0,0.1,0.3,0.1,1500000.0,15,24,62.5,223,31,1,1,0,0,0,0,0,0.33,1.2,1,1,3,0
Ante Rebic,Lecce,Serie A,FW,30,27,788,1,0,2.1,2.1,2.1,1500000.0,182,298,61.1,2549,865,18,12,2,7,3,2,1,0.48,8.8,9,3,13,5
Nathaniel Clyne,Crystal Palace,Premier League,DF,33,13,483,0,0,0.0,0.3,0.0,1500000.0,171,225,76.0,3113,1102,3,12,3,4,1,0,0,0.06,5.4,8,1,2,0
Cole Campbell,Dortmund,Bundesliga,MF,18,4,22,0,0,0.0,0.0,0.0,1500000.0,13,15,86.7,176,46,0,0,0,0,0,0,0,0.0,0.2,0,1,0,0
Sirlord Conteh,Heidenheim,Bundesliga,FW,28,29,892,1,1,2.1,2.6,2.1,1500000.0,158,224,70.5,2401,567,14,9,1,1,2,0,2,0.47,9.9,5,2,13,5
Danny da Costa,Mainz 05,Bundesliga,DF,31,25,2006,0,1,0.1,0.6,0.1,1500000.0,942,1201,78.4,17146,7046,10,42,27,19,0,0,1,0.03,22.3,23,6,5,1
Dylan Batubinsika,Saint-Etienne,Ligue 1,DF,28,25,2016,1,0,0.8,0.2,0.8,1500000.0,1112,1217,91.4,20308,6434,4,26,39,23,3,1,1,0.04,22.4,13,1,7,2
Lasso Coulibaly,Auxerre,Ligue 1,FW,21,3,45,1,0,0.3,0.1,0.3,1500000.0,12,13,92.3,158,28,1,1,0,0,0,0,1,0.69,0.5,1,0,3,2
Marcus Coco,Nantes,Ligue 1,DF,28,20,951,0,1,0.1,1.2,0.1,1500000.0,384,483,79.5,6475,2447,10,27,11,16,3,2,1,0.12,10.6,21,6,2,0
Marius Muller,Wolfsburg,Bundesliga,GK,31,6,475,0,0,0.0,0.0,0.0,1500000.0,154,218,70.6,4852,3396,0,0,0,0,0,0,0,0.0,5.3,0,0,0,0
Edu Exposito,Espanyol,La Liga,MF,27,19,1045,0,2,1.0,3.2,1.0,1500000.0,318,485,65.6,5990,2287,28,23,15,3,3,0,2,0.36,11.6,13,4,18,6
Aitor Fernandez,Osasuna,La Liga,GK,33,1,90,0,0,0.0,0.0,0.0,1500000.0,29,45,64.4,1243,1147,0,0,0,0,0,0,0,0.0,1.0,0,0,0,0
Manu Bueno,Sevilla,La Liga,MF,20,9,140,1,0,0.1,0.0,0.1,1500000.0,67,74,90.5,1082,110,0,4,0,0,0,0,1,0.08,1.6,3,0,4,1
Silvan Widmer,Mainz 05,Bundesliga,DF,31,27,504,0,1,0.3,0.4,0.3,1500000.0,208,281,74.0,3639,1198,2,11,5,7,3,0,1,0.13,5.6,5,2,3,1
Abdon Prats,Mallorca,La Liga,FW,31,24,456,2,0,2.2,0.1,1.5,1500000.0,58,87,66.7,837,164,3,2,1,2,4,0,2,0.47,5.1,1,0,13,4
Daniel Mosquera,Hellas Verona,Serie A,FW,24,35,1375,5,1,6.6,1.3,6.6,1500000.0,230,335,68.7,2878,544,12,11,2,11,4,0,6,0.52,15.3,8,0,57,15
Fode Ballo-Toure,Le Havre,Ligue 1,DF,27,10,589,0,0,0.0,0.1,0.0,1500000.0,259,311,83.3,4291,1377,1,8,4,8,0,0,0,0.02,6.5,7,2,0,0
Julian Niehues,Heidenheim,Bundesliga,MF,23,8,154,0,0,0.2,0.1,0.2,1500000.0,66,84,78.6,1008,363,3,3,0,1,1,0,0,0.22,1.7,1,0,2,1
Carlens Arcus,Angers,Ligue 1,DF,28,28,2047,0,1,0.0,1.4,0.0,1500000.0,810,1020,79.4,13534,4817,17,52,27,24,3,0,1,0.06,22.7,35,10,3,0
Florian Aye,Auxerre,Ligue 1,FW,27,26,575,2,0,1.9,0.1,1.9,1500000.0,95,129,73.6,1234,154,3,2,7,7,0,0,2,0.32,6.4,2,0,12,3
Stefano Sabelli,Genoa,Serie A,DF,31,34,2058,0,2,0.1,1.9,0.1,1500000.0,825,1204,68.5,15435,7657,18,58,22,28,3,0,2,0.09,22.9,31,12,6,1
Fer Lopez,Celta Vigo,La Liga,FW,0,17,671,2,0,2.7,1.9,2.7,1500000.0,220,260,84.6,3701,847,14,9,2,10,2,0,2,0.62,7.5,5,0,20,5
Roberto Lopez,Leganes,La Liga,MF,24,13,396,0,1,0.5,0.9,0.5,1500000.0,152,208,73.1,2443,735,10,8,1,5,0,0,1,0.31,4.4,6,1,6,1
Nicola Leali,Genoa,Serie A,GK,31,29,2610,0,0,0.0,0.0,0.0,1500000.0,667,938,71.1,18776,13282,0,0,0,0,1,0,0,0.0,29.0,0,0,0,0
Alessandro Florenzi,Milan,Serie A,FW,33,1,5,0,0,0.0,0.0,0.0,1500000.0,3,4,75.0,54,43,0,0,0,0,0,0,0,0.0,0.1,0,0,0,0
Gianluca Lapadula,Cagliari,Serie A,FW,34,12,310,0,0,1.4,0.1,1.4,1500000.0,38,63,60.3,433,77,3,2,0,0,1,0,0,0.42,3.4,0,0,15,3
Juan Jesus,Napoli,Serie A,DF,33,15,1074,0,1,0.3,0.0,0.3,1500000.0,764,853,89.6,15673,4982,1,25,9,15,2,0,1,0.03,11.9,14,0,3,0
Alexander Bernhardsson,Holstein Kiel,Bundesliga,FW,25,19,1263,7,2,4.1,1.3,4.1,1500000.0,193,319,60.5,3164,1076,17,29,5,14,3,0,9,0.39,14.0,15,4,27,14
Magnus Kofod Andersen,Venezia,Serie A,MF,25,14,695,1,1,0.3,0.5,0.3,1500000.0,247,309,79.9,3986,1038,9,13,6,7,1,0,2,0.1,7.7,4,0,8,2
Charalampos Lykogiannis,Bologna,Serie A,DF,30,17,1048,0,4,0.2,1.6,0.2,1500000.0,504,706,71.4,9875,3209,19,23,11,10,3,0,4,0.16,11.6,14,12,6,2
Ivan Balliu,Rayo Vallecano,La Liga,DF,32,25,1200,0,0,0.0,0.5,0.0,1500000.0,492,649,75.8,8082,3338,7,17,13,16,3,0,0,0.04,13.3,14,4,1,0
Tyronne Ebuehi,Empoli,Serie A,DF,28,4,74,0,0,0.0,0.0,0.0,1500000.0,33,46,71.7,463,189,0,3,2,1,0,0,0,0.0,0.8,2,1,0,0
Caleb Ekuban,Genoa,Serie A,FW,30,18,555,1,3,2.8,0.8,2.8,1500000.0,72,107,67.3,1030,181,8,3,1,4,1,0,4,0.57,6.2,3,0,18,6
Danny Ward,Leicester City,Premier League,GK,31,2,135,0,0,0.0,0.0,0.0,1500000.0,41,53,77.4,1162,949,0,0,0,0,0,0,0,0.0,1.5,0,0,0,0
Stanko Juric,Valladolid,La Liga,MF,27,26,1729,0,0,0.8,0.5,0.8,1500000.0,636,755,84.2,10454,2996,4,48,24,35,7,1,0,0.07,19.2,24,0,8,2
Christian Walton,Ipswich Town,Premier League,GK,28,7,630,0,0,0.0,0.0,0.0,1500000.0,177,255,69.4,4784,3409,1,0,0,0,0,0,0,0.0,7.0,0,0,0,0
Enzo Loiodice,Las Palmas,La Liga,MF,23,17,684,0,0,0.3,0.2,0.3,1500000.0,377,443,85.1,6435,1576,5,17,10,4,3,0,0,0.06,7.6,7,0,7,4
Balthazar Pierret,Lecce,Serie A,MF,24,30,1723,0,0,0.2,0.4,0.2,1500000.0,696,833,83.6,10978,3431,10,51,19,19,2,0,0,0.03,19.1,31,1,6,0
Mamadou Sylla,Valladolid,La Liga,FW,30,29,1583,5,1,5.1,1.7,2.0,1500000.0,177,282,62.8,2675,420,14,8,3,8,5,0,6,0.39,17.6,4,0,18,3
Gianluca Caprari,Monza,Serie A,MF,31,34,1651,3,2,4.2,2.4,2.6,1500000.0,579,732,79.1,9227,2016,30,19,8,14,3,0,5,0.36,18.3,11,2,28,9
Sergi Canos,Valencia,La Liga,MF,27,17,370,0,1,0.5,0.2,0.5,1500000.0,92,158,58.2,1502,418,4,11,5,6,3,0,1,0.17,4.1,7,3,11,3
Fernando Calero,Espanyol,La Liga,DF,28,21,715,1,0,0.3,0.0,0.3,1500000.0,325,381,85.3,6408,2520,3,18,16,16,1,0,1,0.04,7.9,10,1,2,1
Marco Sportiello,Milan,Serie A,GK,32,2,126,0,0,0.0,0.0,0.0,1500000.0,51,61,83.6,1238,656,0,0,0,0,0,0,0,0.0,1.4,0,0,0,0
Pietro Terracciano,Fiorentina,Serie A,GK,34,3,270,0,0,0.0,0.0,0.0,1500000.0,70,89,78.7,1552,957,0,0,0,0,0,0,0,0.0,3.0,0,0,0,0
Rafael Toloi,Atalanta,Serie A,DF,33,11,468,0,0,0.1,0.2,0.1,1500000.0,257,293,87.7,4198,1287,3,10,8,8,1,0,0,0.05,5.2,5,0,3,0
Robin Olsen,Aston Villa,Premier League,GK,34,4,226,0,0,0.0,0.0,0.0,1500000.0,65,101,64.4,2083,1590,0,1,0,0,0,0,0,0.0,2.5,0,0,0,0
Kevin Behrens,Wolfsburg,Bundesliga,FW,33,18,170,1,0,2.3,0.1,2.3,1500000.0,48,79,60.8,663,121,2,1,1,0,2,0,1,1.3,1.9,1,0,9,3
Stefano Sensi,Monza,Serie A,MF,28,12,274,1,0,0.9,0.2,0.2,1500000.0,257,299,86.0,4852,1499,3,8,3,4,0,0,1,0.38,3.0,5,1,6,1
Henri Koudossou,Augsburg,Bundesliga,DF,24,21,748,0,0,0.1,0.8,0.1,1500000.0,283,359,78.8,4431,1567,10,18,15,8,1,0,0,0.1,8.3,10,6,2,0
Yusuf Kabadayi,Augsburg,Bundesliga,FW,20,5,71,1,0,0.6,0.0,0.6,1500000.0,16,25,64.0,251,69,1,1,0,1,0,0,1,0.89,0.8,0,0,4,1
Philipp Hofmann,Bochum,Bundesliga,FW,31,32,2277,3,3,5.5,3.3,5.5,1500000.0,441,694,63.5,6603,1417,26,17,4,14,4,0,6,0.35,25.3,12,0,54,19
Max Geschwill,Holstein Kiel,Bundesliga,DF,23,19,1282,1,2,0.9,0.8,0.9,1500000.0,496,668,74.3,9477,4117,10,26,30,14,2,0,3,0.12,14.2,21,2,9,2
Jeffrey Gouweleeuw,Augsburg,Bundesliga,DF,33,33,2944,1,4,1.7,2.2,0.9,1500000.0,1400,1694,82.6,29407,12623,14,50,35,34,9,0,5,0.12,32.7,28,2,17,4
Mathias Honsak,Heidenheim,Bundesliga,FW,27,22,1181,5,1,3.3,1.6,3.3,1500000.0,324,462,70.1,5737,1580,14,15,10,19,1,0,6,0.38,13.1,8,9,29,10
Samuel Grandsir,Le Havre,Ligue 1,MF,27,6,84,0,0,0.0,0.6,0.0,1500000.0,20,32,62.5,357,133,3,5,0,2,0,0,0,0.67,0.9,5,1,0,0
Amadou Kone,Reims,Ligue 1,MF,19,24,1293,0,0,0.5,0.3,0.5,1500000.0,518,602,86.0,8977,2485,8,49,19,18,3,1,0,0.06,14.4,32,0,14,4
Cedric Hountondji,Angers,Ligue 1,DF,30,3,270,0,0,0.0,0.0,0.0,1500000.0,85,100,85.0,1652,391,0,6,4,3,0,0,0,0.0,3.0,4,0,0,0
Lautaro Valenti,Parma,Serie A,DF,25,20,1556,1,0,0.2,0.2,0.2,1500000.0,701,830,84.5,13631,4181,4,17,13,26,6,1,1,0.02,17.3,12,1,7,2
Denis Genreau,Toulouse,Ligue 1,MF,25,8,222,0,0,0.3,0.5,0.3,1500000.0,105,127,82.7,1588,460,5,7,3,3,0,0,0,0.31,2.5,5,0,6,0
Mattia Valoti,Monza,Serie A,MF,30,5,40,0,0,0.0,0.0,0.0,1500000.0,12,19,63.2,235,60,0,3,0,2,1,0,0,0.0,0.4,3,0,0,0
Lois Diony,Angers,Ligue 1,FW,31,1,21,0,0,0.0,0.0,0.0,1500000.0,1,4,25.0,9,0,0,0,0,0,0,0,0,0.0,0.2,0,0,0,0
Ivan Prtajin,Union Berlin,Bundesliga,FW,28,5,161,0,0,0.5,0.1,0.5,1500000.0,18,48,37.5,204,37,1,3,0,2,0,0,0,0.37,1.8,2,1,8,2
Tymoteusz Puchacz,Holstein Kiel,Bundesliga,DF,25,10,396,0,1,0.1,0.6,0.1,1500000.0,137,195,70.3,2283,769,8,9,3,4,0,0,1,0.16,4.4,4,6,4,1
Tim Siersleben,Heidenheim,Bundesliga,DF,24,16,1182,0,0,0.6,0.5,0.6,1500000.0,581,719,80.8,12037,5686,6,21,20,19,4,0,0,0.08,13.1,14,2,4,2
Mario Martin,Valladolid,La Liga,MF,20,30,1748,0,1,1.8,1.4,1.8,1500000.0,677,801,84.5,11986,2955,12,62,21,32,8,3,1,0.16,19.4,32,1,28,13
Javi Martinez,Osasuna,La Liga,MF,24,1,6,0,0,0.0,0.0,0.0,1500000.0,9,9,100.0,126,55,0,0,0,0,0,0,0,0.0,0.1,0,0,0,0
Randy Nteka,Rayo Vallecano,La Liga,FW,26,24,1129,3,0,2.6,0.5,2.6,1500000.0,144,223,64.6,1834,230,9,16,4,13,6,0,3,0.25,12.5,5,0,16,8
Cenk Ozkacar,Valladolid,La Liga,DF,23,11,757,0,0,0.1,0.0,0.1,1500000.0,331,392,84.4,6430,2436,1,9,18,9,1,0,0,0.02,8.4,5,0,2,0
Pere Milla,Espanyol,La Liga,MF,31,20,456,3,0,1.5,0.3,1.5,1500000.0,97,165,58.8,1707,456,5,6,3,10,3,0,3,0.35,5.1,2,0,11,5
Julien Le Cardinal,Brest,Ligue 1,DF,26,16,1378,0,1,0.4,0.3,0.4,1500000.0,704,815,86.4,14529,5467,5,27,33,18,3,0,1,0.05,15.3,15,0,10,3
Aissa Mandi,Lille,Ligue 1,DF,32,24,1733,0,0,0.3,0.4,0.3,1500000.0,1104,1244,88.7,22008,6980,5,31,15,23,3,0,0,0.04,19.3,17,2,6,2
Wahbi Khazri,Montpellier,Ligue 1,FW,33,30,1118,1,1,2.3,2.2,2.3,1500000.0,229,337,68.0,3894,1196,18,25,5,13,4,0,2,0.37,12.4,18,5,36,6
Herve Koffi,Lens,Ligue 1,GK,27,5,450,0,0,0.0,0.0,0.0,1500000.0,98,135,72.6,2631,1938,0,1,0,0,2,0,0,0.0,5.0,1,0,0,0
Anthony Lopes,Nantes,Ligue 1,GK,33,18,1563,0,0,0.0,0.0,0.0,1500000.0,356,547,65.1,10874,8064,0,1,1,0,2,0,0,0.0,0.0,0,0,0,0
Ismaily,Lille,Ligue 1,DF,34,16,904,0,1,0.7,1.0,0.7,1500000.0,552,632,87.3,8555,2786,5,33,13,15,4,0,1,0.17,10.0,17,4,10,4
Joseph Aidoo,Celta Vigo,La Liga,DF,28,1,2,0,0,0.0,0.0,0.0,1400000.0,337,378,89.2,7044,2518,0,1,0,0,0,0,0,0.0,0.0,0,0,1,0
Harry Clarke,Ipswich Town,Premier League,DF,23,7,379,0,0,0.1,0.0,0.1,1400000.0,190,236,80.5,3442,1226,1,5,4,5,3,1,0,0.03,4.2,3,0,1,1
Antonio Raimondo,Venezia,Serie A,FW,20,9,94,0,0,0.3,0.1,0.3,1400000.0,17,26,65.4,200,48,1,2,0,0,0,0,0,0.4,1.0,1,0,1,1
Alphadjo Cisse,Hellas Verona,Serie A,FW,17,2,9,0,0,0.0,0.0,0.0,1400000.0,6,8,75.0,90,18,0,0,0,0,0,0,0,0.46,0.1,0,0,2,2
Andrea Petagna,Monza,Serie A,FW,29,13,335,0,0,0.2,0.0,0.2,1400000.0,45,70,64.3,696,55,1,2,1,0,1,0,0,0.05,3.7,1,0,4,0
Junior Sambia,Empoli,Serie A,DF,27,17,387,0,0,0.4,0.3,0.4,1400000.0,124,182,68.1,2254,916,6,14,2,3,0,0,0,0.16,4.3,10,7,10,1
David Torres,Valladolid,La Liga,DF,21,18,1387,0,0,0.3,0.0,0.3,1400000.0,589,714,82.5,11231,4594,1,13,10,19,5,0,0,0.02,15.4,8,1,3,1
Fellipe Jack,Como,Serie A,DF,18,7,171,0,0,0.0,0.1,0.0,1400000.0,77,98,78.6,1441,479,1,9,4,2,2,0,0,0.03,1.9,4,0,0,0
Jarzinho Malanga,Stuttgart,Bundesliga,DF,18,1,2,0,0,0.0,0.0,0.0,1400000.0,2,2,100.0,25,0,0,0,0,0,0,0,0,0.0,0.0,0,0,0,0
Diego Rico,Getafe,La Liga,DF,31,33,2819,0,3,0.4,2.7,0.4,1300000.0,1058,1564,67.6,19166,10727,36,81,34,41,9,1,3,0.1,31.3,49,29,16,3
Denis Suarez,Villarreal,La Liga,MF,30,21,608,1,1,0.9,1.5,0.9,1300000.0,228,291,78.4,3710,1203,14,12,3,4,0,0,2,0.36,6.8,8,3,10,3
Luca Kerber,Heidenheim,Bundesliga,MF,22,23,783,2,0,0.6,0.7,0.6,1300000.0,182,247,73.7,3338,795,6,26,5,14,4,0,2,0.15,8.7,16,1,7,5
Raul Albiol,Villarreal,La Liga,DF,38,15,1188,0,0,0.1,0.0,0.1,1300000.0,727,813,89.4,14582,6006,0,10,6,10,5,0,0,0.01,13.2,9,0,2,0
Petar Stojanovic,Empoli,Serie A,MF,28,1,3,0,0,0.0,0.0,0.0,1300000.0,1,3,33.3,9,4,0,0,0,0,0,0,0,0.0,0.0,0,0,0,0
Mamadou Coulibaly,Monaco,Ligue 1,MF,20,1,8,0,0,0.1,0.0,0.1,1300000.0,3,5,60.0,19,7,0,1,0,0,0,0,0,0.85,0.1,0,0,1,0
Karol Mets,St. Pauli,Bundesliga,DF,31,10,900,0,0,0.1,0.2,0.1,1300000.0,526,631,83.4,10181,3728,3,13,12,9,1,0,0,0.03,10.0,8,1,3,0
Fraser Forster,Tottenham,Premier League,GK,36,7,630,0,0,0.0,0.0,0.0,1200000.0,168,198,84.8,3349,2105,0,0,0,0,0,0,0,0.0,7.0,0,0,0,0
Djibril Sidibe,Toulouse,Ligue 1,DF,32,28,2101,0,3,0.4,2.9,0.4,1200000.0,1018,1277,79.7,17651,8086,18,65,20,11,1,0,3,0.14,23.3,36,12,5,1
Pejino,Las Palmas,La Liga,FW,28,1,16,0,0,0.0,0.0,0.0,1200000.0,6,7,85.7,87,22,0,1,0,0,0,0,0,0.17,0.2,1,0,1,0
Eduard Sobol,Strasbourg,Ligue 1,DF,29,10,95,0,0,0.0,0.0,0.0,1200000.0,22,34,64.7,357,175,0,0,2,2,2,0,0,0.0,1.1,0,0,0,0
Alvaro Odriozola,Real Sociedad,La Liga,DF,28,2,43,0,0,0.0,0.0,0.0,1200000.0,22,30,73.3,344,111,0,1,0,0,1,0,0,0.0,0.5,1,1,0,0
Alex Munoz,Las Palmas,La Liga,DF,30,21,1415,3,0,0.9,0.5,0.9,1200000.0,618,775,79.7,9935,3534,7,39,16,28,3,0,3,0.09,15.7,29,8,9,5
Jordan Lefort,Angers,Ligue 1,DF,30,34,3060,0,1,0.6,1.1,0.6,1200000.0,1446,1749,82.7,27893,12926,10,52,32,56,3,0,1,0.05,34.0,30,4,9,1
Conor Townsend,Ipswich Town,Premier League,DF,31,6,335,0,1,0.0,0.7,0.0,1200000.0,80,127,63.0,1418,756,4,11,4,8,1,0,1,0.18,3.7,8,2,1,0
Miguel,Leganes,La Liga,FW,24,34,1724,1,3,4.9,1.4,3.3,1200000.0,139,237,58.6,2021,381,7,16,4,15,3,0,4,0.33,19.2,7,1,33,14
Lukas Daschner,Bochum,Bundesliga,MF,25,14,412,1,1,2.7,0.7,1.9,1200000.0,93,144,64.6,1531,522,6,4,0,5,0,0,2,0.74,4.6,2,0,8,4
Adnan Januzaj,Las Palmas,La Liga,MF,29,18,598,2,1,0.8,1.1,0.8,1200000.0,242,350,69.1,4610,1469,17,10,2,6,5,0,3,0.29,6.6,6,4,16,5
Juan Soriano,Leganes,La Liga,GK,26,6,540,0,0,0.0,0.0,0.0,1200000.0,98,185,53.0,3513,2922,0,1,0,0,1,1,0,0.0,6.0,1,0,0,0
Cristhian Stuani,Girona,La Liga,FW,37,32,1078,11,2,8.1,0.6,5.8,1200000.0,107,154,69.5,1450,161,6,9,7,4,4,0,13,0.73,12.0,7,0,31,16
Jorge Saenz,Leganes,La Liga,DF,27,23,1690,1,0,1.3,0.1,1.3,1200000.0,752,898,83.7,14899,5767,2,37,25,26,4,1,1,0.07,18.8,23,0,8,3
Dani Gomez,Valencia,La Liga,FW,26,14,532,2,0,2.7,0.0,2.7,1200000.0,62,83,74.7,741,120,1,3,2,1,0,0,2,0.46,5.9,2,0,14,6
Dinko Horkas,Las Palmas,La Liga,GK,25,13,1085,0,0,0.0,0.0,0.0,1200000.0,397,525,75.6,10570,7433,0,0,0,0,1,0,0,0.0,12.1,0,0,0,0
Kiko Femenia,Villarreal,La Liga,DF,33,28,2227,0,1,0.4,1.3,0.4,1200000.0,1339,1506,88.9,22076,7230,16,50,40,21,7,0,1,0.07,24.7,34,14,3,0
Facundo Garces,Alaves,La Liga,DF,24,10,678,0,0,0.1,0.8,0.1,1200000.0,150,197,76.1,3011,1258,3,6,5,8,2,0,0,0.12,7.5,2,0,5,1
Jerome Roussillon,Union Berlin,Bundesliga,DF,31,7,136,0,0,0.1,0.0,0.1,1200000.0,45,71,63.4,839,414,0,0,2,0,0,0,0,0.06,1.5,0,0,2,0
Zinedine Ferhat,Angers,Ligue 1,FW,31,24,849,2,0,1.4,2.4,1.4,1200000.0,303,451,67.2,5059,1644,17,9,10,9,1,0,2,0.4,9.4,7,3,12,5
Alex Palmer,Ipswich Town,Premier League,GK,27,13,1170,0,0,0.0,0.0,0.0,1200000.0,299,423,70.7,8545,6103,1,0,0,0,2,0,0,0.0,13.0,0,0,0,0
Moritz-Broni Kwarteng,Bochum,Bundesliga,MF,26,7,172,0,0,0.2,0.2,0.2,1200000.0,62,78,79.5,933,228,4,4,0,0,1,0,0,0.19,1.9,3,0,6,1
Duk,Leganes,La Liga,MF,24,10,179,0,0,0.0,0.7,0.0,1200000.0,33,53,62.3,463,135,5,8,1,4,1,0,0,0.34,2.0,4,1,2,1
Marcos Andre,Valladolid,La Liga,FW,27,22,1188,1,2,2.7,0.8,2.7,1200000.0,138,210,65.7,2358,395,9,10,3,18,5,0,3,0.27,13.2,6,0,22,2
Marnon Busch,Heidenheim,Bundesliga,DF,29,23,1396,0,1,0.4,1.1,0.4,1200000.0,614,845,72.7,13121,4710,12,26,13,23,1,0,1,0.1,15.5,17,10,13,3
Marin Sverko,Venezia,Serie A,DF,26,16,1117,1,0,0.3,0.3,0.3,1200000.0,495,602,82.2,8857,3962,2,20,16,10,3,0,1,0.05,12.4,9,0,3,1
Filippo Melegoni,Genoa,Serie A,MF,25,3,89,0,1,0.0,0.5,0.0,1200000.0,9,16,56.3,197,105,1,1,0,0,0,0,1,0.55,1.0,1,0,1,0
Dimitry Bertaud,Montpellier,Ligue 1,GK,26,4,360,0,0,0.0,0.0,0.0,1200000.0,82,114,71.9,2389,1824,0,0,0,0,0,0,0,0.0,4.0,0,0,0,0
Florian Muller,Freiburg,Bundesliga,GK,26,9,753,0,0,0.0,0.0,0.0,1200000.0,206,326,63.2,6261,5083,0,0,0,0,0,0,0,0.0,8.4,0,0,0,0
Francesco Zampano,Venezia,Serie A,DF,30,24,1639,1,2,1.0,0.8,1.0,1100000.0,416,568,73.2,6763,2156,12,31,6,21,5,0,3,0.1,18.2,20,6,7,4
Wylan Cyprien,Parma,Serie A,MF,29,2,28,0,0,0.2,0.0,0.2,1100000.0,14,21,66.7,248,161,0,0,1,1,0,0,0,0.63,0.3,0,0,1,0
Marco Sala,Como,Serie A,DF,25,8,261,0,0,0.0,0.1,0.0,1000000.0,36,50,72.0,557,177,1,1,0,1,3,0,0,0.04,2.9,0,1,0,0
James Milner,Brighton,Premier League,MF,38,4,170,0,0,0.2,0.2,0.2,1000000.0,55,74,74.3,899,347,4,5,2,4,1,0,0,0.21,1.9,2,1,2,0
Darwin Machis,Valladolid,La Liga,MF,31,18,639,0,1,0.9,0.5,0.9,1000000.0,160,268,59.7,2925,865,8,5,5,3,0,0,1,0.2,7.1,4,4,14,2
Almugera Kabar,Dortmund,Bundesliga,DF,18,5,137,0,0,0.0,0.5,0.0,1000000.0,89,98,90.8,1317,221,3,5,1,1,2,1,0,0.36,1.5,3,1,0,0
Caleb Kporha,Crystal Palace,Premier League,DF,18,2,13,0,0,0.0,0.0,0.0,1000000.0,5,7,71.4,72,21,0,2,0,0,0,0,0,0.0,0.1,1,1,0,0
Patrick Erras,Holstein Kiel,Bundesliga,DF,29,10,832,1,0,0.9,0.1,0.9,1000000.0,469,510,92.0,8210,3076,3,8,9,13,2,0,1,0.11,9.2,5,0,8,1
Jon Magunazelaia,Real Sociedad,La Liga,MF,23,2,7,0,0,0.0,0.0,0.0,1000000.0,7,13,53.8,117,30,0,1,0,0,0,0,0,0.0,0.1,1,0,0,0
Eric da Silva Moreira,Nott'ham Forest,Premier League,MF,18,2,30,0,0,0.0,0.0,0.0,1000000.0,7,8,87.5,86,7,0,2,1,0,0,0,0,0.0,0.3,2,0,0,0
Adam Smith,Bournemouth,Premier League,DF,33,25,1590,0,0,0.7,0.4,0.7,1000000.0,514,679,75.7,8452,2723,8,24,15,13,7,0,0,0.06,17.7,12,5,3,0
Divin Mubama,Manchester City,Premier League,FW,19,1,28,0,0,0.0,0.0,0.0,1000000.0,2,3,66.7,44,18,0,0,0,0,0,0,0,0.12,0.3,0,0,1,0
Nobel Mendy,Betis,La Liga,DF,19,2,108,0,0,0.0,0.0,0.0,1000000.0,46,53,86.8,1082,444,0,0,4,2,1,0,0,0.0,1.2,0,0,0,0
Jesus Owono,Alaves,La Liga,GK,23,6,487,0,0,0.0,0.0,0.0,1000000.0,99,163,60.7,3878,3470,0,1,0,0,0,0,0,0.0,5.4,1,0,0,0
Viktor Kovalenko,Empoli,Serie A,MF,28,6,77,0,0,0.1,0.0,0.1,1000000.0,26,37,70.3,410,67,0,2,0,0,0,0,0,0.12,0.9,1,0,3,1
Jayden Danns,Liverpool,Premier League,MF,18,1,11,0,0,0.0,0.0,0.0,1000000.0,1,1,100.0,6,0,0,0,0,0,0,0,0,0.0,0.1,0,0,0,0
Darko Lazovic,Hellas Verona,Serie A,DF,33,27,1459,2,3,2.5,3.4,1.7,1000000.0,315,505,62.4,5171,1949,18,21,11,19,0,0,5,0.36,16.2,10,7,19,3
Jose Campana,Las Palmas,La Liga,MF,31,25,1189,0,3,0.1,0.9,0.1,1000000.0,703,834,84.3,12424,4339,14,21,19,9,5,0,3,0.08,13.2,16,4,5,3
Kaelan Casey,West Ham,Premier League,DF,19,1,1,0,0,0.0,0.0,0.0,1000000.0,0,0,0.0,0,0,0,0,0,0,0,0,0,0.0,0.0,0,0,0,0
Leandro Cabrera,Espanyol,La Liga,DF,33,33,2869,4,2,1.1,0.9,1.1,1000000.0,1084,1442,75.2,22270,10095,9,40,30,35,4,1,6,0.06,31.9,23,3,19,6
Francesco Caputo,Empoli,Serie A,FW,36,1,6,0,0,0.0,0.0,0.0,1000000.0,2,2,100.0,26,0,0,0,0,0,0,0,0,0.0,0.1,0,0,0,0
Jamie Vardy,Leicester City,Premier League,FW,37,35,2823,9,4,11.2,3.0,9.6,1000000.0,258,389,66.3,3776,424,19,19,5,8,5,0,13,0.45,31.4,13,1,56,23
Kingstone Mutandwa,Cagliari,Serie A,FW,21,6,127,0,0,0.4,0.0,0.4,1000000.0,19,28,67.9,221,17,0,0,0,0,0,0,0,0.25,1.4,0,0,4,0
Keita Balde,Monza,Serie A,FW,29,11,638,2,0,1.1,0.2,1.1,1000000.0,199,223,89.2,2878,575,4,1,2,4,2,0,2,0.18,7.1,1,3,14,5
Davide Bartesaghi,Milan,Serie A,DF,18,4,118,0,0,0.0,0.1,0.0,1000000.0,65,76,85.5,938,308,2,4,3,1,0,1,0,0.09,1.3,2,3,1,1
Tamas Nikitscher,Valladolid,La Liga,MF,24,13,858,0,0,0.1,0.0,0.1,1000000.0,284,311,91.3,4518,985,2,17,11,17,2,0,0,0.01,9.5,8,0,2,1
Orjan Nyland,Sevilla,La Liga,GK,33,30,2673,0,0,0.0,0.3,0.0,1000000.0,637,1007,63.3,17132,12890,4,3,0,0,2,0,0,0.01,29.7,2,0,0,0
Matija Nastasic,Leganes,La Liga,DF,31,26,2110,1,0,0.1,0.1,0.1,1000000.0,704,852,82.6,14179,4820,2,25,21,39,3,0,1,0.01,23.4,11,0,2,1
Pau Navarro,Villarreal,La Liga,DF,19,17,916,0,0,0.0,0.0,0.0,1000000.0,517,577,89.6,8684,3122,1,23,4,13,1,0,0,0.0,10.2,17,0,1,0
Gaston Pereiro,Genoa,Serie A,MF,29,2,31,0,0,0.0,0.0,0.0,1000000.0,11,15,73.3,139,33,0,1,0,0,0,0,0,0.0,0.3,0,0,0,0
Matteo Palma,Udinese,Serie A,DF,16,1,5,0,0,0.0,0.0,0.0,1000000.0,5,7,71.4,80,13,0,0,0,1,0,0,0,0.0,0.1,0,0,0,0
Rui Patricio,Atalanta,Serie A,GK,36,3,270,0,0,0.0,0.0,0.0,1000000.0,85,101,84.2,2071,1243,0,0,0,0,0,0,0,0.0,3.0,0,0,0,0
Paulo Azzi,Cagliari,Serie A,DF,30,6,426,0,0,0.5,0.9,0.5,1000000.0,126,180,70.0,2228,889,5,11,5,5,2,0,0,0.3,4.7,9,4,8,3
Franco Carboni,Venezia,Serie A,DF,21,8,226,0,0,0.0,0.1,0.0,1000000.0,61,92,66.3,931,351,2,5,0,1,2,0,0,0.04,2.5,3,2,1,0
Gauthier Gallon,Rennes,Ligue 1,GK,31,1,45,0,0,0.0,0.0,0.0,1000000.0,16,19,84.2,277,175,0,0,0,0,0,0,0,0.0,0.5,0,0,0,0
Willian,Fulham,Premier League,FW,35,10,257,0,0,0.3,0.5,0.3,1000000.0,178,208,85.6,3198,855,7,4,1,0,0,0,0,0.28,2.9,2,2,7,0
Alex Suarez,Las Palmas,La Liga,DF,31,30,2460,0,0,0.5,0.1,0.5,1000000.0,1165,1357,85.9,21803,7921,3,40,13,39,12,0,0,0.02,27.3,23,0,6,3
Martin Dubravka,Newcastle Utd,Premier League,GK,35,10,900,0,0,0.0,0.0,0.0,1000000.0,265,333,79.6,5932,3082,0,0,0,0,0,0,0,0.0,10.0,0,0,0,0
Gonzalo Garcia,Real Madrid,La Liga,FW,20,3,56,0,1,0.5,1.0,0.5,1000000.0,19,20,95.0,245,20,1,0,0,1,0,0,1,2.35,0.6,0,0,1,0
Unai Garcia,Osasuna,La Liga,DF,32,3,65,0,0,0.0,0.0,0.0,1000000.0,36,38,94.7,805,278,0,0,0,1,0,0,0,0.0,0.7,0,0,0,0
Danilo Veiga,Lecce,Serie A,DF,21,13,374,0,0,0.6,0.3,0.6,1000000.0,104,161,64.6,1712,550,6,8,4,5,0,0,0,0.21,4.2,6,3,5,0
Nicolas Viola,Cagliari,Serie A,FW,34,27,1267,3,1,2.2,1.9,2.2,1000000.0,285,452,63.1,5124,2017,28,14,3,5,2,0,4,0.29,14.1,7,2,31,9
Mattia De Sciglio,Empoli,Serie A,DF,31,16,769,1,0,0.6,0.2,0.6,1000000.0,233,299,77.9,4506,1744,3,18,8,10,0,0,1,0.09,8.5,13,2,5,3
Juan Cuadrado,Atalanta,Serie A,DF,36,23,832,0,2,0.9,2.0,0.9,1000000.0,476,601,79.2,8203,2257,19,19,7,14,3,0,2,0.31,9.2,9,2,16,4
Wojciech Szczesny,Barcelona,La Liga,GK,34,15,1350,0,0,0.0,0.0,0.0,1000000.0,402,454,88.5,9086,5717,0,1,0,0,0,0,0,0.0,15.0,1,0,0,0
Diadie Samassekou,Hoffenheim,Bundesliga,MF,28,8,290,0,0,0.1,0.0,0.1,1000000.0,144,156,92.3,2024,473,0,5,5,4,0,0,0,0.02,3.2,5,0,3,1
Maximilian Philipp,Freiburg,Bundesliga,MF,30,2,17,0,0,0.0,0.0,0.0,1000000.0,3,7,42.9,21,0,0,0,0,0,0,0,0,0.22,0.2,0,0,1,0
Lasse Rosenboom,Holstein Kiel,Bundesliga,DF,22,26,1734,2,2,1.9,1.1,1.9,1000000.0,329,505,65.1,6079,2248,14,47,19,28,3,0,4,0.16,19.3,35,4,12,5
Borna Barisic,Leganes,La Liga,DF,31,1,9,0,0,0.0,0.0,0.0,1000000.0,3,4,75.0,48,2,0,0,0,0,0,0,0,0.0,0.1,0,0,0,0
Marc Bartra,Betis,La Liga,DF,33,25,2099,2,1,1.2,0.2,1.2,1000000.0,945,1163,81.3,19271,6573,4,33,33,41,2,0,3,0.06,23.3,19,1,18,5
Michail Antonio,West Ham,Premier League,FW,34,14,836,1,1,2.2,1.6,2.2,1000000.0,114,188,60.6,2183,424,9,2,0,6,1,0,2,0.41,9.3,2,2,19,4
Mateo Flores,Betis,La Liga,MF,20,6,153,0,0,0.0,0.0,0.0,1000000.0,56,69,81.2,955,282,0,3,2,1,1,0,0,0.0,1.7,1,1,0,0
Aaron Ciammaglichella,Torino,Serie A,MF,19,1,1,0,0,0.0,0.0,0.0,1000000.0,0,0,0.0,0,0,0,0,0,0,0,0,0,0.0,0.0,0,0,0,0
Davide Faraoni,Hellas Verona,Serie A,DF,32,8,260,0,0,0.2,0.1,0.2,1000000.0,65,95,68.4,1056,387,2,10,2,7,1,0,0,0.12,2.9,9,3,1,0
Francis Coquelin,Nantes,Ligue 1,MF,33,6,224,1,1,1.0,1.1,1.0,1000000.0,88,101,87.1,1213,275,5,9,6,3,1,0,2,0.86,2.5,5,0,7,1
Pierre Cornud,Saint-Etienne,Ligue 1,DF,27,11,576,0,0,0.0,0.3,0.0,1000000.0,271,331,81.9,4488,1581,3,12,9,9,2,0,0,0.05,6.4,10,2,0,0
Sidiki Cherif,Angers,Ligue 1,FW,17,7,324,0,0,0.7,0.2,0.7,1000000.0,33,62,53.2,469,79,2,5,0,4,0,0,0,0.25,3.6,5,1,5,2
Steven Skrzybski,Holstein Kiel,Bundesliga,MF,31,24,1323,6,3,3.5,2.9,2.7,1000000.0,312,446,70.0,5441,1645,22,19,11,16,0,0,9,0.44,14.7,6,7,32,12
Tiago Gabriel,Lecce,Serie A,DF,19,2,96,0,0,0.0,0.0,0.0,1000000.0,35,40,87.5,745,271,0,0,0,4,0,0,0,0.0,1.1,0,0,0,0
Alessandro Gabrielloni,Como,Serie A,FW,30,15,142,1,1,0.3,0.8,0.3,1000000.0,28,49,57.1,439,103,4,0,0,0,1,0,2,0.68,1.6,0,0,5,2
Aymen Barkok,Mainz 05,Bundesliga,MF,26,4,73,0,0,0.0,0.1,0.0,1000000.0,26,37,70.3,506,182,1,2,2,1,0,0,0,0.17,0.8,1,1,0,0
Pierluigi Gollini,Genoa,Serie A,GK,29,7,630,0,0,0.0,0.0,0.0,1000000.0,206,250,82.4,5777,4236,0,0,0,1,1,0,0,0.0,7.0,0,0,0,0
Antoine Hainaut,Parma,Serie A,DF,22,25,1206,2,0,0.8,1.0,0.8,1000000.0,372,496,75.0,5978,2498,9,26,15,17,4,0,2,0.14,13.4,14,8,6,3
Ridgeciano Haps,Venezia,Serie A,DF,31,25,1369,1,1,1.2,0.7,1.2,1000000.0,460,592,77.7,7888,2684,7,30,7,18,3,0,2,0.13,15.2,16,6,15,3
Jacopo Seghetti,Empoli,Serie A,GK,19,1,90,0,0,0.0,0.0,0.0,1000000.0,14,22,63.6,384,277,0,0,0,0,0,0,0,0.0,1.0,0,0,0,0
Alen Sherri,Cagliari,Serie A,GK,26,7,621,0,0,0.0,0.0,0.0,1000000.0,163,225,72.4,4097,2916,1,1,1,0,0,0,0,0.0,6.9,0,0,0,0
David Mokwa,Hoffenheim,Bundesliga,DF,20,2,22,0,0,0.3,0.0,0.3,1000000.0,1,4,25.0,9,0,0,1,0,0,0,0,0,1.21,0.2,0,0,2,2
Federico Ravaglia,Bologna,Serie A,GK,24,12,1056,0,0,0.0,0.0,0.0,1000000.0,371,473,78.4,9250,6098,1,0,0,0,0,0,0,0.0,11.7,0,0,0,0
Christian Kabasele,Udinese,Serie A,DF,33,16,1161,2,0,1.5,0.4,1.5,1000000.0,481,564,85.3,9338,3292,6,17,14,14,0,0,2,0.14,12.9,9,0,15,4
Kevin Muller,Heidenheim,Bundesliga,GK,33,33,2939,0,0,0.0,0.0,0.0,1000000.0,987,1306,75.6,27796,17938,0,3,0,0,0,0,0,0.0,32.7,2,0,0,0
Jesus Vallejo,Real Madrid,La Liga,DF,27,4,138,0,1,0.0,0.1,0.0,1000000.0,60,67,89.6,1094,392,2,0,2,0,0,0,1,0.08,1.5,0,0,0,0
Medon Berisha,Lecce,Serie A,MF,20,17,716,0,1,0.7,0.6,0.7,1000000.0,312,400,78.0,6425,2111,11,12,11,6,5,0,1,0.17,8.0,8,1,24,6
Mahamadou Nagida,Rennes,Ligue 1,DF,19,12,430,2,0,1.5,0.3,1.5,1000000.0,174,226,77.0,2662,707,3,8,9,3,1,0,2,0.38,4.8,6,2,6,3
Anthony Jung,Werder Bremen,Bundesliga,DF,32,28,1898,0,0,0.0,0.1,0.0,1000000.0,1354,1512,89.6,24384,8795,2,34,25,23,1,0,0,0.0,21.1,22,1,1,0
Theo Pellenard,Auxerre,Ligue 1,DF,30,2,45,0,0,0.0,0.0,0.0,1000000.0,15,20,75.0,239,37,0,3,0,1,0,0,0,0.0,0.5,2,1,0,0
Leo Petrot,Saint-Etienne,Ligue 1,DF,27,31,2634,0,3,0.6,1.6,0.6,1000000.0,1114,1385,80.4,17729,6679,16,62,42,50,4,0,3,0.08,29.3,39,7,7,3
Carlo Boukhalfa,St. Pauli,Bundesliga,MF,25,25,1646,2,0,1.5,1.1,1.5,1000000.0,333,467,71.3,4368,1306,11,26,12,22,1,0,2,0.14,18.3,11,2,21,4
Juanpe,Girona,La Liga,DF,33,12,727,0,0,0.1,0.2,0.1,900000.0,507,581,87.3,10530,3421,3,8,8,15,2,0,0,0.03,8.1,5,0,2,0
Ivan Villar,Celta Vigo,La Liga,GK,27,4,360,0,0,0.0,0.0,0.0,900000.0,95,117,81.2,1704,1111,0,0,0,0,0,0,0,0.0,4.0,0,0,0,0
Lars Ritzka,St. Pauli,Bundesliga,DF,26,21,922,1,0,0.4,0.2,0.4,900000.0,304,425,71.5,5109,1802,5,49,11,16,1,0,1,0.06,10.2,29,2,8,1
Domen Crnigoj,Venezia,Serie A,MF,28,8,136,0,0,0.1,0.0,0.1,900000.0,25,49,51.0,348,107,0,4,4,5,0,0,0,0.07,1.5,2,0,1,0
Dennis Appiah,Saint-Etienne,Ligue 1,DF,32,29,2128,0,1,0.2,2.1,0.2,900000.0,903,1179,76.6,14432,6487,13,71,29,36,2,0,1,0.1,23.6,43,7,5,2
Sergi Gomez,Espanyol,La Liga,DF,32,12,664,0,0,0.3,0.0,0.3,900000.0,311,350,88.9,6125,1932,0,8,7,12,1,0,0,0.04,7.4,5,0,2,1
Mihailo Ristic,Celta Vigo,La Liga,DF,28,10,429,0,1,0.0,0.2,0.0,900000.0,191,246,77.6,3446,915,4,7,2,1,1,0,1,0.05,4.8,7,1,2,0
Anuar,Valladolid,La Liga,MF,29,26,1720,2,0,1.7,1.2,1.7,900000.0,411,505,81.4,6137,1132,7,38,18,24,7,0,2,0.15,19.1,27,2,11,5
Dani Rodriguez,Mallorca,La Liga,MF,36,37,2162,4,7,2.8,3.1,2.8,900000.0,498,715,69.7,8276,2537,33,49,12,22,5,0,11,0.25,24.0,29,6,31,10
Yllan Okou,Hellas Verona,Serie A,DF,21,1,2,0,0,0.0,0.0,0.0,900000.0,0,2,0.0,0,0,0,0,0,1,0,0,0,0.0,0.0,0,0,0,0
Kasey McAteer,Leicester City,Premier League,FW,22,18,852,1,1,1.0,0.7,1.0,900000.0,183,252,72.6,2556,613,9,23,5,18,3,0,2,0.18,9.5,16,2,13,7
Federico Barba,Como,Serie A,DF,30,7,431,0,0,0.2,0.0,0.2,900000.0,258,292,88.4,4163,1406,0,2,4,2,0,0,0,0.04,4.8,2,0,2,1
Marc Cardona,Las Palmas,La Liga,FW,29,11,132,0,0,0.4,0.0,0.4,900000.0,38,48,79.2,542,79,0,4,0,0,2,0,0,0.26,1.5,2,0,4,0
Jasper Cillessen,Las Palmas,La Liga,GK,35,27,2335,0,0,0.0,0.0,0.0,900000.0,683,1002,68.2,18003,13417,0,1,0,0,1,0,0,0.0,25.9,0,0,0,0
Franco Cervi,Celta Vigo,La Liga,FW,30,7,273,0,0,0.0,0.3,0.0,900000.0,91,132,68.9,1667,587,5,8,8,4,1,0,0,0.11,3.0,3,0,0,0
Ben Lhassine Kone,Como,Serie A,MF,24,4,51,0,0,0.0,0.0,0.0,900000.0,23,24,95.8,452,148,0,2,1,0,1,0,0,0.03,0.6,2,0,1,0
Omar Mascarell,Mallorca,La Liga,MF,31,32,1992,1,0,0.5,0.2,0.5,900000.0,809,963,84.0,14242,3936,3,27,49,33,5,1,1,0.03,22.1,13,0,9,2
Adam Lallana,Southampton,Premier League,MF,36,14,361,0,2,0.2,0.9,0.2,900000.0,221,260,85.0,2891,980,4,8,5,4,4,0,2,0.27,4.0,5,3,3,0
Sam Morsy,Ipswich Town,Premier League,MF,32,33,2751,1,1,0.4,1.2,0.4,900000.0,1249,1445,86.4,20142,5579,24,68,29,34,10,0,2,0.05,30.6,41,4,13,3
Ben Mee,Brentford,Premier League,DF,34,7,183,0,0,0.0,0.0,0.0,900000.0,93,120,77.5,1751,688,0,2,4,3,2,0,0,0.0,2.0,2,0,0,0
Lucas Mincarelli,Montpellier,Ligue 1,DF,20,10,715,1,0,0.6,0.3,0.6,900000.0,309,379,81.5,5124,1980,3,17,9,8,0,0,1,0.11,7.9,10,2,7,2
Pau Cabanes,Alaves,La Liga,MF,19,6,188,0,0,0.0,0.0,0.0,800000.0,59,84,70.2,751,101,1,4,3,5,1,0,0,0.03,1.8,4,0,4,2
Fran Vieites,Betis,La Liga,GK,25,4,360,0,0,0.0,0.0,0.0,800000.0,76,119,63.9,2047,1345,0,0,0,0,0,0,0,0.01,4.0,0,0,1,1
Ivan Nekic,Holstein Kiel,Bundesliga,DF,23,1,71,0,0,0.0,0.0,0.0,800000.0,32,42,76.2,619,249,0,1,3,1,0,0,0,0.0,0.8,1,0,0,0
Alexander Meyer,Dortmund,Bundesliga,GK,33,2,180,0,0,0.0,0.1,0.0,800000.0,54,83,65.1,1541,1064,1,0,0,0,0,0,0,0.06,2.0,0,0,0,0
Nikolas Veratschnig,Mainz 05,Bundesliga,DF,21,15,364,0,0,0.2,0.3,0.2,800000.0,106,146,72.6,1640,532,5,9,5,4,1,0,0,0.13,4.0,6,1,7,1
Yassin Belkhdim,Angers,Ligue 1,MF,22,29,1523,1,1,0.8,0.6,0.8,800000.0,394,487,80.9,5963,1404,5,53,21,23,4,0,2,0.08,16.9,27,1,9,5
Patrik Carlgren,Nantes,Ligue 1,GK,32,5,417,0,0,0.0,0.0,0.0,800000.0,90,137,65.7,2681,2084,0,0,0,0,0,0,0,0.0,4.6,0,0,0,0
Luca Caldirola,Monza,Serie A,DF,33,14,876,0,0,0.3,0.1,0.3,800000.0,556,615,90.4,10352,4162,2,11,11,9,5,0,0,0.04,9.7,7,0,4,2
Domingos Duarte,Getafe,La Liga,DF,29,22,1859,1,0,0.2,0.1,0.2,800000.0,497,633,78.5,11101,3730,2,28,18,28,4,2,1,0.01,20.7,15,0,3,1
Thomas Delaine,Strasbourg,Ligue 1,DF,32,2,9,0,0,0.0,0.0,0.0,800000.0,0,4,0.0,0,0,0,1,1,0,0,0,0,0.0,0.1,1,0,0,0
Bjarki Bjarkason,Venezia,Serie A,DF,24,9,165,0,0,0.0,0.1,0.0,800000.0,78,89,87.6,1208,331,1,3,2,1,2,0,0,0.04,1.8,2,4,0,0
Andre Ferreira,Valladolid,La Liga,GK,28,6,540,0,0,0.0,0.0,0.0,800000.0,138,195,70.8,3984,2985,0,0,0,0,0,0,0,0.0,6.0,0,0,0,0
Marko Dmitrovic,Leganes,La Liga,GK,32,32,2880,0,0,0.0,0.2,0.0,800000.0,470,1052,44.7,17633,14941,1,1,0,0,0,0,0,0.01,32.0,1,0,0,0
Stefan Bell,Mainz 05,Bundesliga,DF,32,18,1436,0,1,0.8,1.0,0.8,800000.0,565,719,78.6,10937,4707,5,22,28,16,4,0,1,0.11,16.0,12,0,12,3
Samuel Bamba,Bochum,Bundesliga,FW,20,5,27,0,0,0.1,0.0,0.1,800000.0,17,22,77.3,284,106,1,1,0,0,0,0,0,0.45,0.3,1,1,2,1
Danilo D'Ambrosio,Monza,Serie A,DF,35,20,1095,0,1,0.5,0.4,0.5,800000.0,566,652,86.8,9736,3415,5,28,15,12,2,1,1,0.08,12.2,15,2,9,4
Ali Dembele,Torino,Serie A,DF,20,15,388,1,0,0.4,0.1,0.4,800000.0,127,168,75.6,2055,697,3,9,1,6,4,1,1,0.1,4.3,5,1,5,2
Jacques Ekomie,Angers,Ligue 1,DF,20,18,697,0,0,0.0,0.0,0.0,800000.0,183,260,70.4,2542,1089,0,22,4,16,1,0,0,0.0,7.7,14,0,1,0
Assane Diousse,Auxerre,Ligue 1,MF,26,17,663,0,0,0.1,0.2,0.1,800000.0,320,357,89.6,5872,1510,2,15,12,6,1,0,0,0.04,7.4,7,0,3,2
Vicente Guaita,Celta Vigo,La Liga,GK,37,34,3060,0,0,0.0,0.0,0.0,800000.0,798,972,82.1,18728,11766,0,0,0,0,0,0,0,0.0,34.0,0,0,0,0
Donovan Leon,Auxerre,Ligue 1,GK,31,32,2880,0,2,0.0,0.4,0.0,800000.0,670,1132,59.2,22274,17974,3,0,0,2,4,0,2,0.01,32.0,0,0,0,0
Yanis Zouaoui,Le Havre,Ligue 1,DF,30,17,976,0,2,0.1,2.9,0.1,800000.0,408,595,68.6,7484,2710,28,20,8,15,3,0,2,0.28,10.8,10,9,5,2
Oscar Trejo,Rayo Vallecano,La Liga,MF,36,19,496,1,0,0.6,1.0,0.6,800000.0,261,312,83.7,3441,775,9,8,4,9,1,0,1,0.28,5.5,5,0,5,2
Milan Badelj,Genoa,Serie A,MF,35,23,1472,1,0,1.0,1.1,1.0,800000.0,681,836,81.5,11772,3955,12,29,20,19,2,0,1,0.13,16.4,16,0,14,2
Semuel Pizzignacco,Monza,Serie A,GK,22,9,736,0,0,0.0,0.0,0.0,800000.0,239,322,74.2,5851,4075,0,0,0,0,0,0,0,0.0,8.2,0,0,0,0
Benito Ramirez,Las Palmas,La Liga,DF,29,19,478,0,0,0.3,0.9,0.3,800000.0,259,326,79.4,4000,1078,13,10,1,8,2,1,0,0.22,5.3,5,6,10,1
Ibrahima Wadji,Saint-Etienne,Ligue 1,FW,29,10,347,0,0,0.8,0.0,0.8,800000.0,53,63,84.1,680,65,1,7,1,1,1,0,0,0.2,3.9,6,0,12,1
Mateu Morey,Mallorca,La Liga,DF,24,16,741,0,0,0.4,0.3,0.4,800000.0,301,390,77.2,4650,1337,4,22,15,11,1,0,0,0.08,8.2,18,1,3,1
Rafa Mir,Valencia,La Liga,FW,27,20,753,1,2,3.0,0.7,3.0,800000.0,144,200,72.0,2224,401,4,12,5,5,4,0,3,0.45,8.4,6,2,27,7
Patrick Drewes,Bochum,Bundesliga,GK,31,21,1890,0,0,0.0,0.0,0.0,800000.0,565,860,65.7,19116,15776,0,0,0,1,2,0,0,0.0,21.0,0,0,0,0
Jonas Martin,Brest,Ligue 1,MF,34,17,496,1,0,0.4,0.3,0.4,800000.0,277,312,88.8,4280,1049,3,13,8,4,2,0,1,0.14,5.5,7,2,3,1
Othmane Maamma,Montpellier,Ligue 1,FW,18,12,361,1,1,0.7,0.2,0.7,800000.0,51,78,65.4,657,162,3,3,1,4,1,0,2,0.29,4.0,1,1,10,3
Timo Horn,Bochum,Bundesliga,GK,31,13,1170,0,0,0.0,0.0,0.0,800000.0,284,499,56.9,11052,9708,1,0,0,0,2,0,0,0.0,13.0,0,0,0,0
Andu Kelati,Holstein Kiel,Bundesliga,MF,21,8,288,1,1,0.9,0.8,0.9,800000.0,95,123,77.2,1834,544,4,7,3,4,2,1,2,0.53,3.2,4,2,6,3
Theo Sainte-Luce,Montpellier,Ligue 1,DF,25,16,1018,1,0,1.0,0.8,1.0,800000.0,257,347,74.1,3744,1534,8,24,12,16,3,0,1,0.17,11.3,11,5,8,4
Hiroki Sekine,Reims,Ligue 1,DF,21,15,887,0,0,0.1,0.2,0.1,800000.0,407,504,80.8,6476,2340,3,9,5,22,1,0,0,0.04,9.9,7,5,5,0
Marco Komenda,Holstein Kiel,Bundesliga,DF,27,19,1307,0,0,0.1,0.8,0.1,800000.0,592,751,78.8,11619,5591,9,26,6,23,3,0,0,0.06,14.5,17,5,3,0
Raul de Tomas,Rayo Vallecano,La Liga,DF,29,2,22,0,0,0.0,0.0,0.0,800000.0,5,6,83.3,50,0,0,2,0,0,0,0,0,0.0,0.2,2,0,0,0
Louis Mouton,Saint-Etienne,Ligue 1,MF,22,24,1045,0,1,1.3,1.3,1.3,800000.0,442,551,80.2,7284,2076,16,49,10,17,2,0,1,0.22,11.6,25,1,19,3
Ben Old,Saint-Etienne,Ligue 1,FW,21,13,528,0,0,1.0,0.8,1.0,800000.0,108,146,74.0,1641,467,9,7,2,8,0,0,0,0.31,5.9,5,1,11,2
Steve Ngoura,Le Havre,Ligue 1,FW,19,8,289,0,0,1.3,0.4,1.3,800000.0,37,57,64.9,556,181,2,4,0,2,0,0,0,0.54,3.2,2,0,10,2
Loic Nego,Le Havre,Ligue 1,DF,33,31,2459,0,0,0.8,0.7,0.8,800000.0,922,1228,75.1,15621,6488,13,58,29,17,4,0,0,0.05,27.3,35,15,11,2
Rafik Messali,Toulouse,Ligue 1,DF,21,13,456,0,1,0.3,1.0,0.3,800000.0,166,227,73.1,2756,890,11,15,10,9,0,0,1,0.25,5.1,8,3,4,0
Paul Akouokou,Lyon,Ligue 1,MF,26,2,19,0,0,0.0,0.0,0.0,800000.0,10,15,66.7,218,58,0,1,1,0,1,0,0,0.0,0.2,0,0,0,0
Umit Akdag,Toulouse,Ligue 1,DF,20,9,500,0,0,0.1,0.1,0.1,800000.0,274,348,78.7,4648,1667,2,8,11,10,2,0,0,0.03,5.6,4,0,2,0
Djylian N'Guessan,Saint-Etienne,Ligue 1,FW,15,8,181,0,0,0.4,0.1,0.4,800000.0,44,53,83.0,606,138,2,6,0,1,0,0,0,0.27,2.0,4,0,3,0
Martin Adeline,Reims,Ligue 1,MF,20,1,26,0,0,0.0,0.0,0.0,800000.0,8,10,80.0,138,11,0,1,0,0,0,0,0,0.0,0.3,1,0,0,0
Luca Philipp,Hoffenheim,Bundesliga,GK,23,6,540,0,0,0.0,0.0,0.0,750000.0,123,194,63.4,3580,2790,0,1,0,0,0,0,0,0.0,6.0,0,0,0,0
Nicholas Pierini,Venezia,Serie A,MF,25,2,83,0,0,0.0,0.1,0.0,750000.0,15,20,75.0,210,65,2,0,0,2,0,0,0,0.13,0.9,0,0,1,0
Nunzio Lella,Venezia,Serie A,MF,24,1,5,0,0,0.0,0.0,0.0,750000.0,1,1,100.0,6,0,0,0,0,0,0,0,0,0.0,0.1,0,0,0,0
Henrique,Valladolid,La Liga,DF,30,5,352,0,0,0.0,0.0,0.0,750000.0,169,197,85.8,2689,766,2,6,3,5,0,0,0,0.01,3.9,2,0,1,0
Danel Sinani,St. Pauli,Bundesliga,FW,27,26,1250,2,2,1.7,3.0,1.7,750000.0,390,546,71.4,6196,2012,24,14,1,12,3,0,4,0.33,13.9,11,3,35,12
Denis Thomalla,Heidenheim,Bundesliga,MF,31,1,4,0,0,0.0,0.0,0.0,750000.0,1,1,100.0,22,0,0,0,0,0,0,0,0,0.0,0.0,0,0,0,0
Johan Manzambi,Freiburg,Bundesliga,FW,18,11,335,2,1,1.3,0.4,1.3,750000.0,108,143,75.5,1826,276,3,8,4,6,2,0,3,0.47,3.7,2,0,11,3
Mirko Maric,Venezia,Serie A,FW,29,10,356,0,0,0.6,0.0,0.6,700000.0,26,41,63.4,384,111,1,6,1,3,0,0,0,0.16,4.0,3,1,1,0
Steve Mandanda,Rennes,Ligue 1,GK,39,18,1486,0,0,0.0,0.1,0.0,700000.0,353,499,70.7,9384,6967,2,0,0,0,0,0,0,0.01,16.5,0,0,0,0
Marvin Schulz,Holstein Kiel,Bundesliga,MF,29,12,306,0,0,0.0,0.7,0.0,700000.0,128,164,78.0,2387,704,4,6,0,12,3,0,0,0.2,3.4,5,2,3,1
Nicolas Pays,Montpellier,Ligue 1,FW,20,9,447,0,0,1.3,0.1,1.3,700000.0,139,179,77.7,2176,467,3,13,4,1,0,0,0,0.29,5.0,6,3,11,1
Christian Gytkjaer,Venezia,Serie A,FW,34,29,754,2,1,2.4,0.5,1.6,700000.0,87,157,55.4,1054,172,7,6,0,3,0,0,3,0.34,8.4,4,0,16,5
Lilian Raolisoa,Angers,Ligue 1,DF,24,29,1318,0,3,0.7,2.0,0.7,700000.0,392,564,69.5,6526,2904,14,41,15,11,1,2,3,0.18,14.6,24,8,14,1
Leonardo Pavoletti,Cagliari,Serie A,FW,35,26,445,2,0,2.7,1.0,2.7,700000.0,92,158,58.2,1149,333,9,1,0,4,5,0,2,0.74,4.9,0,0,18,7
Jose Luis Palomino,Cagliari,Serie A,DF,34,18,1081,1,0,0.5,0.0,0.5,700000.0,508,586,86.7,9656,3667,1,27,22,21,3,0,1,0.04,12.0,15,0,2,1
Aaron Cresswell,West Ham,Premier League,DF,34,18,824,0,0,0.2,1.3,0.2,700000.0,504,610,82.6,9299,3625,9,11,8,9,3,0,0,0.17,9.2,7,2,5,0
Alfie Dorrington,Tottenham,Premier League,DF,19,1,14,0,0,0.0,0.0,0.0,700000.0,15,16,93.8,304,39,0,0,0,0,0,0,0,0.0,0.2,0,0,0,0
Daley Sinkgraven,Las Palmas,La Liga,DF,29,2,91,0,0,0.0,0.0,0.0,700000.0,50,66,75.8,682,211,1,5,1,1,0,0,0,0.02,1.0,1,0,0,0
Florian Tardieu,Saint-Etienne,Ligue 1,MF,32,24,1252,2,4,0.6,1.3,0.6,700000.0,869,1013,85.8,13919,5229,19,18,15,18,0,0,6,0.15,13.9,14,0,16,3
Andre Ayew,Le Havre,Ligue 1,FW,34,27,1453,4,1,4.3,0.2,4.3,700000.0,181,238,76.1,2231,272,8,18,3,9,2,0,5,0.28,16.1,10,0,22,9
Gerrit Holtmann,Bochum,Bundesliga,DF,29,23,1136,2,1,2.0,2.9,2.0,700000.0,270,411,65.7,4724,1601,20,24,16,18,2,0,3,0.39,12.6,19,16,31,8
Nicolas Hofler,Freiburg,Bundesliga,MF,34,20,794,0,0,0.2,0.1,0.2,700000.0,325,376,86.4,5222,1357,3,33,14,7,3,0,0,0.04,8.8,23,0,4,0
Carl Johansson,Holstein Kiel,Bundesliga,DF,30,10,568,0,0,0.0,0.4,0.0,700000.0,268,305,87.9,4810,1547,6,4,10,12,0,1,0,0.07,6.3,2,0,1,1
Nicolas Haas,Empoli,Serie A,MF,28,10,287,0,0,0.0,0.1,0.0,700000.0,99,121,81.8,1517,372,2,11,4,2,1,0,0,0.02,3.2,8,0,1,0
Axel Gueguin,Montpellier,Ligue 1,FW,19,1,23,0,0,0.0,0.0,0.0,700000.0,5,6,83.3,75,34,0,1,0,0,0,0,0,0.0,0.3,1,0,0,0
Alexander Schwolow,Union Berlin,Bundesliga,GK,32,6,540,0,0,0.0,0.0,0.0,700000.0,148,207,71.5,3850,2771,0,0,0,0,0,0,0,0.0,6.0,0,0,0,0
Lamine Fomba,Saint-Etienne,Ligue 1,MF,26,7,217,0,0,0.0,0.3,0.0,700000.0,121,145,83.4,2006,615,1,8,4,7,2,0,0,0.13,2.4,6,0,1,0
Lukasz Fabianski,West Ham,Premier League,GK,39,14,1160,0,0,0.0,0.0,0.0,700000.0,332,495,67.1,9586,6808,0,0,0,0,2,0,0,0.0,12.9,0,0,0,0
Benjamin Siegrist,Genoa,Serie A,GK,32,2,152,0,0,0.0,0.0,0.0,650000.0,48,73,65.8,1347,914,0,0,1,0,0,0,0,0.0,1.7,0,0,0,0
Fredrik Oppegard,Auxerre,Ligue 1,DF,21,9,273,0,0,0.1,0.1,0.1,600000.0,125,154,81.2,1650,509,2,6,2,2,0,0,0,0.07,3.0,4,2,3,1
Arvid Brorsson,Monza,Serie A,DF,25,6,362,0,0,0.0,0.0,0.0,600000.0,224,247,90.7,4098,1147,0,4,2,9,0,0,0,0.0,4.0,3,0,0,0
Darko Brasanac,Leganes,La Liga,MF,32,30,1617,1,2,1.8,0.4,1.8,600000.0,380,502,75.7,5339,1356,9,26,16,24,4,0,3,0.12,18.0,11,0,12,3
Christopher Trimmel,Union Berlin,Bundesliga,DF,37,26,1740,0,3,0.2,2.1,0.2,600000.0,474,783,60.5,9565,4987,35,38,18,14,5,0,3,0.12,19.3,25,10,9,3
Kjetil Haug,Toulouse,Ligue 1,GK,26,6,498,0,0,0.0,0.0,0.0,600000.0,82,130,63.1,2380,1676,0,0,0,0,0,0,0,0.0,5.5,0,0,0,0
Pepe Reina,Como,Serie A,GK,41,12,1034,0,0,0.0,0.0,0.0,600000.0,278,364,76.4,7042,5155,0,0,0,0,0,1,0,0.0,11.5,0,0,0,0
Joe Lumley,Southampton,Premier League,GK,29,3,270,0,0,0.0,0.0,0.0,600000.0,106,151,70.2,2342,1476,0,0,0,0,0,0,0,0.0,3.0,0,0,0,0
Unai Marrero,Real Sociedad,La Liga,GK,22,2,180,0,0,0.0,0.0,0.0,600000.0,46,57,80.7,1155,682,0,0,0,0,0,0,0,0.0,2.0,0,0,0,0
Jaime Mata,Las Palmas,La Liga,FW,35,30,656,0,0,2.6,0.1,2.6,600000.0,127,187,67.9,1817,282,3,8,3,5,9,0,0,0.38,7.3,2,1,17,6
Sergi Guardiola,Rayo Vallecano,La Liga,FW,33,16,362,0,0,2.4,0.1,2.4,600000.0,56,84,66.7,703,192,5,5,1,1,1,0,0,0.62,4.0,3,1,11,3
Adam Dzwigala,St. Pauli,Bundesliga,DF,28,16,373,0,0,0.4,0.0,0.4,600000.0,173,212,81.6,2935,1208,0,20,4,6,2,1,0,0.09,4.1,10,0,6,0
Ivan Sanchez,Valladolid,La Liga,MF,31,32,1404,2,1,0.7,2.9,0.7,600000.0,422,591,71.4,7754,2475,24,37,14,18,4,0,3,0.23,15.6,20,15,15,5
Mats Pannewig,Bochum,Bundesliga,MF,19,14,267,0,0,0.8,0.1,0.8,600000.0,91,121,75.2,1470,350,1,10,2,8,1,0,0,0.31,3.0,6,0,9,3
Julian Chicco,Leganes,La Liga,MF,26,14,302,0,1,0.5,0.2,0.5,600000.0,113,143,79.0,1884,630,2,11,4,2,0,0,1,0.19,3.4,7,0,3,1
Brandon Austin,Tottenham,Premier League,GK,25,1,90,0,0,0.0,0.0,0.0,600000.0,22,32,68.8,526,386,0,0,0,0,0,0,0,0.0,1.0,0,0,0,0
Karol Fila,Strasbourg,Ligue 1,MF,26,1,5,0,0,0.0,0.0,0.0,600000.0,2,4,50.0,18,0,0,0,0,0,1,0,0,0.0,0.1,0,0,0,0
Nordine Kandil,Strasbourg,Ligue 1,MF,22,1,10,0,0,0.0,0.0,0.0,600000.0,3,6,50.0,51,6,0,0,0,0,0,0,0,0.0,0.1,0,0,0,0
Elysee Logbo,Le Havre,Ligue 1,FW,20,1,27,0,0,0.2,0.0,0.2,600000.0,3,4,75.0,36,0,0,0,0,0,0,0,0,0.61,0.3,0,0,1,0
Joel Ward,Crystal Palace,Premier League,DF,34,2,71,0,0,0.0,0.0,0.0,600000.0,14,24,58.3,306,77,1,2,0,0,1,0,0,0.06,0.8,0,0,0,0
Jesse Joronen,Venezia,Serie A,GK,31,8,703,0,0,0.0,0.0,0.0,600000.0,223,302,73.8,5362,3464,0,0,0,0,0,0,0,0.0,7.8,0,0,0,0
Dominik Javorcek,Holstein Kiel,Bundesliga,DF,21,13,386,0,2,0.0,1.0,0.0,550000.0,115,163,70.6,2137,930,4,3,5,7,2,0,2,0.24,4.3,0,1,1,0
Abdoul Kone,Reims,Ligue 1,DF,19,4,133,0,0,0.0,0.0,0.0,500000.0,44,65,67.7,881,175,0,5,1,2,0,0,0,0.0,1.5,3,0,0,0
Fabio Gonzalez,Las Palmas,La Liga,MF,27,2,53,0,0,0.1,0.0,0.1,500000.0,43,53,81.1,756,181,0,0,0,0,0,0,0,0.12,0.6,0,0,2,0
Erik Ahlstrand,St. Pauli,Bundesliga,FW,22,5,43,0,0,0.0,0.0,0.0,500000.0,10,13,76.9,125,21,0,0,1,1,0,0,0,0.0,0.5,0,0,0,0
Jeremy Sebas,Strasbourg,Ligue 1,FW,21,13,190,0,0,0.7,0.0,0.7,500000.0,27,41,65.9,344,73,1,3,0,2,0,0,0,0.35,2.1,2,0,6,2
Alex McCarthy,Southampton,Premier League,GK,34,5,450,0,0,0.0,0.0,0.0,500000.0,117,156,75.0,2823,1985,0,0,0,0,0,0,0,0.0,5.0,0,0,0,0
Frank Feller,Heidenheim,Bundesliga,GK,20,2,121,0,0,0.0,0.0,0.0,500000.0,41,65,63.1,1338,982,0,0,0,0,0,0,0,0.0,1.3,0,0,0,0
Shio Fukuda,Gladbach,Bundesliga,FW,20,6,60,1,0,0.4,0.0,0.4,500000.0,5,10,50.0,49,13,0,0,0,1,0,0,1,0.65,0.7,0,0,3,1
Pelayo Fernandez,Rayo Vallecano,La Liga,DF,21,2,98,0,0,0.0,0.0,0.0,500000.0,24,28,85.7,476,180,0,0,2,0,1,0,0,0.0,1.1,0,0,0,0
Martin Tejon,Valencia,La Liga,MF,20,4,49,0,0,0.1,0.0,0.1,500000.0,20,26,76.9,328,95,1,2,0,0,0,0,0,0.21,0.5,0,0,1,0
Aritz Arambarri,Leganes,La Liga,DF,26,2,177,0,0,0.0,0.0,0.0,500000.0,49,67,73.1,1025,258,0,1,3,2,0,0,0,0.01,2.0,1,0,1,0
Massimo Luongo,Ipswich Town,Premier League,MF,31,11,201,0,0,0.0,0.0,0.0,500000.0,50,66,75.8,722,183,0,9,2,4,0,0,0,0.0,2.2,6,0,0,0
Dante,Nice,Ligue 1,DF,40,25,1964,0,0,0.5,0.2,0.5,500000.0,1267,1432,88.5,21977,9017,4,32,34,29,5,1,0,0.03,21.8,15,0,9,2
Cristian Gamboa,Bochum,Bundesliga,DF,34,12,226,1,0,0.2,0.2,0.2,500000.0,75,124,60.5,1477,594,3,8,2,2,1,0,1,0.14,2.5,3,1,4,1
Sven Ulreich,Bayern Munich,Bundesliga,GK,35,1,90,0,0,0.0,0.0,0.0,500000.0,25,30,83.3,551,414,0,0,0,0,0,0,0,0.0,1.0,0,0,0,0
Adrian Nino,Atletico Madrid,La Liga,FW,20,1,12,0,0,0.2,0.0,0.2,500000.0,0,0,0.0,0,0,0,0,0,0,0,0,0,1.44,0.1,0,0,2,0
Ousmane Camara,Angers,Ligue 1,DF,21,3,252,0,0,0.1,0.0,0.1,500000.0,91,101,90.1,1868,743,1,4,0,1,1,0,0,0.04,2.8,3,0,1,0
Adrian,Betis,La Liga,GK,37,19,1710,0,0,0.0,0.0,0.0,500000.0,474,619,76.6,12206,8309,0,0,0,0,3,0,0,0.0,19.0,0,0,0,0
Florian Micheler,Hoffenheim,Bundesliga,MF,19,1,32,0,0,0.0,0.0,0.0,500000.0,11,12,91.7,158,45,0,0,0,0,1,0,0,0.0,0.4,0,0,0,0
Maurides,St. Pauli,Bundesliga,FW,30,1,2,0,0,0.0,0.0,0.0,500000.0,1,2,50.0,12,0,0,0,0,0,0,0,0,0.0,0.0,0,0,0,0
Axel Camblan,Brest,Ligue 1,MF,20,2,26,0,0,0.0,0.0,0.0,500000.0,3,7,42.9,44,23,0,1,0,1,0,0,0,0.17,0.3,1,0,1,0
Anthony Briancon,Saint-Etienne,Ligue 1,DF,29,1,1,0,0,0.0,0.0,0.0,500000.0,0,0,0.0,0,0,0,0,0,0,0,0,0,0.0,0.0,0,0,0,0
Lewis Holtby,Holstein Kiel,Bundesliga,MF,33,25,1238,0,1,0.5,1.5,0.5,500000.0,540,706,76.5,8993,2690,21,34,21,14,1,1,1,0.15,13.8,20,1,7,0
Victor Orakpo,Nice,Ligue 1,FW,18,4,36,0,0,0.3,0.0,0.3,500000.0,15,17,88.2,218,43,0,0,0,0,0,0,0,0.81,0.4,0,0,2,0
Nicolas Pallois,Nantes,Ligue 1,DF,36,26,2017,0,2,0.4,0.4,0.4,500000.0,731,874,83.6,14898,5456,3,61,28,48,9,0,2,0.04,22.4,27,1,3,1
Marco Silvestri,Empoli,Serie A,GK,33,5,450,0,0,0.0,0.0,0.0,500000.0,94,148,63.5,3026,2507,0,0,0,0,0,0,0,0.0,0.0,0,0,0,0
Scott Banks,St. Pauli,Bundesliga,FW,22,12,116,0,0,0.3,0.0,0.3,500000.0,21,33,63.6,280,61,0,1,2,0,1,0,0,0.22,1.3,1,1,3,0
Yunis Abdelhamid,Saint-Etienne,Ligue 1,DF,36,16,1033,0,0,0.2,0.1,0.2,500000.0,438,505,86.7,7952,2404,2,17,14,26,2,0,0,0.03,11.5,11,0,2,1
Mario Balotelli,Genoa,Serie A,FW,33,6,62,0,0,0.0,0.0,0.0,500000.0,4,15,26.7,102,18,0,0,0,0,2,0,0,0.07,0.7,0,0,2,0
Daniele Baselli,Como,Serie A,MF,32,2,22,0,0,0.0,0.0,0.0,500000.0,24,27,88.9,437,123,0,0,1,0,0,0,0,0.0,0.2,0,0,0,0
Ashley Young,Everton,Premier League,DF,39,32,1875,1,3,0.3,2.3,0.3,500000.0,708,999,70.9,13051,5809,26,58,25,14,7,1,4,0.12,20.8,33,14,6,3
Stefan Schimmer,Heidenheim,Bundesliga,FW,30,13,247,0,0,1.1,0.3,1.1,500000.0,32,53,60.4,526,90,4,2,0,1,1,0,0,0.48,2.7,0,1,10,2
Peio Canales,Athletic Club,La Liga,MF,19,8,259,0,0,0.2,0.2,0.2,500000.0,89,112,79.5,1488,243,6,3,2,3,0,0,0,0.15,2.9,2,0,3,0
Alberto Paleari,Torino,Serie A,GK,31,1,90,0,0,0.0,0.0,0.0,500000.0,28,32,87.5,826,650,0,0,0,0,0,0,0,0.0,1.0,0,0,0,0
Abdoulie Ceesay,St. Pauli,Bundesliga,FW,20,7,60,0,0,0.0,0.0,0.0,500000.0,8,14,57.1,70,2,1,3,0,2,1,0,0,0.03,0.7,3,0,0,0
Seamus Coleman,Everton,Premier League,DF,35,5,215,0,0,0.6,0.0,0.6,500000.0,74,98,75.5,1299,642,0,3,1,5,1,0,0,0.24,2.4,2,0,1,1
Mathis Lambourde,Hellas Verona,Serie A,FW,18,7,89,1,0,0.2,0.1,0.2,500000.0,13,23,56.5,184,27,1,3,0,3,1,0,1,0.24,1.0,1,0,2,1
Noah Edjouma,Toulouse,Ligue 1,MF,18,10,171,2,0,1.3,0.1,1.3,500000.0,36,52,69.2,414,159,1,2,2,1,0,1,2,0.7,1.9,2,1,5,3
Anthony Losilla,Bochum,Bundesliga,MF,38,21,1137,0,0,0.1,0.4,0.1,500000.0,321,419,76.6,5128,1937,7,30,18,22,1,0,0,0.04,12.6,16,3,5,0
Emmanuel Ekong,Empoli,Serie A,MF,22,15,186,0,0,0.1,0.1,0.1,500000.0,30,44,68.2,444,85,2,4,1,2,1,0,0,0.1,2.1,3,0,4,1
Aingeru Olabarrieta,Athletic Club,La Liga,FW,18,1,54,0,0,0.0,0.0,0.0,500000.0,9,18,50.0,114,24,0,0,1,2,0,0,0,0.0,0.6,0,0,0,0
David Otorbi,Valencia,La Liga,MF,16,1,14,0,0,0.0,0.0,0.0,500000.0,2,4,50.0,27,4,0,0,0,1,0,0,0,0.0,0.2,0,0,0,0
Lucas Michal,Monaco,Ligue 1,FW,19,8,117,0,0,0.2,0.9,0.2,500000.0,36,44,81.8,411,71,1,5,1,2,0,0,0,0.87,1.3,3,0,3,1
Ali Jasim,Como,Serie A,FW,20,2,10,0,0,0.0,0.0,0.0,450000.0,7,9,77.8,71,35,0,1,0,0,0,0,0,0.0,0.1,0,0,0,0
Karl-Johan Johnsson,Strasbourg,Ligue 1,GK,34,3,270,0,0,0.0,0.0,0.0,400000.0,107,129,82.9,2158,1272,0,0,0,0,0,0,0,0.0,3.0,0,0,0,0
Naatan Skytta,Toulouse,Ligue 1,FW,22,1,5,0,0,0.0,0.0,0.0,400000.0,4,4,100.0,32,1,0,1,0,0,0,0,0,0.0,0.1,0,0,0,0
Nikola Maksimovic,Montpellier,Ligue 1,DF,32,7,581,0,0,0.0,0.0,0.0,400000.0,288,310,92.9,5904,1883,2,9,6,5,2,0,0,0.01,6.5,5,0,1,0
Allan Nyom,Getafe,La Liga,DF,36,20,887,1,2,0.5,0.3,0.5,400000.0,280,352,79.5,4530,1658,5,18,4,4,4,0,3,0.09,9.9,11,4,9,4
Lorenzo De Silvestri,Bologna,Serie A,DF,36,18,1060,1,0,0.8,0.3,0.8,400000.0,446,564,79.1,7881,3173,5,11,10,12,1,0,1,0.09,11.8,6,5,9,4
Aridane Hernandez,Rayo Vallecano,La Liga,DF,35,14,1025,0,0,0.9,0.0,0.9,400000.0,463,527,87.9,8326,2714,2,13,6,10,1,0,0,0.08,11.4,11,0,8,2
Gabriel Bares,Montpellier,Ligue 1,MF,23,6,56,0,0,0.0,0.0,0.0,400000.0,34,40,85.0,590,199,0,2,1,0,0,0,0,0.0,0.6,2,0,0,0
Kandet Diawara,Le Havre,Ligue 1,FW,24,1,4,0,0,0.0,0.0,0.0,400000.0,1,2,50.0,6,0,0,0,0,1,0,0,0,0.0,0.0,0,0,0,0
Iker Benito,Osasuna,La Liga,FW,21,2,37,0,0,0.0,0.0,0.0,400000.0,9,13,69.2,128,7,1,0,1,0,0,0,0,0.09,0.4,0,0,0,0
Ayman Azhil,Dortmund,Bundesliga,MF,23,1,24,0,0,0.0,0.0,0.0,400000.0,3,4,75.0,32,17,0,1,0,0,1,0,0,0.0,0.3,1,0,0,0
Gregoire Coudert,Brest,Ligue 1,GK,25,2,180,0,0,0.0,0.0,0.0,400000.0,54,68,79.4,1376,933,0,0,0,0,0,0,0,0.0,2.0,0,0,0,0
Jakub Stolarczyk,Leicester City,Premier League,GK,23,10,900,0,0,0.0,0.0,0.0,400000.0,238,386,61.7,6215,4560,0,2,0,0,1,0,0,0.0,10.0,1,0,0,0
Nikolas Nartey,Stuttgart,Bundesliga,MF,24,1,22,0,0,0.0,0.0,0.0,400000.0,4,5,80.0,60,27,0,0,0,0,0,0,0,0.0,0.2,0,0,0,0
Lewis Orford,West Ham,Premier League,MF,18,2,49,0,0,0.0,0.0,0.0,400000.0,33,38,86.8,583,83,2,0,1,1,0,0,0,0.09,0.5,0,1,1,0
Nicola Sansone,Lecce,Serie A,MF,32,5,65,0,0,0.2,0.0,0.2,400000.0,18,22,81.8,294,98,1,0,0,0,1,0,0,0.36,0.7,0,0,3,1
Leandro Chichizola,Parma,Serie A,GK,34,1,90,0,0,0.0,0.0,0.0,400000.0,36,50,72.0,854,507,0,0,0,0,0,0,0,0.0,1.0,0,0,0,0
Aleksandar Sedlar,Alaves,La Liga,DF,32,9,594,0,0,0.0,0.0,0.0,400000.0,195,236,82.6,3966,1454,0,18,10,2,1,1,0,0.0,6.6,10,0,1,0
George Edmundson,Ipswich Town,Premier League,DF,26,1,2,0,0,0.0,0.0,0.0,400000.0,1,2,50.0,9,0,0,0,0,0,0,0,0,0.0,0.0,0,0,0,0
Daniel Oyegoke,Hellas Verona,Serie A,DF,21,5,103,0,0,0.0,0.0,0.0,400000.0,32,46,69.6,421,208,0,2,1,1,1,0,0,0.03,1.1,2,0,1,0
Alessio Iovine,Como,Serie A,DF,33,10,387,0,0,0.0,0.2,0.0,400000.0,170,226,75.2,3106,912,3,5,3,7,2,0,0,0.06,4.3,2,3,1,0
Thomas Dahne,Holstein Kiel,Bundesliga,GK,30,9,810,0,0,0.0,0.0,0.0,400000.0,304,395,77.0,7965,5004,0,0,0,0,0,0,0,0.0,9.0,0,0,0,0
Viggo Gebel,RB Leipzig,Bundesliga,MF,16,1,14,0,0,0.0,0.0,0.0,350000.0,3,4,75.0,43,11,0,0,0,0,0,0,0,0.0,0.2,0,0,0,0
Timothy Chandler,Eint Frankfurt,Bundesliga,DF,34,3,24,0,0,0.0,0.0,0.0,350000.0,17,24,70.8,313,132,0,0,3,0,0,0,0,0.0,0.3,0,0,0,0
Abdoulaye Bamba,Angers,Ligue 1,DF,34,19,1510,0,0,0.1,0.3,0.1,350000.0,518,585,88.5,10459,3330,6,22,19,14,2,0,0,0.02,16.8,12,3,1,0
Florent Hanin,Angers,Ligue 1,DF,34,33,2672,1,2,0.9,1.9,0.9,350000.0,1282,1654,77.5,20970,8837,25,69,47,31,2,0,3,0.1,29.7,48,21,11,1
Theo De Percin,Auxerre,Ligue 1,GK,23,2,180,0,0,0.0,0.0,0.0,300000.0,31,58,53.4,1059,852,0,0,0,0,0,0,0,0.0,2.0,0,0,0,0
Diego,Leganes,La Liga,FW,24,28,1195,3,0,3.8,0.2,3.8,300000.0,121,192,63.0,1679,322,6,1,2,4,2,0,3,0.3,13.3,1,1,29,9
Tobias Sippel,Gladbach,Bundesliga,GK,36,1,59,0,0,0.0,0.0,0.0,300000.0,20,34,58.8,827,694,0,0,0,0,0,0,0,0.0,0.7,0,0,0,0
Justin Bourgault,Brest,Ligue 1,DF,18,2,122,1,0,0.1,0.1,0.1,300000.0,54,74,73.0,961,297,1,2,0,0,0,0,1,0.15,1.4,1,1,2,1
Alex Dominguez,Toulouse,Ligue 1,GK,26,1,19,0,0,0.0,0.0,0.0,300000.0,8,11,72.7,255,195,0,0,0,0,0,0,0,0.0,0.2,0,0,0,0
Yanis Issoufou,Montpellier,Ligue 1,MF,17,4,77,0,0,0.1,0.0,0.1,300000.0,10,20,50.0,131,32,0,6,0,1,0,0,0,0.07,0.9,4,0,2,0
Alberto Manzoni,Atalanta,Serie A,MF,19,1,6,0,0,0.1,0.0,0.1,300000.0,11,12,91.7,196,29,0,0,0,0,0,0,0,0.94,0.1,0,0,1,0
Amidou Doumbouya,Nice,Ligue 1,DF,16,2,46,0,0,0.0,0.0,0.0,300000.0,19,25,76.0,252,66,0,1,1,3,0,0,0,0.0,0.5,1,0,0,0
Andreas Albers,St. Pauli,Bundesliga,FW,34,14,62,1,0,0.6,0.1,0.6,300000.0,15,29,51.7,233,47,2,1,0,0,0,0,1,1.04,0.7,1,0,3,1
Mateusz Kowalski,Parma,Serie A,MF,19,1,56,0,0,0.4,0.0,0.4,300000.0,8,12,66.7,95,24,0,0,0,1,0,0,0,0.69,0.6,0,0,1,0
Abdoulaye Keita,Getafe,La Liga,FW,21,3,95,0,0,0.0,0.0,0.0,300000.0,15,27,55.6,257,66,0,2,0,1,0,0,0,0.05,1.1,2,1,2,0
Junior Ajayi,Hellas Verona,Serie A,FW,19,2,13,0,0,0.0,0.0,0.0,300000.0,4,4,100.0,74,18,0,0,0,0,0,0,0,0.0,0.1,0,0,0,0
Thomas Keller,Heidenheim,Bundesliga,DF,24,6,148,0,0,0.0,0.0,0.0,300000.0,71,89,79.8,1388,474,0,6,4,3,2,0,0,0.01,1.6,5,0,1,0
Daniel Luna,Mallorca,La Liga,MF,21,2,20,0,0,0.0,0.0,0.0,300000.0,8,13,61.5,88,16,0,0,0,1,0,0,0,0.0,0.2,0,0,0,0
Kenedy,Valladolid,La Liga,MF,28,2,9,0,0,0.0,0.0,0.0,300000.0,1,2,50.0,10,0,0,0,0,1,0,0,0,0.29,0.1,0,0,1,0
Justin Smith,Espanyol,La Liga,MF,21,5,209,0,0,0.0,0.0,0.0,300000.0,40,61,65.6,654,165,1,9,4,5,0,0,0,0.02,2.3,3,0,0,0
James Abankwah,Udinese,Serie A,DF,20,6,88,0,0,0.1,0.0,0.1,300000.0,36,46,78.3,614,206,0,4,1,2,1,0,0,0.06,1.0,2,0,1,0
Zinedine Ould Khaled,Angers,Ligue 1,MF,24,10,343,0,0,0.0,0.0,0.0,300000.0,112,123,91.1,1885,405,0,9,2,6,1,0,0,0.01,3.8,7,0,1,1
Ryan Trevitt,Brentford,Premier League,MF,21,1,4,0,0,0.0,0.0,0.0,275000.0,4,7,57.1,73,23,0,1,0,0,0,0,0,0.0,0.0,1,0,0,0
Douglas,Nantes,Ligue 1,MF,27,28,2307,4,2,3.4,1.5,3.4,250000.0,1029,1190,86.5,17476,5382,15,69,32,51,8,0,6,0.19,25.6,42,1,36,14
Alfie Pond,Wolves,Premier League,DF,20,1,1,0,0,0.0,0.0,0.0,250000.0,1,1,100.0,23,0,0,0,0,0,0,0,0,0.0,0.0,0,0,0,0
Melvin Zinga,Angers,Ligue 1,GK,22,1,90,0,0,0.0,0.0,0.0,250000.0,21,33,63.6,541,361,0,0,0,0,0,0,0,0.0,1.0,0,0,0,0
Tyler Fredricson,Manchester Utd,Premier League,DF,19,2,165,0,0,0.0,0.0,0.0,250000.0,110,122,90.2,1932,434,0,5,1,2,0,0,0,0.0,1.8,3,0,0,0
Saad El Haddad,Venezia,Serie A,MF,19,3,30,0,0,0.0,0.0,0.0,250000.0,11,14,78.6,169,13,1,0,0,0,0,0,0,0.07,0.3,0,0,0,0
Pablo Garcia,Betis,La Liga,FW,17,3,38,0,0,0.0,0.0,0.0,250000.0,10,14,71.4,186,18,0,0,0,1,0,0,0,0.0,0.4,0,0,0,0
Simone Perilli,Hellas Verona,Serie A,GK,29,2,180,0,0,0.0,0.0,0.0,200000.0,13,49,26.5,621,573,0,0,0,0,0,0,0,0.0,2.0,0,0,0,0
Alex Padilla,Athletic Club,La Liga,GK,20,5,321,0,0,0.0,0.0,0.0,200000.0,67,121,55.4,2317,1964,0,0,0,0,0,0,0,0.0,3.6,0,0,0,0
Lasse Riess,Mainz 05,Bundesliga,GK,23,2,180,0,0,0.0,0.0,0.0,200000.0,53,84,63.1,1674,1331,0,0,0,0,0,0,0,0.0,2.0,0,0,0,0
Eros Maddy,Auxerre,Ligue 1,DF,23,2,15,0,0,0.0,0.1,0.0,200000.0,6,6,100.0,67,22,1,0,0,0,1,0,0,0.52,0.2,0,0,0,0
Hamidou Makalou,Brest,Ligue 1,FW,18,4,32,0,0,0.0,0.0,0.0,200000.0,17,18,94.4,211,58,0,0,0,0,0,0,0,0.0,0.4,0,0,0,0
Darryl Bakola,Marseille,Ligue 1,DF,16,2,14,0,0,0.0,0.0,0.0,200000.0,12,13,92.3,159,40,0,1,0,0,1,0,0,0.0,0.2,1,0,0,0
Alois Confais,Le Havre,Ligue 1,MF,27,1,3,0,0,0.0,0.0,0.0,200000.0,1,2,50.0,10,0,0,0,0,0,0,0,0,0.0,0.0,0,0,0,0
Tom King,Wolves,Premier League,GK,29,1,1,0,0,0.0,0.0,0.0,200000.0,0,1,0.0,0,0,0,0,0,0,0,0,0,0.0,0.0,0,0,0,0
Saimon Bouabre,Monaco,Ligue 1,MF,18,3,97,0,0,0.0,0.0,0.0,200000.0,20,29,69.0,318,67,0,1,0,1,0,0,0,0.0,1.1,0,0,0,0
Mario Maroto,Valladolid,La Liga,MF,20,2,64,0,1,0.0,0.1,0.0,200000.0,31,41,75.6,568,112,1,0,2,0,0,0,1,0.12,0.7,0,0,1,0
Alberto Risco,Getafe,La Liga,MF,18,5,69,0,0,0.2,0.1,0.2,200000.0,25,34,73.5,340,98,4,4,0,2,0,0,0,0.41,0.8,4,3,4,1
Yoel Lago,Celta Vigo,La Liga,DF,20,8,583,0,1,0.0,0.1,0.0,200000.0,394,426,92.5,7470,2948,1,12,4,5,2,0,1,0.02,6.5,8,0,0,0
Savio,Manchester City,Premier League,FW,20,29,1766,1,8,5.0,6.9,5.0,200000.0,692,856,80.8,10296,1727,46,23,6,14,3,0,9,0.61,19.6,17,8,55,21
Pierrick Capelle,Angers,Ligue 1,MF,37,16,483,0,0,0.2,1.2,0.2,200000.0,185,231,80.1,3185,808,5,24,11,4,4,0,0,0.26,5.4,17,1,6,0
Mathieu Gorgelin,Le Havre,Ligue 1,GK,33,16,1440,0,0,0.0,0.0,0.0,200000.0,417,536,77.8,11316,7296,0,2,0,0,2,0,0,0.0,16.0,2,0,0,0
Norman Theuerkauf,Heidenheim,Bundesliga,MF,37,1,22,0,0,0.0,0.0,0.0,175000.0,17,20,85.0,298,71,0,0,0,0,0,0,0,0.14,0.2,0,0,1,0
Chema,Real Madrid,La Liga,MF,19,2,12,0,0,0.0,0.0,0.0,150000.0,1,1,100.0,16,0,0,0,0,0,0,0,0,0.0,0.1,0,0,0,0
Aaron Malouda,Lille,Ligue 1,FW,18,1,2,0,0,0.0,0.0,0.0,150000.0,0,0,0.0,0,0,0,0,0,0,0,0,0,0.0,0.0,0,0,0,0
Daniele Padelli,Udinese,Serie A,GK,38,1,90,0,0,0.0,0.0,0.0,150000.0,15,20,75.0,344,255,0,0,0,0,0,0,0,0.0,1.0,0,0,0,0
Arturo Rodriguez,Las Palmas,La Liga,FW,17,1,21,0,0,0.0,0.0,0.0,150000.0,5,7,71.4,56,0,0,0,0,0,0,0,0,0.0,0.2,0,0,0,0
Aristide Zossou,Auxerre,Ligue 1,MF,19,3,16,0,0,0.0,0.0,0.0,100000.0,16,18,88.9,230,35,0,0,0,0,0,0,0,0.0,0.2,0,0,0,0
Nathan Butler-Oyedeji,Arsenal,Premier League,FW,21,1,7,0,0,0.1,0.0,0.1,100000.0,0,0,0.0,0,0,0,0,0,0,0,0,0,0.94,0.1,0,0,1,1
Martial Godo,Fulham,Premier League,FW,21,2,24,0,0,0.0,0.1,0.0,100000.0,12,17,70.6,214,53,1,0,1,1,0,0,0,0.21,0.3,0,0,0,0
Tom Pouilly,Lens,Ligue 1,DF,21,10,273,0,0,0.4,0.4,0.4,100000.0,171,218,78.4,2634,802,3,9,4,5,1,0,0,0.28,3.0,6,4,5,2
Nabil Aberdin,Getafe,La Liga,MF,21,7,263,0,0,0.0,0.0,0.0,100000.0,36,61,59.0,680,267,1,6,0,3,1,0,0,0.02,2.9,4,0,2,0
Giuseppe Ciocci,Cagliari,Serie A,GK,22,1,9,0,0,0.0,0.0,0.0,100000.0,1,1,100.0,6,6,0,0,0,0,0,0,0,0.0,0.1,0,0,0,0
Daniele Sommariva,Genoa,Serie A,GK,27,1,28,0,0,0.0,0.0,0.0,100000.0,5,15,33.3,144,107,0,0,0,0,0,0,0,0.0,0.3,0,0,0,0
Jacobo Ramon,Real Madrid,La Liga,DF,19,3,204,1,0,0.2,0.2,0.2,100000.0,84,90,93.3,1402,513,1,7,3,1,1,0,1,0.16,2.3,3,0,2,1
Adrian Rodriguez,Alaves,La Liga,GK,23,2,122,0,0,0.0,0.0,0.0,100000.0,19,50,38.0,1160,1084,0,0,0,0,1,0,0,0.0,1.4,0,0,0,0
Issiaga Camara,Nice,Ligue 1,MF,19,4,20,0,0,0.0,0.0,0.0,100000.0,15,16,93.8,197,57,0,2,3,0,0,0,0,0.0,0.2,1,0,0,0
Andrea Mazza,Monza,Serie A,GK,20,1,8,0,0,0.0,0.0,0.0,75000.0,6,7,85.7,134,94,0,0,0,0,0,0,0,0.0,0.1,0,0,0,0
Edhy Zuliani,Toulouse,Ligue 1,DF,19,1,9,0,0,0.0,0.0,0.0,50000.0,2,2,100.0,22,0,0,0,1,0,0,0,0,0.0,0.1,0,0,0,0
Pica,Alaves,La Liga,DF,22,9,499,0,0,0.3,0.0,0.3,50000.0,155,201,77.1,3111,1328,1,9,9,7,1,0,0,0.06,5.5,7,0,4,1
Junior Ndiaye,Montpellier,Ligue 1,FW,19,15,441,0,0,0.5,0.4,0.5,50000.0,57,80,71.3,757,112,5,3,0,2,0,0,0,0.19,4.9,2,0,5,2
Ousmane Toure,Lille,Ligue 1,DF,19,1,6,0,0,0.0,0.0,0.0,50000.0,4,6,66.7,92,47,0,0,1,0,0,0,0,0.0,0.1,0,0,0,0
Alejandro Rodriguez,Lyon,Ligue 1,MF,16,1,20,0,0,0.0,0.0,0.0,50000.0,1,2,50.0,16,0,0,0,0,0,0,0,0,0.0,0.2,0,0,0,0
David Preu,Union Berlin,Bundesliga,MF,19,5,121,0,0,0.1,0.0,0.1,25000.0,20,37,54.1,323,131,0,1,0,4,1,0,0,0.1,1.3,1,0,2,0
